ISO-10303-21;
HEADER;
/****************************************************************
 * Generated by software with PDElib inside                    *
 * PDElib Version v51a, created Wed 11/30/2011                  *
 * ITI Transcendata (http://www.transcendata.com/)              *
 ****************************************************************/
FILE_DESCRIPTION((''),'2;1');
FILE_NAME('\\\\Tk106\\\X2\5171752830B530FC30D030FC\X0\\\01_\X2\88FD54C130C730FC30BF\X0\\\T\\TW\\\X2\88FD4F5C56F39762\X0\\\3D\X2\30C730FC30BF\X0\\\tw5-3-7\\tw5-3-7.stp','2013-05-23T16:13:47',('\X2\FFFDFFFDFFFDFFFD\X0\'),(''),'Autodesk Inventor 2013','Autodesk Inventor 2013','');
FILE_SCHEMA(('AUTOMOTIVE_DESIGN { 1 0 10303 214 1 1 1 1 }'));
ENDSEC;
DATA;
#5=APPLICATION_CONTEXT('automotive design');
#6=APPLICATION_PROTOCOL_DEFINITION('International Standard','automotive_design',2001,#5);
#7=PRODUCT_CONTEXT('',#5,'mechanical');
#8=PRODUCT('tw5-3-7','tw5-3-7',$,(#7));
#9=PRODUCT_RELATED_PRODUCT_CATEGORY('part',$,(#8));
#10=PRODUCT_DEFINITION_FORMATION('',$,#8);
#11=PRODUCT_DEFINITION_CONTEXT('part definition',#5,'design');
#12=PRODUCT_DEFINITION('',$,#10,#11);
#18=(NAMED_UNIT(*)PLANE_ANGLE_UNIT()SI_UNIT($,.RADIAN.));
#19=DIMENSIONAL_EXPONENTS(0.0,0.0,0.0,0.0,0.0,0.0,0.0);
#20=PLANE_ANGLE_MEASURE_WITH_UNIT(PLANE_ANGLE_MEASURE(0.0174532925),#18);
#24=(CONVERSION_BASED_UNIT('DEGREE',#20)NAMED_UNIT(#19)PLANE_ANGLE_UNIT());
#28=(NAMED_UNIT(*)SI_UNIT($,.STERADIAN.)SOLID_ANGLE_UNIT());
#32=(LENGTH_UNIT()NAMED_UNIT(*)SI_UNIT(.MILLI.,.METRE.));
#34=UNCERTAINTY_MEASURE_WITH_UNIT(LENGTH_MEASURE(0.01),#32,'DISTANCE_ACCURACY_VALUE','');
#36=(GEOMETRIC_REPRESENTATION_CONTEXT(3)GLOBAL_UNCERTAINTY_ASSIGNED_CONTEXT((#34))GLOBAL_UNIT_ASSIGNED_CONTEXT((#24,#28,#32))REPRESENTATION_CONTEXT('None','None'));
#37=AXIS2_PLACEMENT_3D('',#38,#39,#40);
#38=CARTESIAN_POINT('',(0.0,0.0,0.0));
#39=DIRECTION('',(0.0,0.0,1.0));
#40=DIRECTION('',(1.0,0.0,0.0));
#41=SHAPE_REPRESENTATION('',(#37,#3142,#5813),#36);
#42=PRODUCT_DEFINITION_SHAPE('','',#12);
#43=SHAPE_DEFINITION_REPRESENTATION(#42,#41);
#44=APPLICATION_CONTEXT('automotive design');
#45=APPLICATION_PROTOCOL_DEFINITION('International Standard','automotive_design',2001,#44);
#46=PRODUCT_CONTEXT('',#44,'mechanical');
#47=PRODUCT('tw5-3-7(\X2\4E0BFF76FF8AFF9EFF70\X0\)','tw5-3-7(\X2\4E0BFF76FF8AFF9EFF70\X0\)',$,(#46));
#48=PRODUCT_RELATED_PRODUCT_CATEGORY('part',$,(#47));
#49=PRODUCT_DEFINITION_FORMATION('',$,#47);
#50=PRODUCT_DEFINITION_CONTEXT('part definition',#44,'design');
#51=PRODUCT_DEFINITION('',$,#49,#50);
#57=(NAMED_UNIT(*)PLANE_ANGLE_UNIT()SI_UNIT($,.RADIAN.));
#58=DIMENSIONAL_EXPONENTS(0.0,0.0,0.0,0.0,0.0,0.0,0.0);
#59=PLANE_ANGLE_MEASURE_WITH_UNIT(PLANE_ANGLE_MEASURE(0.0174532925),#57);
#63=(CONVERSION_BASED_UNIT('DEGREE',#59)NAMED_UNIT(#58)PLANE_ANGLE_UNIT());
#67=(NAMED_UNIT(*)SI_UNIT($,.STERADIAN.)SOLID_ANGLE_UNIT());
#71=(LENGTH_UNIT()NAMED_UNIT(*)SI_UNIT(.MILLI.,.METRE.));
#73=UNCERTAINTY_MEASURE_WITH_UNIT(LENGTH_MEASURE(0.01),#71,'DISTANCE_ACCURACY_VALUE','');
#75=(GEOMETRIC_REPRESENTATION_CONTEXT(3)GLOBAL_UNCERTAINTY_ASSIGNED_CONTEXT((#73))GLOBAL_UNIT_ASSIGNED_CONTEXT((#63,#67,#71))REPRESENTATION_CONTEXT('None','None'));
#76=AXIS2_PLACEMENT_3D('',#77,#78,#79);
#77=CARTESIAN_POINT('',(0.0,0.0,0.0));
#78=DIRECTION('',(0.0,0.0,1.0));
#79=DIRECTION('',(1.0,0.0,0.0));
#80=SHAPE_REPRESENTATION('',(#76),#75);
#81=PRODUCT_DEFINITION_SHAPE('','',#51);
#82=SHAPE_DEFINITION_REPRESENTATION(#81,#80);
#88=(NAMED_UNIT(*)PLANE_ANGLE_UNIT()SI_UNIT($,.RADIAN.));
#89=DIMENSIONAL_EXPONENTS(0.0,0.0,0.0,0.0,0.0,0.0,0.0);
#90=PLANE_ANGLE_MEASURE_WITH_UNIT(PLANE_ANGLE_MEASURE(0.0174532925),#88);
#94=(CONVERSION_BASED_UNIT('DEGREE',#90)NAMED_UNIT(#89)PLANE_ANGLE_UNIT());
#98=(NAMED_UNIT(*)SI_UNIT($,.STERADIAN.)SOLID_ANGLE_UNIT());
#102=(LENGTH_UNIT()NAMED_UNIT(*)SI_UNIT(.MILLI.,.METRE.));
#104=UNCERTAINTY_MEASURE_WITH_UNIT(LENGTH_MEASURE(0.000001),#102,'DISTANCE_ACCURACY_VALUE','');
#106=(GEOMETRIC_REPRESENTATION_CONTEXT(3)GLOBAL_UNCERTAINTY_ASSIGNED_CONTEXT((#104))GLOBAL_UNIT_ASSIGNED_CONTEXT((#94,#98,#102))REPRESENTATION_CONTEXT('','3D'));
#107=CARTESIAN_POINT('',(21.866295090390224,-31.866295090390228,3.499999999999997));
#108=DIRECTION('',(0.0,0.0,1.0));
#109=DIRECTION('',(1.0,0.0,0.0));
#110=AXIS2_PLACEMENT_3D('',#107,#108,#109);
#111=PLANE('',#110);
#112=CARTESIAN_POINT('',(22.205227968899983,-32.629492037611925,3.499999999999999));
#113=VERTEX_POINT('',#112);
#114=CARTESIAN_POINT('',(22.629492037611911,-32.20522796889999,3.499999999999999));
#115=VERTEX_POINT('',#114);
#116=CARTESIAN_POINT('',(21.376862990330633,-31.37686299033065,3.499999999999997));
#117=DIRECTION('',(0.0,0.0,1.0));
#118=DIRECTION('',(0.707106781186546,-0.70710678118655,0.0));
#119=AXIS2_PLACEMENT_3D('',#116,#117,#118);
#120=ELLIPSE('',#119,1.501828076258575,1.5);
#121=EDGE_CURVE('',#113,#115,#120,.T.);
#122=ORIENTED_EDGE('',*,*,#121,.F.);
#123=CARTESIAN_POINT('',(20.792860843122462,-31.217124911834389,3.499999999999999));
#124=VERTEX_POINT('',#123);
#125=CARTESIAN_POINT('',(20.792860843122458,-31.217124911834393,3.499999999999999));
#126=DIRECTION('',(0.707106781186546,-0.707106781186549,0.0));
#127=VECTOR('',#126,1.997388744324488);
#128=LINE('',#125,#127);
#129=EDGE_CURVE('',#124,#113,#128,.T.);
#130=ORIENTED_EDGE('',*,*,#129,.F.);
#131=CARTESIAN_POINT('',(21.217124911834389,-30.792860843122462,3.499999999999999));
#132=VERTEX_POINT('',#131);
#133=CARTESIAN_POINT('',(19.25,-29.250000000000004,3.499999999999996));
#134=DIRECTION('',(0.0,0.0,-1.0));
#135=DIRECTION('',(1.0,0.0,0.0));
#136=AXIS2_PLACEMENT_3D('',#133,#134,#135);
#137=CIRCLE('',#136,2.5);
#138=EDGE_CURVE('',#132,#124,#137,.T.);
#139=ORIENTED_EDGE('',*,*,#138,.F.);
#140=CARTESIAN_POINT('',(22.629492037611907,-32.205227968899983,3.499999999999999));
#141=DIRECTION('',(-0.707106781186547,0.707106781186548,0.0));
#142=VECTOR('',#141,1.99738874432448);
#143=LINE('',#140,#142);
#144=EDGE_CURVE('',#115,#132,#143,.T.);
#145=ORIENTED_EDGE('',*,*,#144,.F.);
#146=EDGE_LOOP('',(#122,#130,#139,#145));
#147=FACE_OUTER_BOUND('',#146,.T.);
#148=ADVANCED_FACE('',(#147),#111,.F.);
#149=CARTESIAN_POINT('',(22.856244584051385,-33.280508652763324,3.499999999999999));
#150=DIRECTION('',(-0.707106781186549,-0.707106781186546,0.0));
#151=DIRECTION('',(0.0,0.0,1.0));
#152=AXIS2_PLACEMENT_3D('',#149,#150,#151);
#153=PLANE('',#152);
#154=CARTESIAN_POINT('',(21.558349894933819,-31.98261396364575,22.024164369259815));
#155=VERTEX_POINT('',#154);
#156=CARTESIAN_POINT('',(21.558349894933816,-31.982613963645758,22.024164369259815));
#157=DIRECTION('',(0.034878262742375,-0.034878262742375,-0.998782765958718));
#158=VECTOR('',#157,18.546740092655401);
#159=LINE('',#156,#158);
#160=EDGE_CURVE('',#155,#113,#159,.T.);
#161=ORIENTED_EDGE('',*,*,#160,.F.);
#162=CARTESIAN_POINT('',(21.194055668440612,-31.61831973715254,22.5));
#163=VERTEX_POINT('',#162);
#164=CARTESIAN_POINT('',(21.194055668440612,-31.618319737152547,22.5));
#165=CARTESIAN_POINT('',(21.239667150804173,-31.663931219516108,22.5));
#166=CARTESIAN_POINT('',(21.284878641957398,-31.709142710578561,22.488643468804913));
#167=CARTESIAN_POINT('',(21.371270906361687,-31.79553497498285,22.442636328691982));
#168=CARTESIAN_POINT('',(21.411435777434033,-31.835699846131241,22.407854795877917));
#169=CARTESIAN_POINT('',(21.479308775810964,-31.903572844508172,22.319260742524129));
#170=CARTESIAN_POINT('',(21.506564473019058,-31.930828541730719,22.266801912118144));
#171=CARTESIAN_POINT('',(21.545094261903831,-31.969358330615488,22.150494419762513));
#172=CARTESIAN_POINT('',(21.556121747413606,-31.980385816125541,22.087970166000183));
#173=CARTESIAN_POINT('',(21.558349894933816,-31.98261396364575,22.024164369259815));
#174=B_SPLINE_CURVE_WITH_KNOTS('',3,(#164,#165,#166,#167,#168,#169,#170,#171,#172,#173),.UNSPECIFIED.,.F.,.U.,(4,2,2,2,4),(-0.077636466999416,-0.058327346746242,-0.038525011204844,-0.019165067394546,0.0),.UNSPECIFIED.);
#175=EDGE_CURVE('',#163,#155,#174,.T.);
#176=ORIENTED_EDGE('',*,*,#175,.F.);
#177=CARTESIAN_POINT('',(20.792860843122462,-31.217124911834389,22.5));
#178=VERTEX_POINT('',#177);
#179=CARTESIAN_POINT('',(20.792860843122462,-31.217124911834397,22.5));
#180=DIRECTION('',(0.707106781186548,-0.707106781186548,0.0));
#181=VECTOR('',#180,0.567375163118833);
#182=LINE('',#179,#181);
#183=EDGE_CURVE('',#178,#163,#182,.T.);
#184=ORIENTED_EDGE('',*,*,#183,.F.);
#185=CARTESIAN_POINT('',(20.792860843122458,-31.217124911834393,3.5));
#186=DIRECTION('',(0.0,0.0,1.0));
#187=VECTOR('',#186,19.0);
#188=LINE('',#185,#187);
#189=EDGE_CURVE('',#124,#178,#188,.T.);
#190=ORIENTED_EDGE('',*,*,#189,.F.);
#191=ORIENTED_EDGE('',*,*,#129,.T.);
#192=EDGE_LOOP('',(#161,#176,#184,#190,#191));
#193=FACE_OUTER_BOUND('',#192,.T.);
#194=ADVANCED_FACE('',(#193),#153,.T.);
#195=CARTESIAN_POINT('',(20.87634559672906,-30.452081528017132,3.499999999999999));
#196=DIRECTION('',(0.707106781186548,0.707106781186547,0.0));
#197=DIRECTION('',(0.0,0.0,-1.0));
#198=AXIS2_PLACEMENT_3D('',#195,#196,#197);
#199=PLANE('',#198);
#200=CARTESIAN_POINT('',(21.98261396364574,-31.558349894933819,22.024164369259815));
#201=VERTEX_POINT('',#200);
#202=CARTESIAN_POINT('',(22.629492037611911,-32.20522796889999,3.499999999999999));
#203=DIRECTION('',(-0.034878262742375,0.034878262742375,0.998782765958718));
#204=VECTOR('',#203,18.546740092655401);
#205=LINE('',#202,#204);
#206=EDGE_CURVE('',#115,#201,#205,.T.);
#207=ORIENTED_EDGE('',*,*,#206,.F.);
#208=ORIENTED_EDGE('',*,*,#144,.T.);
#209=CARTESIAN_POINT('',(21.217124911834389,-30.792860843122462,22.5));
#210=VERTEX_POINT('',#209);
#211=CARTESIAN_POINT('',(21.217124911834389,-30.792860843122469,22.5));
#212=DIRECTION('',(0.0,0.0,-1.0));
#213=VECTOR('',#212,19.0);
#214=LINE('',#211,#213);
#215=EDGE_CURVE('',#210,#132,#214,.T.);
#216=ORIENTED_EDGE('',*,*,#215,.F.);
#217=CARTESIAN_POINT('',(21.618319737152536,-31.194055668440612,22.5));
#218=VERTEX_POINT('',#217);
#219=CARTESIAN_POINT('',(21.618319737152532,-31.194055668440612,22.5));
#220=DIRECTION('',(-0.707106781186544,0.707106781186551,0.0));
#221=VECTOR('',#220,0.567375163118825);
#222=LINE('',#219,#221);
#223=EDGE_CURVE('',#218,#210,#222,.T.);
#224=ORIENTED_EDGE('',*,*,#223,.F.);
#225=CARTESIAN_POINT('',(21.98261396364574,-31.558349894933819,22.024164369259815));
#226=CARTESIAN_POINT('',(21.980518650846438,-31.556254582134518,22.084166277287519));
#227=CARTESIAN_POINT('',(21.970640308461896,-31.546376239729753,22.143070433359728));
#228=CARTESIAN_POINT('',(21.93628254749143,-31.512018478759284,22.253296357635342));
#229=CARTESIAN_POINT('',(21.912053664735485,-31.487789596023564,22.303560280278671));
#230=CARTESIAN_POINT('',(21.848622071778514,-31.424358003066594,22.394545819914899));
#231=CARTESIAN_POINT('',(21.808740221777974,-31.384476153066053,22.432471964619186));
#232=CARTESIAN_POINT('',(21.718443055421837,-31.294178986709916,22.48617075661361));
#233=CARTESIAN_POINT('',(21.668652474233379,-31.244388405521452,22.5));
#234=CARTESIAN_POINT('',(21.618319737152536,-31.194055668440612,22.5));
#235=B_SPLINE_CURVE_WITH_KNOTS('',3,(#225,#226,#227,#228,#229,#230,#231,#232,#233,#234),.UNSPECIFIED.,.F.,.U.,(4,2,2,2,4),(-0.077820942724067,-0.059756355112283,-0.041603454136282,-0.021354371823326,0.0),.UNSPECIFIED.);
#236=EDGE_CURVE('',#201,#218,#235,.T.);
#237=ORIENTED_EDGE('',*,*,#236,.F.);
#238=EDGE_LOOP('',(#207,#208,#216,#224,#237));
#239=FACE_OUTER_BOUND('',#238,.T.);
#240=ADVANCED_FACE('',(#239),#199,.T.);
#241=CARTESIAN_POINT('',(23.280508652763324,32.856244584051396,3.499999999999999));
#242=DIRECTION('',(0.707106781186547,-0.707106781186548,0.0));
#243=DIRECTION('',(0.0,0.0,-1.0));
#244=AXIS2_PLACEMENT_3D('',#241,#242,#243);
#245=PLANE('',#244);
#246=CARTESIAN_POINT('',(21.98261396364575,31.558349894933823,22.024164369259815));
#247=VERTEX_POINT('',#246);
#248=CARTESIAN_POINT('',(22.629492037611918,32.20522796889999,3.499999999999999));
#249=VERTEX_POINT('',#248);
#250=CARTESIAN_POINT('',(21.98261396364575,31.558349894933823,22.024164369259815));
#251=DIRECTION('',(0.034878262742375,0.034878262742375,-0.998782765958718));
#252=VECTOR('',#251,18.546740092655401);
#253=LINE('',#250,#252);
#254=EDGE_CURVE('',#247,#249,#253,.T.);
#255=ORIENTED_EDGE('',*,*,#254,.F.);
#256=CARTESIAN_POINT('',(21.618319737152547,31.194055668440619,22.5));
#257=VERTEX_POINT('',#256);
#258=CARTESIAN_POINT('',(21.618319737152547,31.194055668440619,22.5));
#259=CARTESIAN_POINT('',(21.663931219516105,31.239667150804177,22.5));
#260=CARTESIAN_POINT('',(21.709142710578561,31.284878641957402,22.488643468804916));
#261=CARTESIAN_POINT('',(21.795534974982857,31.371270906361698,22.442636328691982));
#262=CARTESIAN_POINT('',(21.835699846131252,31.411435777434043,22.40785479587791));
#263=CARTESIAN_POINT('',(21.903572844508187,31.479308775810978,22.319260742524115));
#264=CARTESIAN_POINT('',(21.930828541730726,31.506564473019072,22.26680191211813));
#265=CARTESIAN_POINT('',(21.969358330615492,31.545094261903838,22.150494419762495));
#266=CARTESIAN_POINT('',(21.980385816125541,31.556121747413609,22.087970166000176));
#267=CARTESIAN_POINT('',(21.98261396364575,31.558349894933819,22.024164369259815));
#268=B_SPLINE_CURVE_WITH_KNOTS('',3,(#258,#259,#260,#261,#262,#263,#264,#265,#266,#267),.UNSPECIFIED.,.F.,.U.,(4,2,2,2,4),(-0.077636466999385,-0.05832734674622,-0.038525011204834,-0.019165067394544,0.0),.UNSPECIFIED.);
#269=EDGE_CURVE('',#257,#247,#268,.T.);
#270=ORIENTED_EDGE('',*,*,#269,.F.);
#271=CARTESIAN_POINT('',(21.217124911834389,30.792860843122462,22.5));
#272=VERTEX_POINT('',#271);
#273=CARTESIAN_POINT('',(21.217124911834389,30.792860843122462,22.5));
#274=DIRECTION('',(0.707106781186547,0.707106781186547,0.0));
#275=VECTOR('',#274,0.567375163118843);
#276=LINE('',#273,#275);
#277=EDGE_CURVE('',#272,#257,#276,.T.);
#278=ORIENTED_EDGE('',*,*,#277,.F.);
#279=CARTESIAN_POINT('',(21.217124911834389,30.792860843122462,3.499999999999999));
#280=VERTEX_POINT('',#279);
#281=CARTESIAN_POINT('',(21.217124911834389,30.792860843122462,3.5));
#282=DIRECTION('',(0.0,0.0,1.0));
#283=VECTOR('',#282,19.0);
#284=LINE('',#281,#283);
#285=EDGE_CURVE('',#280,#272,#284,.T.);
#286=ORIENTED_EDGE('',*,*,#285,.F.);
#287=CARTESIAN_POINT('',(21.217124911834389,30.792860843122462,3.499999999999999));
#288=DIRECTION('',(0.707106781186548,0.707106781186548,0.0));
#289=VECTOR('',#288,1.997388744324488);
#290=LINE('',#287,#289);
#291=EDGE_CURVE('',#280,#249,#290,.T.);
#292=ORIENTED_EDGE('',*,*,#291,.T.);
#293=EDGE_LOOP('',(#255,#270,#278,#286,#292));
#294=FACE_OUTER_BOUND('',#293,.T.);
#295=ADVANCED_FACE('',(#294),#245,.T.);
#296=CARTESIAN_POINT('',(20.452081528017132,30.876345596729063,3.499999999999999));
#297=DIRECTION('',(-0.707106781186548,0.707106781186548,0.0));
#298=DIRECTION('',(0.0,0.0,1.0));
#299=AXIS2_PLACEMENT_3D('',#296,#297,#298);
#300=PLANE('',#299);
#301=CARTESIAN_POINT('',(22.205227968899983,32.629492037611918,3.499999999999999));
#302=VERTEX_POINT('',#301);
#303=CARTESIAN_POINT('',(21.558349894933816,31.98261396364575,22.024164369259815));
#304=VERTEX_POINT('',#303);
#305=CARTESIAN_POINT('',(22.205227968899983,32.629492037611918,3.5));
#306=DIRECTION('',(-0.034878262742375,-0.034878262742375,0.998782765958718));
#307=VECTOR('',#306,18.546740092655401);
#308=LINE('',#305,#307);
#309=EDGE_CURVE('',#302,#304,#308,.T.);
#310=ORIENTED_EDGE('',*,*,#309,.F.);
#311=CARTESIAN_POINT('',(20.792860843122458,31.217124911834389,3.499999999999999));
#312=VERTEX_POINT('',#311);
#313=CARTESIAN_POINT('',(22.205227968899987,32.629492037611911,3.499999999999999));
#314=DIRECTION('',(-0.707106781186548,-0.707106781186547,0.0));
#315=VECTOR('',#314,1.997388744324485);
#316=LINE('',#313,#315);
#317=EDGE_CURVE('',#302,#312,#316,.T.);
#318=ORIENTED_EDGE('',*,*,#317,.T.);
#319=CARTESIAN_POINT('',(20.792860843122458,31.217124911834389,22.5));
#320=VERTEX_POINT('',#319);
#321=CARTESIAN_POINT('',(20.792860843122462,31.217124911834389,22.5));
#322=DIRECTION('',(0.0,0.0,-1.0));
#323=VECTOR('',#322,19.0);
#324=LINE('',#321,#323);
#325=EDGE_CURVE('',#320,#312,#324,.T.);
#326=ORIENTED_EDGE('',*,*,#325,.F.);
#327=CARTESIAN_POINT('',(21.194055668440612,31.618319737152547,22.5));
#328=VERTEX_POINT('',#327);
#329=CARTESIAN_POINT('',(21.194055668440612,31.618319737152547,22.5));
#330=DIRECTION('',(-0.707106781186544,-0.707106781186551,0.0));
#331=VECTOR('',#330,0.567375163118835);
#332=LINE('',#329,#331);
#333=EDGE_CURVE('',#328,#320,#332,.T.);
#334=ORIENTED_EDGE('',*,*,#333,.F.);
#335=CARTESIAN_POINT('',(21.558349894933819,31.98261396364575,22.024164369259815));
#336=CARTESIAN_POINT('',(21.556254582134518,31.980518650846449,22.084166277287515));
#337=CARTESIAN_POINT('',(21.546376239729756,31.970640308461906,22.143070433359714));
#338=CARTESIAN_POINT('',(21.512018478759288,31.936282547491437,22.253296357635332));
#339=CARTESIAN_POINT('',(21.487789596023571,31.912053664735502,22.30356028027866));
#340=CARTESIAN_POINT('',(21.424358003066601,31.848622071778529,22.394545819914896));
#341=CARTESIAN_POINT('',(21.384476153066053,31.808740221777985,22.432471964619186));
#342=CARTESIAN_POINT('',(21.294178986709916,31.718443055421844,22.48617075661361));
#343=CARTESIAN_POINT('',(21.244388405521452,31.668652474233387,22.5));
#344=CARTESIAN_POINT('',(21.194055668440612,31.618319737152547,22.5));
#345=B_SPLINE_CURVE_WITH_KNOTS('',3,(#335,#336,#337,#338,#339,#340,#341,#342,#343,#344),.UNSPECIFIED.,.F.,.U.,(4,2,2,2,4),(-0.077820942724074,-0.059756355112285,-0.041603454136282,-0.021354371823326,0.0),.UNSPECIFIED.);
#346=EDGE_CURVE('',#304,#328,#345,.T.);
#347=ORIENTED_EDGE('',*,*,#346,.F.);
#348=EDGE_LOOP('',(#310,#318,#326,#334,#347));
#349=FACE_OUTER_BOUND('',#348,.T.);
#350=ADVANCED_FACE('',(#349),#300,.T.);
#351=CARTESIAN_POINT('',(21.866295090390228,31.866295090390231,3.499999999999999));
#352=DIRECTION('',(0.0,0.0,1.0));
#353=DIRECTION('',(1.0,0.0,0.0));
#354=AXIS2_PLACEMENT_3D('',#351,#352,#353);
#355=PLANE('',#354);
#356=CARTESIAN_POINT('',(21.376862990330643,31.376862990330636,3.499999999999999));
#357=DIRECTION('',(0.0,0.0,1.0));
#358=DIRECTION('',(0.707106781186547,0.707106781186547,0.0));
#359=AXIS2_PLACEMENT_3D('',#356,#357,#358);
#360=ELLIPSE('',#359,1.501828076258575,1.5);
#361=EDGE_CURVE('',#249,#302,#360,.T.);
#362=ORIENTED_EDGE('',*,*,#361,.F.);
#363=ORIENTED_EDGE('',*,*,#291,.F.);
#364=CARTESIAN_POINT('',(19.25,29.250000000000004,3.499999999999999));
#365=DIRECTION('',(0.0,0.0,-1.0));
#366=DIRECTION('',(1.0,0.0,0.0));
#367=AXIS2_PLACEMENT_3D('',#364,#365,#366);
#368=CIRCLE('',#367,2.5);
#369=EDGE_CURVE('',#312,#280,#368,.T.);
#370=ORIENTED_EDGE('',*,*,#369,.F.);
#371=ORIENTED_EDGE('',*,*,#317,.F.);
#372=EDGE_LOOP('',(#362,#363,#370,#371));
#373=FACE_OUTER_BOUND('',#372,.T.);
#374=ADVANCED_FACE('',(#373),#355,.F.);
#375=CARTESIAN_POINT('',(-21.866295090390224,-31.866295090390224,3.499999999999997));
#376=DIRECTION('',(0.0,0.0,1.0));
#377=DIRECTION('',(1.0,0.0,0.0));
#378=AXIS2_PLACEMENT_3D('',#375,#376,#377);
#379=PLANE('',#378);
#380=CARTESIAN_POINT('',(-22.629492037611922,-32.205227968899983,3.499999999999999));
#381=VERTEX_POINT('',#380);
#382=CARTESIAN_POINT('',(-22.20522796889999,-32.629492037611925,3.499999999999999));
#383=VERTEX_POINT('',#382);
#384=CARTESIAN_POINT('',(-21.376862990330636,-31.376862990330654,3.499999999999997));
#385=DIRECTION('',(0.0,0.0,1.0));
#386=DIRECTION('',(-0.707106781186547,-0.707106781186547,0.0));
#387=AXIS2_PLACEMENT_3D('',#384,#385,#386);
#388=ELLIPSE('',#387,1.501828076258575,1.5);
#389=EDGE_CURVE('',#381,#383,#388,.T.);
#390=ORIENTED_EDGE('',*,*,#389,.F.);
#391=CARTESIAN_POINT('',(-21.217124911834393,-30.792860843122458,3.499999999999999));
#392=VERTEX_POINT('',#391);
#393=CARTESIAN_POINT('',(-21.217124911834393,-30.792860843122458,3.499999999999999));
#394=DIRECTION('',(-0.707106781186548,-0.707106781186547,0.0));
#395=VECTOR('',#394,1.997388744324485);
#396=LINE('',#393,#395);
#397=EDGE_CURVE('',#392,#381,#396,.T.);
#398=ORIENTED_EDGE('',*,*,#397,.F.);
#399=CARTESIAN_POINT('',(-20.792860843122458,-31.217124911834393,3.499999999999999));
#400=VERTEX_POINT('',#399);
#401=CARTESIAN_POINT('',(-19.25,-29.250000000000004,3.499999999999996));
#402=DIRECTION('',(0.0,0.0,-1.0));
#403=DIRECTION('',(1.0,0.0,0.0));
#404=AXIS2_PLACEMENT_3D('',#401,#402,#403);
#405=CIRCLE('',#404,2.5);
#406=EDGE_CURVE('',#400,#392,#405,.T.);
#407=ORIENTED_EDGE('',*,*,#406,.F.);
#408=CARTESIAN_POINT('',(-22.205227968899987,-32.629492037611925,3.499999999999999));
#409=DIRECTION('',(0.707106781186548,0.707106781186548,0.0));
#410=VECTOR('',#409,1.997388744324493);
#411=LINE('',#408,#410);
#412=EDGE_CURVE('',#383,#400,#411,.T.);
#413=ORIENTED_EDGE('',*,*,#412,.F.);
#414=EDGE_LOOP('',(#390,#398,#407,#413));
#415=FACE_OUTER_BOUND('',#414,.T.);
#416=ADVANCED_FACE('',(#415),#379,.F.);
#417=CARTESIAN_POINT('',(-23.280508652763331,-32.856244584051389,3.499999999999999));
#418=DIRECTION('',(-0.707106781186547,0.707106781186548,0.0));
#419=DIRECTION('',(0.0,0.0,1.0));
#420=AXIS2_PLACEMENT_3D('',#417,#418,#419);
#421=PLANE('',#420);
#422=CARTESIAN_POINT('',(-21.982613963645754,-31.558349894933819,22.024164369259815));
#423=VERTEX_POINT('',#422);
#424=CARTESIAN_POINT('',(-21.982613963645758,-31.558349894933816,22.024164369259815));
#425=DIRECTION('',(-0.034878262742375,-0.034878262742375,-0.998782765958718));
#426=VECTOR('',#425,18.546740092655401);
#427=LINE('',#424,#426);
#428=EDGE_CURVE('',#423,#381,#427,.T.);
#429=ORIENTED_EDGE('',*,*,#428,.F.);
#430=CARTESIAN_POINT('',(-21.61831973715255,-31.194055668440612,22.5));
#431=VERTEX_POINT('',#430);
#432=CARTESIAN_POINT('',(-21.61831973715255,-31.194055668440612,22.5));
#433=CARTESIAN_POINT('',(-21.663931219516108,-31.23966715080417,22.5));
#434=CARTESIAN_POINT('',(-21.709142710578565,-31.284878641957398,22.488643468804916));
#435=CARTESIAN_POINT('',(-21.795534974982864,-31.371270906361698,22.442636328691975));
#436=CARTESIAN_POINT('',(-21.835699846131252,-31.411435777434036,22.407854795877906));
#437=CARTESIAN_POINT('',(-21.903572844508176,-31.479308775810964,22.319260742524129));
#438=CARTESIAN_POINT('',(-21.930828541730733,-31.506564473019061,22.26680191211814));
#439=CARTESIAN_POINT('',(-21.969358330615499,-31.545094261903831,22.150494419762509));
#440=CARTESIAN_POINT('',(-21.980385816125544,-31.556121747413606,22.087970166000179));
#441=CARTESIAN_POINT('',(-21.982613963645754,-31.558349894933816,22.024164369259815));
#442=B_SPLINE_CURVE_WITH_KNOTS('',3,(#432,#433,#434,#435,#436,#437,#438,#439,#440,#441),.UNSPECIFIED.,.F.,.U.,(4,2,2,2,4),(-0.077636466999425,-0.058327346746248,-0.038525011204846,-0.019165067394546,0.0),.UNSPECIFIED.);
#443=EDGE_CURVE('',#431,#423,#442,.T.);
#444=ORIENTED_EDGE('',*,*,#443,.F.);
#445=CARTESIAN_POINT('',(-21.217124911834393,-30.792860843122458,22.5));
#446=VERTEX_POINT('',#445);
#447=CARTESIAN_POINT('',(-21.217124911834393,-30.792860843122458,22.5));
#448=DIRECTION('',(-0.707106781186548,-0.707106781186548,0.0));
#449=VECTOR('',#448,0.567375163118838);
#450=LINE('',#447,#449);
#451=EDGE_CURVE('',#446,#431,#450,.T.);
#452=ORIENTED_EDGE('',*,*,#451,.F.);
#453=CARTESIAN_POINT('',(-21.217124911834393,-30.792860843122455,3.5));
#454=DIRECTION('',(0.0,0.0,1.0));
#455=VECTOR('',#454,19.0);
#456=LINE('',#453,#455);
#457=EDGE_CURVE('',#392,#446,#456,.T.);
#458=ORIENTED_EDGE('',*,*,#457,.F.);
#459=ORIENTED_EDGE('',*,*,#397,.T.);
#460=EDGE_LOOP('',(#429,#444,#452,#458,#459));
#461=FACE_OUTER_BOUND('',#460,.T.);
#462=ADVANCED_FACE('',(#461),#421,.T.);
#463=CARTESIAN_POINT('',(-20.452081528017128,-30.876345596729067,3.499999999999999));
#464=DIRECTION('',(0.707106781186547,-0.707106781186548,0.0));
#465=DIRECTION('',(0.0,0.0,-1.0));
#466=AXIS2_PLACEMENT_3D('',#463,#464,#465);
#467=PLANE('',#466);
#468=CARTESIAN_POINT('',(-21.558349894933823,-31.982613963645758,22.024164369259815));
#469=VERTEX_POINT('',#468);
#470=CARTESIAN_POINT('',(-22.205227968899994,-32.629492037611925,3.5));
#471=DIRECTION('',(0.034878262742375,0.034878262742375,0.998782765958718));
#472=VECTOR('',#471,18.546740092655401);
#473=LINE('',#470,#472);
#474=EDGE_CURVE('',#383,#469,#473,.T.);
#475=ORIENTED_EDGE('',*,*,#474,.F.);
#476=ORIENTED_EDGE('',*,*,#412,.T.);
#477=CARTESIAN_POINT('',(-20.792860843122458,-31.217124911834393,22.5));
#478=VERTEX_POINT('',#477);
#479=CARTESIAN_POINT('',(-20.792860843122458,-31.217124911834393,22.5));
#480=DIRECTION('',(0.0,0.0,-1.0));
#481=VECTOR('',#480,19.0);
#482=LINE('',#479,#481);
#483=EDGE_CURVE('',#478,#400,#482,.T.);
#484=ORIENTED_EDGE('',*,*,#483,.F.);
#485=CARTESIAN_POINT('',(-21.194055668440619,-31.618319737152557,22.5));
#486=VERTEX_POINT('',#485);
#487=CARTESIAN_POINT('',(-21.194055668440622,-31.618319737152561,22.5));
#488=DIRECTION('',(0.707106781186548,0.707106781186548,0.0));
#489=VECTOR('',#488,0.567375163118853);
#490=LINE('',#487,#489);
#491=EDGE_CURVE('',#486,#478,#490,.T.);
#492=ORIENTED_EDGE('',*,*,#491,.F.);
#493=CARTESIAN_POINT('',(-21.558349894933819,-31.982613963645758,22.024164369259815));
#494=CARTESIAN_POINT('',(-21.556254582134518,-31.980518650846456,22.084166277287505));
#495=CARTESIAN_POINT('',(-21.546376239729771,-31.970640308461924,22.143070433359703));
#496=CARTESIAN_POINT('',(-21.512018478759295,-31.936282547491448,22.253296357635342));
#497=CARTESIAN_POINT('',(-21.487789596023564,-31.912053664735506,22.303560280278671));
#498=CARTESIAN_POINT('',(-21.424358003066594,-31.848622071778539,22.394545819914899));
#499=CARTESIAN_POINT('',(-21.38447615306605,-31.808740221777988,22.432471964619189));
#500=CARTESIAN_POINT('',(-21.294178986709916,-31.718443055421854,22.48617075661361));
#501=CARTESIAN_POINT('',(-21.244388405521455,-31.668652474233397,22.5));
#502=CARTESIAN_POINT('',(-21.194055668440615,-31.618319737152554,22.5));
#503=B_SPLINE_CURVE_WITH_KNOTS('',3,(#493,#494,#495,#496,#497,#498,#499,#500,#501,#502),.UNSPECIFIED.,.F.,.U.,(4,2,2,2,4),(-0.077820942724064,-0.059756355112278,-0.04160345413628,-0.021354371823327,0.0),.UNSPECIFIED.);
#504=EDGE_CURVE('',#469,#486,#503,.T.);
#505=ORIENTED_EDGE('',*,*,#504,.F.);
#506=EDGE_LOOP('',(#475,#476,#484,#492,#505));
#507=FACE_OUTER_BOUND('',#506,.T.);
#508=ADVANCED_FACE('',(#507),#467,.T.);
#509=CARTESIAN_POINT('',(-22.856244584051385,33.280508652763331,3.499999999999999));
#510=DIRECTION('',(0.707106781186549,0.707106781186546,0.0));
#511=DIRECTION('',(0.0,0.0,-1.0));
#512=AXIS2_PLACEMENT_3D('',#509,#510,#511);
#513=PLANE('',#512);
#514=CARTESIAN_POINT('',(-21.558349894933812,31.982613963645747,22.024164369259815));
#515=VERTEX_POINT('',#514);
#516=CARTESIAN_POINT('',(-22.205227968899976,32.629492037611918,3.499999999999999));
#517=VERTEX_POINT('',#516);
#518=CARTESIAN_POINT('',(-21.558349894933809,31.98261396364575,22.024164369259815));
#519=DIRECTION('',(-0.034878262742375,0.034878262742375,-0.998782765958718));
#520=VECTOR('',#519,18.546740092655401);
#521=LINE('',#518,#520);
#522=EDGE_CURVE('',#515,#517,#521,.T.);
#523=ORIENTED_EDGE('',*,*,#522,.F.);
#524=CARTESIAN_POINT('',(-21.194055668440598,31.618319737152536,22.5));
#525=VERTEX_POINT('',#524);
#526=CARTESIAN_POINT('',(-21.194055668440601,31.618319737152536,22.5));
#527=CARTESIAN_POINT('',(-21.239667150804159,31.663931219516094,22.5));
#528=CARTESIAN_POINT('',(-21.284878641957384,31.709142710578551,22.488643468804913));
#529=CARTESIAN_POINT('',(-21.371270906361669,31.795534974982836,22.442636328691986));
#530=CARTESIAN_POINT('',(-21.411435777434022,31.835699846131238,22.40785479587792));
#531=CARTESIAN_POINT('',(-21.47930877581096,31.903572844508176,22.319260742524122));
#532=CARTESIAN_POINT('',(-21.506564473019054,31.930828541730712,22.266801912118133));
#533=CARTESIAN_POINT('',(-21.545094261903827,31.969358330615485,22.150494419762502));
#534=CARTESIAN_POINT('',(-21.556121747413599,31.980385816125537,22.087970166000179));
#535=CARTESIAN_POINT('',(-21.558349894933805,31.982613963645747,22.024164369259815));
#536=B_SPLINE_CURVE_WITH_KNOTS('',3,(#526,#527,#528,#529,#530,#531,#532,#533,#534,#535),.UNSPECIFIED.,.F.,.U.,(4,2,2,2,4),(-0.077636466999405,-0.058327346746231,-0.038525011204839,-0.019165067394545,0.0),.UNSPECIFIED.);
#537=EDGE_CURVE('',#525,#515,#536,.T.);
#538=ORIENTED_EDGE('',*,*,#537,.F.);
#539=CARTESIAN_POINT('',(-20.792860843122458,31.217124911834393,22.5));
#540=VERTEX_POINT('',#539);
#541=CARTESIAN_POINT('',(-20.792860843122458,31.217124911834393,22.5));
#542=DIRECTION('',(-0.707106781186544,0.707106781186551,0.0));
#543=VECTOR('',#542,0.567375163118825);
#544=LINE('',#541,#543);
#545=EDGE_CURVE('',#540,#525,#544,.T.);
#546=ORIENTED_EDGE('',*,*,#545,.F.);
#547=CARTESIAN_POINT('',(-20.792860843122458,31.217124911834393,3.499999999999999));
#548=VERTEX_POINT('',#547);
#549=CARTESIAN_POINT('',(-20.792860843122458,31.217124911834393,3.5));
#550=DIRECTION('',(0.0,0.0,1.0));
#551=VECTOR('',#550,19.0);
#552=LINE('',#549,#551);
#553=EDGE_CURVE('',#548,#540,#552,.T.);
#554=ORIENTED_EDGE('',*,*,#553,.F.);
#555=CARTESIAN_POINT('',(-20.792860843122458,31.217124911834393,3.499999999999999));
#556=DIRECTION('',(-0.707106781186546,0.707106781186549,0.0));
#557=VECTOR('',#556,1.997388744324478);
#558=LINE('',#555,#557);
#559=EDGE_CURVE('',#548,#517,#558,.T.);
#560=ORIENTED_EDGE('',*,*,#559,.T.);
#561=EDGE_LOOP('',(#523,#538,#546,#554,#560));
#562=FACE_OUTER_BOUND('',#561,.T.);
#563=ADVANCED_FACE('',(#562),#513,.T.);
#564=CARTESIAN_POINT('',(-20.87634559672906,30.452081528017128,3.499999999999999));
#565=DIRECTION('',(-0.707106781186549,-0.707106781186546,0.0));
#566=DIRECTION('',(0.0,0.0,1.0));
#567=AXIS2_PLACEMENT_3D('',#564,#565,#566);
#568=PLANE('',#567);
#569=CARTESIAN_POINT('',(-22.629492037611914,32.20522796889999,3.499999999999999));
#570=VERTEX_POINT('',#569);
#571=CARTESIAN_POINT('',(-21.982613963645747,31.558349894933819,22.024164369259815));
#572=VERTEX_POINT('',#571);
#573=CARTESIAN_POINT('',(-22.629492037611911,32.20522796889999,3.499999999999999));
#574=DIRECTION('',(0.034878262742375,-0.034878262742375,0.998782765958718));
#575=VECTOR('',#574,18.546740092655401);
#576=LINE('',#573,#575);
#577=EDGE_CURVE('',#570,#572,#576,.T.);
#578=ORIENTED_EDGE('',*,*,#577,.F.);
#579=CARTESIAN_POINT('',(-21.217124911834393,30.792860843122458,3.499999999999999));
#580=VERTEX_POINT('',#579);
#581=CARTESIAN_POINT('',(-22.629492037611914,32.20522796889999,3.499999999999999));
#582=DIRECTION('',(0.707106781186546,-0.707106781186549,0.0));
#583=VECTOR('',#582,1.997388744324488);
#584=LINE('',#581,#583);
#585=EDGE_CURVE('',#570,#580,#584,.T.);
#586=ORIENTED_EDGE('',*,*,#585,.T.);
#587=CARTESIAN_POINT('',(-21.217124911834393,30.792860843122458,22.5));
#588=VERTEX_POINT('',#587);
#589=CARTESIAN_POINT('',(-21.217124911834393,30.792860843122458,22.5));
#590=DIRECTION('',(0.0,0.0,-1.0));
#591=VECTOR('',#590,19.0);
#592=LINE('',#589,#591);
#593=EDGE_CURVE('',#588,#580,#592,.T.);
#594=ORIENTED_EDGE('',*,*,#593,.F.);
#595=CARTESIAN_POINT('',(-21.618319737152536,31.194055668440612,22.5));
#596=VERTEX_POINT('',#595);
#597=CARTESIAN_POINT('',(-21.618319737152536,31.194055668440608,22.5));
#598=DIRECTION('',(0.707106781186547,-0.707106781186547,0.0));
#599=VECTOR('',#598,0.567375163118828);
#600=LINE('',#597,#599);
#601=EDGE_CURVE('',#596,#588,#600,.T.);
#602=ORIENTED_EDGE('',*,*,#601,.F.);
#603=CARTESIAN_POINT('',(-21.98261396364574,31.558349894933819,22.024164369259815));
#604=CARTESIAN_POINT('',(-21.980518650846438,31.556254582134518,22.084166277287522));
#605=CARTESIAN_POINT('',(-21.970640308461892,31.546376239729746,22.143070433359732));
#606=CARTESIAN_POINT('',(-21.93628254749143,31.512018478759284,22.253296357635332));
#607=CARTESIAN_POINT('',(-21.912053664735495,31.487789596023564,22.303560280278663));
#608=CARTESIAN_POINT('',(-21.848622071778522,31.42435800306659,22.394545819914899));
#609=CARTESIAN_POINT('',(-21.80874022177797,31.384476153066046,22.432471964619189));
#610=CARTESIAN_POINT('',(-21.71844305542184,31.294178986709916,22.486170756613607));
#611=CARTESIAN_POINT('',(-21.668652474233387,31.244388405521455,22.5));
#612=CARTESIAN_POINT('',(-21.61831973715254,31.194055668440612,22.5));
#613=B_SPLINE_CURVE_WITH_KNOTS('',3,(#603,#604,#605,#606,#607,#608,#609,#610,#611,#612),.UNSPECIFIED.,.F.,.U.,(4,2,2,2,4),(-0.077820942724073,-0.059756355112288,-0.041603454136284,-0.021354371823328,0.0),.UNSPECIFIED.);
#614=EDGE_CURVE('',#572,#596,#613,.T.);
#615=ORIENTED_EDGE('',*,*,#614,.F.);
#616=EDGE_LOOP('',(#578,#586,#594,#602,#615));
#617=FACE_OUTER_BOUND('',#616,.T.);
#618=ADVANCED_FACE('',(#617),#568,.T.);
#619=CARTESIAN_POINT('',(-21.866295090390221,31.866295090390231,3.499999999999998));
#620=DIRECTION('',(0.0,0.0,1.0));
#621=DIRECTION('',(1.0,0.0,0.0));
#622=AXIS2_PLACEMENT_3D('',#619,#620,#621);
#623=PLANE('',#622);
#624=CARTESIAN_POINT('',(-21.376862990330643,31.376862990330633,3.499999999999998));
#625=DIRECTION('',(0.0,0.0,1.0));
#626=DIRECTION('',(-0.707106781186546,0.70710678118655,0.0));
#627=AXIS2_PLACEMENT_3D('',#624,#625,#626);
#628=ELLIPSE('',#627,1.501828076258575,1.5);
#629=EDGE_CURVE('',#517,#570,#628,.T.);
#630=ORIENTED_EDGE('',*,*,#629,.F.);
#631=ORIENTED_EDGE('',*,*,#559,.F.);
#632=CARTESIAN_POINT('',(-19.25,29.250000000000004,3.499999999999999));
#633=DIRECTION('',(0.0,0.0,-1.0));
#634=DIRECTION('',(1.0,0.0,0.0));
#635=AXIS2_PLACEMENT_3D('',#632,#633,#634);
#636=CIRCLE('',#635,2.5);
#637=EDGE_CURVE('',#580,#548,#636,.T.);
#638=ORIENTED_EDGE('',*,*,#637,.F.);
#639=ORIENTED_EDGE('',*,*,#585,.F.);
#640=EDGE_LOOP('',(#630,#631,#638,#639));
#641=FACE_OUTER_BOUND('',#640,.T.);
#642=ADVANCED_FACE('',(#641),#623,.F.);
#643=CARTESIAN_POINT('',(21.283072073779536,-31.565914786254158,22.5));
#644=CARTESIAN_POINT('',(21.353003185439889,-31.671772339836789,22.5));
#645=CARTESIAN_POINT('',(21.492326482938768,-31.882671653177134,22.398447302916974));
#646=CARTESIAN_POINT('',(21.554970212523994,-31.977498001618322,22.150886848354471));
#647=CARTESIAN_POINT('',(21.558349894933816,-31.982613963645747,22.024164369259822));
#648=CARTESIAN_POINT('',(21.120797665157326,-31.6731157313442,22.5));
#649=CARTESIAN_POINT('',(21.170174608895994,-31.792745160885598,22.500004742338117));
#650=CARTESIAN_POINT('',(21.268700426358123,-32.030967593525418,22.398176743825413));
#651=CARTESIAN_POINT('',(21.312572174481481,-32.137974085506286,22.150099077729944));
#652=CARTESIAN_POINT('',(21.314971780247774,-32.14344887952808,22.023205104966404));
#653=CARTESIAN_POINT('',(20.926642955080869,-31.731438299032138,22.5));
#654=CARTESIAN_POINT('',(20.95157590377282,-31.858858830929378,22.499982796104106));
#655=CARTESIAN_POINT('',(21.001043573238441,-32.112722512257683,22.397520161120546));
#656=CARTESIAN_POINT('',(21.023138782722196,-32.225681929839361,22.148157663029579));
#657=CARTESIAN_POINT('',(21.023822334572685,-32.231015350499575,22.02083919376825));
#658=CARTESIAN_POINT('',(20.732047472013022,-31.731438299032138,22.5));
#659=CARTESIAN_POINT('',(20.732047472013022,-31.859429110845056,22.5));
#660=CARTESIAN_POINT('',(20.732047472013022,-32.114386642498062,22.396554618274855));
#661=CARTESIAN_POINT('',(20.732047472013022,-32.22666689762687,22.145362591619811));
#662=CARTESIAN_POINT('',(20.732047472013022,-32.231133712541684,22.017449748351254));
#663=B_SPLINE_SURFACE_WITH_KNOTS('',3,3,((#643,#648,#653,#658),(#644,#649,#654,#659),(#645,#650,#655,#660),(#646,#651,#656,#661),(#647,#652,#657,#662)),.UNSPECIFIED.,.F.,.F.,.F.,(4,1,4),(4,4),(0.0,0.5,1.0),(0.20135792079032,0.784789175811834),.UNSPECIFIED.);
#664=ORIENTED_EDGE('',*,*,#175,.T.);
#665=CARTESIAN_POINT('',(20.732047472013022,-32.231133712541691,22.017449748351261));
#666=VERTEX_POINT('',#665);
#667=CARTESIAN_POINT('',(20.730828754733295,-30.730828754733317,22.0));
#668=DIRECTION('',(0.011619791565305,-0.011619791565309,-0.999864971327607));
#669=DIRECTION('',(0.707011301496643,-0.707011301496646,0.016432866823606));
#670=AXIS2_PLACEMENT_3D('',#667,#668,#669);
#671=ELLIPSE('',#670,1.500812753238655,1.500000000000002);
#672=EDGE_CURVE('',#155,#666,#671,.T.);
#673=ORIENTED_EDGE('',*,*,#672,.T.);
#674=CARTESIAN_POINT('',(20.732047472013022,-31.731438299032138,22.5));
#675=VERTEX_POINT('',#674);
#676=CARTESIAN_POINT('',(20.732047472013022,-31.731438299032138,22.0));
#677=DIRECTION('',(-1.0,0.0,0.0));
#678=DIRECTION('',(0.0,-0.999390827019095,0.034899496702518));
#679=AXIS2_PLACEMENT_3D('',#676,#677,#678);
#680=CIRCLE('',#679,0.500000000000008);
#681=EDGE_CURVE('',#666,#675,#680,.T.);
#682=ORIENTED_EDGE('',*,*,#681,.T.);
#683=CARTESIAN_POINT('',(20.730828754733295,-30.730828754733317,22.5));
#684=DIRECTION('',(0.0,0.0,1.0));
#685=DIRECTION('',(0.707106781186545,-0.70710678118655,0.0));
#686=AXIS2_PLACEMENT_3D('',#683,#684,#685);
#687=ELLIPSE('',#686,1.001218717505717,1.0);
#688=EDGE_CURVE('',#675,#163,#687,.T.);
#689=ORIENTED_EDGE('',*,*,#688,.T.);
#690=EDGE_LOOP('',(#664,#673,#682,#689));
#691=FACE_OUTER_BOUND('',#690,.T.);
#692=ADVANCED_FACE('',(#691),#663,.T.);
#693=CARTESIAN_POINT('',(21.731438299032121,-30.73204747201304,22.5));
#694=CARTESIAN_POINT('',(21.859429110845035,-30.73204747201304,22.5));
#695=CARTESIAN_POINT('',(22.11438664249804,-30.732047472013036,22.396554618274848));
#696=CARTESIAN_POINT('',(22.226666897626849,-30.73204747201304,22.145362591619811));
#697=CARTESIAN_POINT('',(22.231133712541666,-30.73204747201304,22.017449748351254));
#698=CARTESIAN_POINT('',(21.731438299032121,-30.926642955080887,22.5));
#699=CARTESIAN_POINT('',(21.858858830929357,-30.951575903772834,22.499982796104106));
#700=CARTESIAN_POINT('',(22.112722512257662,-31.001043573238452,22.397520161120536));
#701=CARTESIAN_POINT('',(22.225681929839347,-31.023138782722206,22.148157663029579));
#702=CARTESIAN_POINT('',(22.231015350499558,-31.023822334572696,22.02083919376825));
#703=CARTESIAN_POINT('',(21.67311573134419,-31.120797665157337,22.5));
#704=CARTESIAN_POINT('',(21.792745160885584,-31.170174608896005,22.500004742338117));
#705=CARTESIAN_POINT('',(22.030967593525411,-31.268700426358123,22.398176743825413));
#706=CARTESIAN_POINT('',(22.137974085506279,-31.312572174481488,22.150099077729944));
#707=CARTESIAN_POINT('',(22.143448879528069,-31.314971780247784,22.023205104966404));
#708=CARTESIAN_POINT('',(21.565914786254151,-31.283072073779543,22.5));
#709=CARTESIAN_POINT('',(21.671772339836778,-31.353003185439899,22.5));
#710=CARTESIAN_POINT('',(21.88267165317713,-31.492326482938765,22.398447302916974));
#711=CARTESIAN_POINT('',(21.977498001618319,-31.554970212523997,22.150886848354471));
#712=CARTESIAN_POINT('',(21.98261396364574,-31.558349894933819,22.024164369259822));
#713=B_SPLINE_SURFACE_WITH_KNOTS('',3,3,((#693,#698,#703,#708),(#694,#699,#704,#709),(#695,#700,#705,#710),(#696,#701,#706,#711),(#697,#702,#707,#712)),.UNSPECIFIED.,.F.,.F.,.F.,(4,1,4),(4,4),(0.0,0.5,1.0),(-0.78478917581184,-0.201357920790337),.UNSPECIFIED.);
#714=ORIENTED_EDGE('',*,*,#236,.T.);
#715=CARTESIAN_POINT('',(21.731438299032128,-30.73204747201304,22.5));
#716=VERTEX_POINT('',#715);
#717=CARTESIAN_POINT('',(20.730828754733295,-30.730828754733317,22.5));
#718=DIRECTION('',(0.0,0.0,1.0));
#719=DIRECTION('',(0.707106781186545,-0.70710678118655,0.0));
#720=AXIS2_PLACEMENT_3D('',#717,#718,#719);
#721=ELLIPSE('',#720,1.001218717505717,1.0);
#722=EDGE_CURVE('',#218,#716,#721,.T.);
#723=ORIENTED_EDGE('',*,*,#722,.T.);
#724=CARTESIAN_POINT('',(22.23113371254167,-30.73204747201304,22.017449748351247));
#725=VERTEX_POINT('',#724);
#726=CARTESIAN_POINT('',(21.731438299032128,-30.73204747201304,22.0));
#727=DIRECTION('',(0.0,-1.0,0.0));
#728=DIRECTION('',(0.999390827019096,0.0,0.034899496702492));
#729=AXIS2_PLACEMENT_3D('',#726,#727,#728);
#730=CIRCLE('',#729,0.499999999999994);
#731=EDGE_CURVE('',#725,#716,#730,.T.);
#732=ORIENTED_EDGE('',*,*,#731,.F.);
#733=CARTESIAN_POINT('',(20.730828754733295,-30.730828754733317,22.0));
#734=DIRECTION('',(0.011619791565305,-0.011619791565309,-0.999864971327607));
#735=DIRECTION('',(0.707011301496643,-0.707011301496646,0.016432866823606));
#736=AXIS2_PLACEMENT_3D('',#733,#734,#735);
#737=ELLIPSE('',#736,1.500812753238655,1.500000000000002);
#738=EDGE_CURVE('',#725,#201,#737,.T.);
#739=ORIENTED_EDGE('',*,*,#738,.T.);
#740=EDGE_LOOP('',(#714,#723,#732,#739));
#741=FACE_OUTER_BOUND('',#740,.T.);
#742=ADVANCED_FACE('',(#741),#713,.T.);
#743=CARTESIAN_POINT('',(-1.110223E-015,-6.819941E-015,22.5));
#744=DIRECTION('',(0.0,0.0,1.0));
#745=DIRECTION('',(1.0,0.0,0.0));
#746=AXIS2_PLACEMENT_3D('',#743,#744,#745);
#747=PLANE('',#746);
#748=ORIENTED_EDGE('',*,*,#183,.T.);
#749=ORIENTED_EDGE('',*,*,#688,.F.);
#750=CARTESIAN_POINT('',(19.554078884660637,-31.731438299032146,22.5));
#751=VERTEX_POINT('',#750);
#752=CARTESIAN_POINT('',(19.554078884660637,-31.731438299032146,22.5));
#753=DIRECTION('',(1.0,0.0,0.0));
#754=VECTOR('',#753,1.177968587352385);
#755=LINE('',#752,#754);
#756=EDGE_CURVE('',#751,#675,#755,.T.);
#757=ORIENTED_EDGE('',*,*,#756,.F.);
#758=CARTESIAN_POINT('',(19.25,-29.250000000000004,22.5));
#759=DIRECTION('',(0.0,0.0,1.0));
#760=DIRECTION('',(1.0,0.0,0.0));
#761=AXIS2_PLACEMENT_3D('',#758,#759,#760);
#762=CIRCLE('',#761,2.5);
#763=EDGE_CURVE('',#751,#178,#762,.T.);
#764=ORIENTED_EDGE('',*,*,#763,.T.);
#765=EDGE_LOOP('',(#748,#749,#757,#764));
#766=FACE_OUTER_BOUND('',#765,.T.);
#767=ADVANCED_FACE('',(#766),#747,.F.);
#768=CARTESIAN_POINT('',(-1.110223E-015,-6.819941E-015,22.5));
#769=DIRECTION('',(0.0,0.0,1.0));
#770=DIRECTION('',(1.0,0.0,0.0));
#771=AXIS2_PLACEMENT_3D('',#768,#769,#770);
#772=PLANE('',#771);
#773=ORIENTED_EDGE('',*,*,#223,.T.);
#774=CARTESIAN_POINT('',(21.731438299032135,-29.554078884660761,22.499999999999996));
#775=VERTEX_POINT('',#774);
#776=CARTESIAN_POINT('',(19.25,-29.250000000000004,22.5));
#777=DIRECTION('',(0.0,0.0,1.0));
#778=DIRECTION('',(1.0,0.0,0.0));
#779=AXIS2_PLACEMENT_3D('',#776,#777,#778);
#780=CIRCLE('',#779,2.5);
#781=EDGE_CURVE('',#210,#775,#780,.T.);
#782=ORIENTED_EDGE('',*,*,#781,.T.);
#783=CARTESIAN_POINT('',(21.731438299032128,-30.732047472013033,22.5));
#784=DIRECTION('',(0.0,1.0,0.0));
#785=VECTOR('',#784,1.177968587352275);
#786=LINE('',#783,#785);
#787=EDGE_CURVE('',#716,#775,#786,.T.);
#788=ORIENTED_EDGE('',*,*,#787,.F.);
#789=ORIENTED_EDGE('',*,*,#722,.F.);
#790=EDGE_LOOP('',(#773,#782,#788,#789));
#791=FACE_OUTER_BOUND('',#790,.T.);
#792=ADVANCED_FACE('',(#791),#772,.F.);
#793=CARTESIAN_POINT('',(19.25,-29.250000000000004,22.5));
#794=DIRECTION('',(0.0,0.0,-1.0));
#795=DIRECTION('',(1.0,0.0,0.0));
#796=AXIS2_PLACEMENT_3D('',#793,#794,#795);
#797=CYLINDRICAL_SURFACE('',#796,2.5);
#798=CARTESIAN_POINT('',(16.75,-29.250000000000004,2.199999999999998));
#799=VERTEX_POINT('',#798);
#800=CARTESIAN_POINT('',(19.25,-29.250000000000004,2.199999999999998));
#801=DIRECTION('',(0.0,0.0,1.0));
#802=DIRECTION('',(1.0,0.0,0.0));
#803=AXIS2_PLACEMENT_3D('',#800,#801,#802);
#804=CIRCLE('',#803,2.5);
#805=EDGE_CURVE('',#799,#799,#804,.T.);
#806=ORIENTED_EDGE('',*,*,#805,.T.);
#807=EDGE_LOOP('',(#806));
#808=FACE_OUTER_BOUND('',#807,.T.);
#809=ORIENTED_EDGE('',*,*,#215,.T.);
#810=ORIENTED_EDGE('',*,*,#138,.T.);
#811=ORIENTED_EDGE('',*,*,#189,.T.);
#812=ORIENTED_EDGE('',*,*,#763,.F.);
#813=CARTESIAN_POINT('',(18.945921115339825,-31.731438299032206,22.5));
#814=VERTEX_POINT('',#813);
#815=CARTESIAN_POINT('',(18.945921115339825,-31.731438299032206,22.5));
#816=CARTESIAN_POINT('',(19.049807834849325,-31.744168721469777,22.5));
#817=CARTESIAN_POINT('',(19.152591285587999,-31.75,22.499655344469748));
#818=CARTESIAN_POINT('',(19.347408714412147,-31.75,22.499655344469748));
#819=CARTESIAN_POINT('',(19.450192165150984,-31.744168721469759,22.5));
#820=CARTESIAN_POINT('',(19.554078884660637,-31.731438299032146,22.5));
#821=B_SPLINE_CURVE_WITH_KNOTS('',3,(#815,#816,#817,#818,#819,#820),.UNSPECIFIED.,.F.,.U.,(4,2,4),(0.147063001126392,0.176285615449993,0.205508229773637),.UNSPECIFIED.);
#822=EDGE_CURVE('',#814,#751,#821,.T.);
#823=ORIENTED_EDGE('',*,*,#822,.F.);
#824=CARTESIAN_POINT('',(21.731438299032128,-28.945921115339246,22.5));
#825=VERTEX_POINT('',#824);
#826=CARTESIAN_POINT('',(19.25,-29.250000000000004,22.5));
#827=DIRECTION('',(0.0,0.0,1.0));
#828=DIRECTION('',(1.0,0.0,0.0));
#829=AXIS2_PLACEMENT_3D('',#826,#827,#828);
#830=CIRCLE('',#829,2.5);
#831=EDGE_CURVE('',#825,#814,#830,.T.);
#832=ORIENTED_EDGE('',*,*,#831,.F.);
#833=CARTESIAN_POINT('',(21.731438299032128,-29.554078884660761,22.5));
#834=CARTESIAN_POINT('',(21.744168721469748,-29.450192165151062,22.5));
#835=CARTESIAN_POINT('',(21.75,-29.34740871441219,22.499655344469748));
#836=CARTESIAN_POINT('',(21.75,-29.152591285587821,22.499655344469748));
#837=CARTESIAN_POINT('',(21.744168721469748,-29.049807834848934,22.5));
#838=CARTESIAN_POINT('',(21.731438299032128,-28.945921115339246,22.5));
#839=B_SPLINE_CURVE_WITH_KNOTS('',3,(#833,#834,#835,#836,#837,#838),.UNSPECIFIED.,.F.,.U.,(4,2,4),(0.147063001126341,0.176285615449996,0.20550822977365),.UNSPECIFIED.);
#840=EDGE_CURVE('',#775,#825,#839,.T.);
#841=ORIENTED_EDGE('',*,*,#840,.F.);
#842=ORIENTED_EDGE('',*,*,#781,.F.);
#843=EDGE_LOOP('',(#809,#810,#811,#812,#823,#832,#841,#842));
#844=FACE_BOUND('',#843,.T.);
#845=ADVANCED_FACE('',(#808,#844),#797,.T.);
#846=CARTESIAN_POINT('',(21.474758043832747,31.474758043832736,0.69665245276928));
#847=DIRECTION('',(-0.034878262742375,-0.034878262742375,0.998782765958718));
#848=DIRECTION('',(0.706246066741666,0.706246066741666,0.049325312202278));
#849=AXIS2_PLACEMENT_3D('',#846,#847,#848);
#850=CYLINDRICAL_SURFACE('',#849,1.5);
#851=ORIENTED_EDGE('',*,*,#254,.T.);
#852=ORIENTED_EDGE('',*,*,#361,.T.);
#853=ORIENTED_EDGE('',*,*,#309,.T.);
#854=CARTESIAN_POINT('',(20.73204747201304,32.231133712541677,22.017449748351247));
#855=VERTEX_POINT('',#854);
#856=CARTESIAN_POINT('',(20.730828754733317,30.730828754733306,22.0));
#857=DIRECTION('',(0.011619791565307,0.011619791565307,-0.999864971327608));
#858=DIRECTION('',(0.707011301496644,0.707011301496644,0.016432866823606));
#859=AXIS2_PLACEMENT_3D('',#856,#857,#858);
#860=ELLIPSE('',#859,1.500812753238652,1.500000000000004);
#861=EDGE_CURVE('',#855,#304,#860,.T.);
#862=ORIENTED_EDGE('',*,*,#861,.F.);
#863=CARTESIAN_POINT('',(21.500913759471352,32.999999999999986,0.0));
#864=VERTEX_POINT('',#863);
#865=CARTESIAN_POINT('',(20.73204747201304,32.231133712541677,22.017449748351254));
#866=DIRECTION('',(0.034878262742375,0.034878262742375,-0.998782765958718));
#867=VECTOR('',#866,22.0442827997908);
#868=LINE('',#865,#867);
#869=EDGE_CURVE('',#855,#864,#868,.T.);
#870=ORIENTED_EDGE('',*,*,#869,.T.);
#871=CARTESIAN_POINT('',(23.000000000000004,31.500913759471345,0.0));
#872=VERTEX_POINT('',#871);
#873=CARTESIAN_POINT('',(21.499085683551762,31.499085683551755,0.0));
#874=DIRECTION('',(0.0,0.0,-1.0));
#875=DIRECTION('',(0.707106781186547,0.707106781186547,0.0));
#876=AXIS2_PLACEMENT_3D('',#873,#874,#875);
#877=ELLIPSE('',#876,1.501828076258575,1.5);
#878=EDGE_CURVE('',#864,#872,#877,.T.);
#879=ORIENTED_EDGE('',*,*,#878,.T.);
#880=CARTESIAN_POINT('',(22.231133712541684,30.732047472013029,22.017449748351254));
#881=VERTEX_POINT('',#880);
#882=CARTESIAN_POINT('',(22.999999999999996,31.500913759471342,-5.551115E-016));
#883=DIRECTION('',(-0.034878262742375,-0.034878262742375,0.998782765958718));
#884=VECTOR('',#883,22.044282799790803);
#885=LINE('',#882,#884);
#886=EDGE_CURVE('',#872,#881,#885,.T.);
#887=ORIENTED_EDGE('',*,*,#886,.T.);
#888=CARTESIAN_POINT('',(20.730828754733317,30.730828754733306,22.0));
#889=DIRECTION('',(0.011619791565307,0.011619791565307,-0.999864971327608));
#890=DIRECTION('',(0.707011301496644,0.707011301496644,0.016432866823606));
#891=AXIS2_PLACEMENT_3D('',#888,#889,#890);
#892=ELLIPSE('',#891,1.500812753238652,1.500000000000004);
#893=EDGE_CURVE('',#247,#881,#892,.T.);
#894=ORIENTED_EDGE('',*,*,#893,.F.);
#895=EDGE_LOOP('',(#851,#852,#853,#862,#870,#879,#887,#894));
#896=FACE_OUTER_BOUND('',#895,.T.);
#897=ADVANCED_FACE('',(#896),#850,.F.);
#898=CARTESIAN_POINT('',(20.732047472013043,31.731438299032128,22.5));
#899=CARTESIAN_POINT('',(20.732047472013043,31.859429110845046,22.5));
#900=CARTESIAN_POINT('',(20.732047472013043,32.114386642498047,22.396554618274848));
#901=CARTESIAN_POINT('',(20.732047472013043,32.226666897626856,22.145362591619811));
#902=CARTESIAN_POINT('',(20.732047472013043,32.231133712541677,22.017449748351254));
#903=CARTESIAN_POINT('',(20.926642955080887,31.731438299032128,22.5));
#904=CARTESIAN_POINT('',(20.951575903772838,31.858858830929364,22.499982796104106));
#905=CARTESIAN_POINT('',(21.001043573238462,32.112722512257669,22.397520161120536));
#906=CARTESIAN_POINT('',(21.023138782722206,32.225681929839354,22.148157663029579));
#907=CARTESIAN_POINT('',(21.023822334572699,32.231015350499561,22.02083919376825));
#908=CARTESIAN_POINT('',(21.120797665157337,31.673115731344197,22.5));
#909=CARTESIAN_POINT('',(21.170174608896009,31.792745160885595,22.500004742338117));
#910=CARTESIAN_POINT('',(21.268700426358134,32.030967593525418,22.398176743825402));
#911=CARTESIAN_POINT('',(21.312572174481488,32.137974085506286,22.150099077729941));
#912=CARTESIAN_POINT('',(21.314971780247784,32.14344887952808,22.023205104966401));
#913=CARTESIAN_POINT('',(21.283072073779543,31.565914786254158,22.5));
#914=CARTESIAN_POINT('',(21.353003185439899,31.671772339836789,22.5));
#915=CARTESIAN_POINT('',(21.492326482938772,31.882671653177134,22.398447302916967));
#916=CARTESIAN_POINT('',(21.554970212523997,31.977498001618329,22.150886848354467));
#917=CARTESIAN_POINT('',(21.558349894933819,31.98261396364575,22.024164369259815));
#918=B_SPLINE_SURFACE_WITH_KNOTS('',3,3,((#898,#903,#908,#913),(#899,#904,#909,#914),(#900,#905,#910,#915),(#901,#906,#911,#916),(#902,#907,#912,#917)),.UNSPECIFIED.,.F.,.F.,.F.,(4,1,4),(4,4),(0.0,0.5,1.0),(-0.784789175811834,-0.201357920790336),.UNSPECIFIED.);
#919=ORIENTED_EDGE('',*,*,#346,.T.);
#920=CARTESIAN_POINT('',(20.732047472013043,31.731438299032128,22.5));
#921=VERTEX_POINT('',#920);
#922=CARTESIAN_POINT('',(20.730828754733317,30.730828754733306,22.5));
#923=DIRECTION('',(0.0,0.0,1.0));
#924=DIRECTION('',(0.707106781186547,0.707106781186547,0.0));
#925=AXIS2_PLACEMENT_3D('',#922,#923,#924);
#926=ELLIPSE('',#925,1.001218717505717,1.0);
#927=EDGE_CURVE('',#328,#921,#926,.T.);
#928=ORIENTED_EDGE('',*,*,#927,.T.);
#929=CARTESIAN_POINT('',(20.732047472013043,31.731438299032128,22.0));
#930=DIRECTION('',(-1.0,0.0,0.0));
#931=DIRECTION('',(0.0,0.0,1.0));
#932=AXIS2_PLACEMENT_3D('',#929,#930,#931);
#933=CIRCLE('',#932,0.499999999999998);
#934=EDGE_CURVE('',#921,#855,#933,.T.);
#935=ORIENTED_EDGE('',*,*,#934,.T.);
#936=ORIENTED_EDGE('',*,*,#861,.T.);
#937=EDGE_LOOP('',(#919,#928,#935,#936));
#938=FACE_OUTER_BOUND('',#937,.T.);
#939=ADVANCED_FACE('',(#938),#918,.T.);
#940=CARTESIAN_POINT('',(-1.110223E-015,-6.819941E-015,22.5));
#941=DIRECTION('',(0.0,0.0,1.0));
#942=DIRECTION('',(1.0,0.0,0.0));
#943=AXIS2_PLACEMENT_3D('',#940,#941,#942);
#944=PLANE('',#943);
#945=ORIENTED_EDGE('',*,*,#333,.T.);
#946=CARTESIAN_POINT('',(19.55407888466079,31.731438299032135,22.5));
#947=VERTEX_POINT('',#946);
#948=CARTESIAN_POINT('',(19.25,29.250000000000004,22.5));
#949=DIRECTION('',(0.0,0.0,1.0));
#950=DIRECTION('',(1.0,0.0,0.0));
#951=AXIS2_PLACEMENT_3D('',#948,#949,#950);
#952=CIRCLE('',#951,2.5);
#953=EDGE_CURVE('',#320,#947,#952,.T.);
#954=ORIENTED_EDGE('',*,*,#953,.T.);
#955=CARTESIAN_POINT('',(20.732047472013047,31.731438299032128,22.5));
#956=DIRECTION('',(-1.0,0.0,0.0));
#957=VECTOR('',#956,1.177968587352254);
#958=LINE('',#955,#957);
#959=EDGE_CURVE('',#921,#947,#958,.T.);
#960=ORIENTED_EDGE('',*,*,#959,.F.);
#961=ORIENTED_EDGE('',*,*,#927,.F.);
#962=EDGE_LOOP('',(#945,#954,#960,#961));
#963=FACE_OUTER_BOUND('',#962,.T.);
#964=ADVANCED_FACE('',(#963),#944,.F.);
#965=CARTESIAN_POINT('',(-21.565914786254162,-31.283072073779547,22.5));
#966=CARTESIAN_POINT('',(-21.671772339836792,-31.353003185439899,22.5));
#967=CARTESIAN_POINT('',(-21.882671653177145,-31.492326482938772,22.398447302916967));
#968=CARTESIAN_POINT('',(-21.977498001618333,-31.554970212524005,22.150886848354467));
#969=CARTESIAN_POINT('',(-21.982613963645754,-31.558349894933823,22.024164369259815));
#970=CARTESIAN_POINT('',(-21.6731157313442,-31.120797665157344,22.5));
#971=CARTESIAN_POINT('',(-21.792745160885595,-31.170174608896009,22.500004742338117));
#972=CARTESIAN_POINT('',(-22.030967593525425,-31.268700426358134,22.398176743825402));
#973=CARTESIAN_POINT('',(-22.13797408550629,-31.312572174481499,22.150099077729941));
#974=CARTESIAN_POINT('',(-22.14344887952808,-31.314971780247788,22.023205104966401));
#975=CARTESIAN_POINT('',(-21.731438299032128,-30.926642955080897,22.5));
#976=CARTESIAN_POINT('',(-21.858858830929364,-30.951575903772849,22.499982796104106));
#977=CARTESIAN_POINT('',(-22.112722512257676,-31.001043573238469,22.397520161120536));
#978=CARTESIAN_POINT('',(-22.225681929839354,-31.023138782722217,22.148157663029579));
#979=CARTESIAN_POINT('',(-22.231015350499561,-31.023822334572703,22.02083919376825));
#980=CARTESIAN_POINT('',(-21.731438299032128,-30.732047472013054,22.5));
#981=CARTESIAN_POINT('',(-21.859429110845046,-30.732047472013054,22.5));
#982=CARTESIAN_POINT('',(-22.114386642498051,-30.732047472013058,22.396554618274848));
#983=CARTESIAN_POINT('',(-22.22666689762686,-30.732047472013054,22.145362591619811));
#984=CARTESIAN_POINT('',(-22.231133712541677,-30.732047472013054,22.017449748351254));
#985=B_SPLINE_SURFACE_WITH_KNOTS('',3,3,((#965,#970,#975,#980),(#966,#971,#976,#981),(#967,#972,#977,#982),(#968,#973,#978,#983),(#969,#974,#979,#984)),.UNSPECIFIED.,.F.,.F.,.F.,(4,1,4),(4,4),(0.0,0.5,1.0),(0.20135792079034,0.784789175811834),.UNSPECIFIED.);
#986=ORIENTED_EDGE('',*,*,#443,.T.);
#987=CARTESIAN_POINT('',(-22.231133712541681,-30.732047472013051,22.017449748351247));
#988=VERTEX_POINT('',#987);
#989=CARTESIAN_POINT('',(-20.730828754733306,-30.730828754733324,22.0));
#990=DIRECTION('',(-0.011619791565307,-0.011619791565307,-0.999864971327608));
#991=DIRECTION('',(-0.707011301496644,-0.707011301496644,0.016432866823606));
#992=AXIS2_PLACEMENT_3D('',#989,#990,#991);
#993=ELLIPSE('',#992,1.500812753238652,1.500000000000004);
#994=EDGE_CURVE('',#423,#988,#993,.T.);
#995=ORIENTED_EDGE('',*,*,#994,.T.);
#996=CARTESIAN_POINT('',(-21.731438299032128,-30.732047472013054,22.5));
#997=VERTEX_POINT('',#996);
#998=CARTESIAN_POINT('',(-21.731438299032128,-30.732047472013054,22.0));
#999=DIRECTION('',(8.876374E-015,1.0,-3.099698E-016));
#1000=DIRECTION('',(-0.999390827019096,8.881784E-015,0.034899496702492));
#1001=AXIS2_PLACEMENT_3D('',#998,#999,#1000);
#1002=CIRCLE('',#1001,0.500000000000003);
#1003=EDGE_CURVE('',#988,#997,#1002,.T.);
#1004=ORIENTED_EDGE('',*,*,#1003,.T.);
#1005=CARTESIAN_POINT('',(-20.730828754733306,-30.730828754733324,22.5));
#1006=DIRECTION('',(0.0,0.0,1.0));
#1007=DIRECTION('',(-0.707106781186547,-0.707106781186547,0.0));
#1008=AXIS2_PLACEMENT_3D('',#1005,#1006,#1007);
#1009=ELLIPSE('',#1008,1.001218717505717,1.0);
#1010=EDGE_CURVE('',#997,#431,#1009,.T.);
#1011=ORIENTED_EDGE('',*,*,#1010,.T.);
#1012=EDGE_LOOP('',(#986,#995,#1004,#1011));
#1013=FACE_OUTER_BOUND('',#1012,.T.);
#1014=ADVANCED_FACE('',(#1013),#985,.T.);
#1015=CARTESIAN_POINT('',(-20.732047472013029,-31.731438299032146,22.5));
#1016=CARTESIAN_POINT('',(-20.732047472013029,-31.859429110845063,22.5));
#1017=CARTESIAN_POINT('',(-20.732047472013029,-32.114386642498069,22.396554618274848));
#1018=CARTESIAN_POINT('',(-20.732047472013029,-32.226666897626878,22.145362591619811));
#1019=CARTESIAN_POINT('',(-20.732047472013029,-32.231133712541691,22.017449748351254));
#1020=CARTESIAN_POINT('',(-20.926642955080879,-31.731438299032146,22.5));
#1021=CARTESIAN_POINT('',(-20.951575903772831,-31.858858830929382,22.499982796104106));
#1022=CARTESIAN_POINT('',(-21.001043573238452,-32.11272251225769,22.397520161120536));
#1023=CARTESIAN_POINT('',(-21.023138782722203,-32.225681929839368,22.148157663029579));
#1024=CARTESIAN_POINT('',(-21.023822334572692,-32.231015350499582,22.02083919376825));
#1025=CARTESIAN_POINT('',(-21.120797665157337,-31.673115731344215,22.5));
#1026=CARTESIAN_POINT('',(-21.170174608896005,-31.792745160885612,22.500004742338117));
#1027=CARTESIAN_POINT('',(-21.268700426358134,-32.030967593525432,22.398176743825402));
#1028=CARTESIAN_POINT('',(-21.312572174481495,-32.137974085506301,22.150099077729941));
#1029=CARTESIAN_POINT('',(-21.314971780247784,-32.143448879528094,22.023205104966401));
#1030=CARTESIAN_POINT('',(-21.283072073779543,-31.565914786254172,22.5));
#1031=CARTESIAN_POINT('',(-21.353003185439899,-31.671772339836799,22.5));
#1032=CARTESIAN_POINT('',(-21.492326482938779,-31.882671653177148,22.398447302916967));
#1033=CARTESIAN_POINT('',(-21.554970212524005,-31.977498001618336,22.150886848354467));
#1034=CARTESIAN_POINT('',(-21.558349894933823,-31.982613963645758,22.024164369259815));
#1035=B_SPLINE_SURFACE_WITH_KNOTS('',3,3,((#1015,#1020,#1025,#1030),(#1016,#1021,#1026,#1031),(#1017,#1022,#1027,#1032),(#1018,#1023,#1028,#1033),(#1019,#1024,#1029,#1034)),.UNSPECIFIED.,.F.,.F.,.F.,(4,1,4),(4,4),(0.0,0.5,1.0),(-0.784789175811837,-0.201357920790325),.UNSPECIFIED.);
#1036=ORIENTED_EDGE('',*,*,#504,.T.);
#1037=CARTESIAN_POINT('',(-20.732047472013029,-31.731438299032142,22.5));
#1038=VERTEX_POINT('',#1037);
#1039=CARTESIAN_POINT('',(-20.730828754733306,-30.730828754733324,22.5));
#1040=DIRECTION('',(0.0,0.0,1.0));
#1041=DIRECTION('',(-0.707106781186547,-0.707106781186547,0.0));
#1042=AXIS2_PLACEMENT_3D('',#1039,#1040,#1041);
#1043=ELLIPSE('',#1042,1.001218717505717,1.0);
#1044=EDGE_CURVE('',#486,#1038,#1043,.T.);
#1045=ORIENTED_EDGE('',*,*,#1044,.T.);
#1046=CARTESIAN_POINT('',(-20.732047472013029,-32.231133712541691,22.017449748351254));
#1047=VERTEX_POINT('',#1046);
#1048=CARTESIAN_POINT('',(-20.732047472013029,-31.731438299032142,22.0));
#1049=DIRECTION('',(-1.0,0.0,0.0));
#1050=DIRECTION('',(0.0,-0.999390827019096,0.034899496702501));
#1051=AXIS2_PLACEMENT_3D('',#1048,#1049,#1050);
#1052=CIRCLE('',#1051,0.499999999999999);
#1053=EDGE_CURVE('',#1047,#1038,#1052,.T.);
#1054=ORIENTED_EDGE('',*,*,#1053,.F.);
#1055=CARTESIAN_POINT('',(-20.730828754733306,-30.730828754733324,22.0));
#1056=DIRECTION('',(-0.011619791565307,-0.011619791565307,-0.999864971327608));
#1057=DIRECTION('',(-0.707011301496644,-0.707011301496644,0.016432866823606));
#1058=AXIS2_PLACEMENT_3D('',#1055,#1056,#1057);
#1059=ELLIPSE('',#1058,1.500812753238652,1.500000000000004);
#1060=EDGE_CURVE('',#1047,#469,#1059,.T.);
#1061=ORIENTED_EDGE('',*,*,#1060,.T.);
#1062=EDGE_LOOP('',(#1036,#1045,#1054,#1061));
#1063=FACE_OUTER_BOUND('',#1062,.T.);
#1064=ADVANCED_FACE('',(#1063),#1035,.T.);
#1065=CARTESIAN_POINT('',(-1.110223E-015,-6.819941E-015,22.5));
#1066=DIRECTION('',(0.0,0.0,1.0));
#1067=DIRECTION('',(1.0,0.0,0.0));
#1068=AXIS2_PLACEMENT_3D('',#1065,#1066,#1067);
#1069=PLANE('',#1068);
#1070=ORIENTED_EDGE('',*,*,#451,.T.);
#1071=ORIENTED_EDGE('',*,*,#1010,.F.);
#1072=CARTESIAN_POINT('',(-21.731438299032135,-29.554078884660754,22.5));
#1073=VERTEX_POINT('',#1072);
#1074=CARTESIAN_POINT('',(-21.731438299032135,-29.554078884660754,22.5));
#1075=DIRECTION('',(0.0,-1.0,0.0));
#1076=VECTOR('',#1075,1.1779685873523);
#1077=LINE('',#1074,#1076);
#1078=EDGE_CURVE('',#1073,#997,#1077,.T.);
#1079=ORIENTED_EDGE('',*,*,#1078,.F.);
#1080=CARTESIAN_POINT('',(-19.25,-29.250000000000004,22.5));
#1081=DIRECTION('',(0.0,0.0,1.0));
#1082=DIRECTION('',(1.0,0.0,0.0));
#1083=AXIS2_PLACEMENT_3D('',#1080,#1081,#1082);
#1084=CIRCLE('',#1083,2.5);
#1085=EDGE_CURVE('',#1073,#446,#1084,.T.);
#1086=ORIENTED_EDGE('',*,*,#1085,.T.);
#1087=EDGE_LOOP('',(#1070,#1071,#1079,#1086));
#1088=FACE_OUTER_BOUND('',#1087,.T.);
#1089=ADVANCED_FACE('',(#1088),#1069,.F.);
#1090=CARTESIAN_POINT('',(-1.110223E-015,-6.819941E-015,22.5));
#1091=DIRECTION('',(0.0,0.0,1.0));
#1092=DIRECTION('',(1.0,0.0,0.0));
#1093=AXIS2_PLACEMENT_3D('',#1090,#1091,#1092);
#1094=PLANE('',#1093);
#1095=ORIENTED_EDGE('',*,*,#491,.T.);
#1096=CARTESIAN_POINT('',(-19.554078884660669,-31.731438299032142,22.5));
#1097=VERTEX_POINT('',#1096);
#1098=CARTESIAN_POINT('',(-19.25,-29.250000000000004,22.5));
#1099=DIRECTION('',(0.0,0.0,1.0));
#1100=DIRECTION('',(1.0,0.0,0.0));
#1101=AXIS2_PLACEMENT_3D('',#1098,#1099,#1100);
#1102=CIRCLE('',#1101,2.5);
#1103=EDGE_CURVE('',#478,#1097,#1102,.T.);
#1104=ORIENTED_EDGE('',*,*,#1103,.T.);
#1105=CARTESIAN_POINT('',(-20.732047472013033,-31.731438299032142,22.5));
#1106=DIRECTION('',(1.0,0.0,0.0));
#1107=VECTOR('',#1106,1.177968587352368);
#1108=LINE('',#1105,#1107);
#1109=EDGE_CURVE('',#1038,#1097,#1108,.T.);
#1110=ORIENTED_EDGE('',*,*,#1109,.F.);
#1111=ORIENTED_EDGE('',*,*,#1044,.F.);
#1112=EDGE_LOOP('',(#1095,#1104,#1110,#1111));
#1113=FACE_OUTER_BOUND('',#1112,.T.);
#1114=ADVANCED_FACE('',(#1113),#1094,.F.);
#1115=CARTESIAN_POINT('',(-19.25,-29.250000000000004,22.5));
#1116=DIRECTION('',(0.0,0.0,-1.0));
#1117=DIRECTION('',(1.0,0.0,0.0));
#1118=AXIS2_PLACEMENT_3D('',#1115,#1116,#1117);
#1119=CYLINDRICAL_SURFACE('',#1118,2.5);
#1120=CARTESIAN_POINT('',(-21.75,-29.250000000000004,2.199999999999998));
#1121=VERTEX_POINT('',#1120);
#1122=CARTESIAN_POINT('',(-19.25,-29.250000000000004,2.199999999999998));
#1123=DIRECTION('',(0.0,0.0,1.0));
#1124=DIRECTION('',(1.0,0.0,0.0));
#1125=AXIS2_PLACEMENT_3D('',#1122,#1123,#1124);
#1126=CIRCLE('',#1125,2.5);
#1127=EDGE_CURVE('',#1121,#1121,#1126,.T.);
#1128=ORIENTED_EDGE('',*,*,#1127,.T.);
#1129=EDGE_LOOP('',(#1128));
#1130=FACE_OUTER_BOUND('',#1129,.T.);
#1131=ORIENTED_EDGE('',*,*,#483,.T.);
#1132=ORIENTED_EDGE('',*,*,#406,.T.);
#1133=ORIENTED_EDGE('',*,*,#457,.T.);
#1134=ORIENTED_EDGE('',*,*,#1085,.F.);
#1135=CARTESIAN_POINT('',(-21.731438299032135,-28.945921115339253,22.5));
#1136=VERTEX_POINT('',#1135);
#1137=CARTESIAN_POINT('',(-21.731438299032135,-28.945921115339253,22.5));
#1138=CARTESIAN_POINT('',(-21.744168721469755,-29.049807834848945,22.5));
#1139=CARTESIAN_POINT('',(-21.75,-29.152591285587825,22.499655344469748));
#1140=CARTESIAN_POINT('',(-21.75,-29.347408714412182,22.499655344469748));
#1141=CARTESIAN_POINT('',(-21.744168721469755,-29.450192165151066,22.5));
#1142=CARTESIAN_POINT('',(-21.731438299032135,-29.554078884660754,22.5));
#1143=B_SPLINE_CURVE_WITH_KNOTS('',3,(#1137,#1138,#1139,#1140,#1141,#1142),.UNSPECIFIED.,.F.,.U.,(4,2,4),(0.147063001126341,0.176285615449995,0.205508229773649),.UNSPECIFIED.);
#1144=EDGE_CURVE('',#1136,#1073,#1143,.T.);
#1145=ORIENTED_EDGE('',*,*,#1144,.F.);
#1146=CARTESIAN_POINT('',(-18.945921115339331,-31.731438299032142,22.5));
#1147=VERTEX_POINT('',#1146);
#1148=CARTESIAN_POINT('',(-19.25,-29.250000000000004,22.5));
#1149=DIRECTION('',(0.0,0.0,1.0));
#1150=DIRECTION('',(1.0,0.0,0.0));
#1151=AXIS2_PLACEMENT_3D('',#1148,#1149,#1150);
#1152=CIRCLE('',#1151,2.5);
#1153=EDGE_CURVE('',#1147,#1136,#1152,.T.);
#1154=ORIENTED_EDGE('',*,*,#1153,.F.);
#1155=CARTESIAN_POINT('',(-19.554078884660669,-31.731438299032142,22.5));
#1156=CARTESIAN_POINT('',(-19.450192165151005,-31.744168721469755,22.5));
#1157=CARTESIAN_POINT('',(-19.347408714412158,-31.75,22.499655344469748));
#1158=CARTESIAN_POINT('',(-19.152591285587846,-31.75,22.499655344469748));
#1159=CARTESIAN_POINT('',(-19.049807834848998,-31.744168721469759,22.5));
#1160=CARTESIAN_POINT('',(-18.945921115339331,-31.731438299032142,22.5));
#1161=B_SPLINE_CURVE_WITH_KNOTS('',3,(#1155,#1156,#1157,#1158,#1159,#1160),.UNSPECIFIED.,.F.,.U.,(4,2,4),(0.147063001126347,0.176285615449993,0.20550822977364),.UNSPECIFIED.);
#1162=EDGE_CURVE('',#1097,#1147,#1161,.T.);
#1163=ORIENTED_EDGE('',*,*,#1162,.F.);
#1164=ORIENTED_EDGE('',*,*,#1103,.F.);
#1165=EDGE_LOOP('',(#1131,#1132,#1133,#1134,#1145,#1154,#1163,#1164));
#1166=FACE_BOUND('',#1165,.T.);
#1167=ADVANCED_FACE('',(#1130,#1166),#1119,.T.);
#1168=CARTESIAN_POINT('',(-21.462593111713485,31.462593111713471,1.045010530105919));
#1169=DIRECTION('',(0.034878262742375,-0.034878262742375,0.998782765958718));
#1170=DIRECTION('',(-0.706246066741664,0.706246066741668,0.049325312202279));
#1171=AXIS2_PLACEMENT_3D('',#1168,#1169,#1170);
#1172=CYLINDRICAL_SURFACE('',#1171,1.5);
#1173=ORIENTED_EDGE('',*,*,#522,.T.);
#1174=ORIENTED_EDGE('',*,*,#629,.T.);
#1175=ORIENTED_EDGE('',*,*,#577,.T.);
#1176=CARTESIAN_POINT('',(-22.231133712541681,30.732047472013022,22.017449748351254));
#1177=VERTEX_POINT('',#1176);
#1178=CARTESIAN_POINT('',(-20.730828754733309,30.730828754733295,22.0));
#1179=DIRECTION('',(-0.011619791565305,0.011619791565309,-0.999864971327607));
#1180=DIRECTION('',(-0.707011301496643,0.707011301496646,0.016432866823606));
#1181=AXIS2_PLACEMENT_3D('',#1178,#1179,#1180);
#1182=ELLIPSE('',#1181,1.500812753238655,1.500000000000002);
#1183=EDGE_CURVE('',#1177,#572,#1182,.T.);
#1184=ORIENTED_EDGE('',*,*,#1183,.F.);
#1185=CARTESIAN_POINT('',(-23.0,31.500913759471345,0.0));
#1186=VERTEX_POINT('',#1185);
#1187=CARTESIAN_POINT('',(-22.231133712541681,30.732047472013022,22.017449748351257));
#1188=DIRECTION('',(-0.034878262742375,0.034878262742375,-0.998782765958718));
#1189=VECTOR('',#1188,22.044282799790803);
#1190=LINE('',#1187,#1189);
#1191=EDGE_CURVE('',#1177,#1186,#1190,.T.);
#1192=ORIENTED_EDGE('',*,*,#1191,.T.);
#1193=CARTESIAN_POINT('',(-21.500913759471352,32.999999999999986,0.0));
#1194=VERTEX_POINT('',#1193);
#1195=CARTESIAN_POINT('',(-21.499085683551762,31.499085683551748,0.0));
#1196=DIRECTION('',(0.0,0.0,-1.0));
#1197=DIRECTION('',(-0.707106781186546,0.70710678118655,0.0));
#1198=AXIS2_PLACEMENT_3D('',#1195,#1196,#1197);
#1199=ELLIPSE('',#1198,1.501828076258575,1.5);
#1200=EDGE_CURVE('',#1186,#1194,#1199,.T.);
#1201=ORIENTED_EDGE('',*,*,#1200,.T.);
#1202=CARTESIAN_POINT('',(-20.732047472013036,32.231133712541677,22.017449748351247));
#1203=VERTEX_POINT('',#1202);
#1204=CARTESIAN_POINT('',(-21.500913759471352,32.999999999999986,-2.220446E-016));
#1205=DIRECTION('',(0.034878262742375,-0.034878262742374,0.998782765958718));
#1206=VECTOR('',#1205,22.0442827997908);
#1207=LINE('',#1204,#1206);
#1208=EDGE_CURVE('',#1194,#1203,#1207,.T.);
#1209=ORIENTED_EDGE('',*,*,#1208,.T.);
#1210=CARTESIAN_POINT('',(-20.730828754733309,30.730828754733295,22.0));
#1211=DIRECTION('',(-0.011619791565305,0.011619791565309,-0.999864971327607));
#1212=DIRECTION('',(-0.707011301496643,0.707011301496646,0.016432866823606));
#1213=AXIS2_PLACEMENT_3D('',#1210,#1211,#1212);
#1214=ELLIPSE('',#1213,1.500812753238655,1.500000000000002);
#1215=EDGE_CURVE('',#515,#1203,#1214,.T.);
#1216=ORIENTED_EDGE('',*,*,#1215,.F.);
#1217=EDGE_LOOP('',(#1173,#1174,#1175,#1184,#1192,#1201,#1209,#1216));
#1218=FACE_OUTER_BOUND('',#1217,.T.);
#1219=ADVANCED_FACE('',(#1218),#1172,.F.);
#1220=CARTESIAN_POINT('',(-21.731438299032135,30.732047472013022,22.5));
#1221=CARTESIAN_POINT('',(-21.859429110845049,30.732047472013022,22.5));
#1222=CARTESIAN_POINT('',(-22.114386642498062,30.732047472013022,22.396554618274855));
#1223=CARTESIAN_POINT('',(-22.226666897626863,30.732047472013022,22.145362591619811));
#1224=CARTESIAN_POINT('',(-22.231133712541681,30.732047472013022,22.017449748351254));
#1225=CARTESIAN_POINT('',(-21.731438299032135,30.926642955080869,22.5));
#1226=CARTESIAN_POINT('',(-21.858858830929368,30.95157590377282,22.499982796104106));
#1227=CARTESIAN_POINT('',(-22.112722512257683,31.001043573238441,22.397520161120546));
#1228=CARTESIAN_POINT('',(-22.225681929839357,31.023138782722196,22.148157663029579));
#1229=CARTESIAN_POINT('',(-22.231015350499565,31.023822334572685,22.02083919376825));
#1230=CARTESIAN_POINT('',(-21.673115731344197,31.120797665157326,22.5));
#1231=CARTESIAN_POINT('',(-21.792745160885595,31.170174608895994,22.500004742338117));
#1232=CARTESIAN_POINT('',(-22.030967593525425,31.268700426358134,22.398176743825413));
#1233=CARTESIAN_POINT('',(-22.137974085506286,31.312572174481485,22.150099077729944));
#1234=CARTESIAN_POINT('',(-22.14344887952808,31.314971780247781,22.023205104966404));
#1235=CARTESIAN_POINT('',(-21.565914786254154,31.283072073779536,22.5));
#1236=CARTESIAN_POINT('',(-21.671772339836785,31.353003185439889,22.5));
#1237=CARTESIAN_POINT('',(-21.882671653177134,31.492326482938772,22.398447302916974));
#1238=CARTESIAN_POINT('',(-21.977498001618319,31.554970212523997,22.150886848354471));
#1239=CARTESIAN_POINT('',(-21.98261396364574,31.558349894933819,22.024164369259822));
#1240=B_SPLINE_SURFACE_WITH_KNOTS('',3,3,((#1220,#1225,#1230,#1235),(#1221,#1226,#1231,#1236),(#1222,#1227,#1232,#1237),(#1223,#1228,#1233,#1238),(#1224,#1229,#1234,#1239)),.UNSPECIFIED.,.F.,.F.,.F.,(4,1,4),(4,4),(0.0,0.5,1.0),(-0.784789175811838,-0.201357920790324),.UNSPECIFIED.);
#1241=ORIENTED_EDGE('',*,*,#614,.T.);
#1242=CARTESIAN_POINT('',(-21.731438299032135,30.732047472013026,22.5));
#1243=VERTEX_POINT('',#1242);
#1244=CARTESIAN_POINT('',(-20.730828754733309,30.730828754733295,22.5));
#1245=DIRECTION('',(0.0,0.0,1.0));
#1246=DIRECTION('',(-0.707106781186545,0.70710678118655,0.0));
#1247=AXIS2_PLACEMENT_3D('',#1244,#1245,#1246);
#1248=ELLIPSE('',#1247,1.001218717505717,1.0);
#1249=EDGE_CURVE('',#596,#1243,#1248,.T.);
#1250=ORIENTED_EDGE('',*,*,#1249,.T.);
#1251=CARTESIAN_POINT('',(-21.731438299032135,30.732047472013022,22.0));
#1252=DIRECTION('',(0.0,-1.0,0.0));
#1253=DIRECTION('',(0.0,0.0,1.0));
#1254=AXIS2_PLACEMENT_3D('',#1251,#1252,#1253);
#1255=CIRCLE('',#1254,0.499999999999998);
#1256=EDGE_CURVE('',#1243,#1177,#1255,.T.);
#1257=ORIENTED_EDGE('',*,*,#1256,.T.);
#1258=ORIENTED_EDGE('',*,*,#1183,.T.);
#1259=EDGE_LOOP('',(#1241,#1250,#1257,#1258));
#1260=FACE_OUTER_BOUND('',#1259,.T.);
#1261=ADVANCED_FACE('',(#1260),#1240,.T.);
#1262=CARTESIAN_POINT('',(-1.110223E-015,-6.819941E-015,22.5));
#1263=DIRECTION('',(0.0,0.0,1.0));
#1264=DIRECTION('',(1.0,0.0,0.0));
#1265=AXIS2_PLACEMENT_3D('',#1262,#1263,#1264);
#1266=PLANE('',#1265);
#1267=ORIENTED_EDGE('',*,*,#601,.T.);
#1268=CARTESIAN_POINT('',(-21.731438299032135,29.554078884660754,22.5));
#1269=VERTEX_POINT('',#1268);
#1270=CARTESIAN_POINT('',(-19.25,29.250000000000004,22.5));
#1271=DIRECTION('',(0.0,0.0,1.0));
#1272=DIRECTION('',(1.0,0.0,0.0));
#1273=AXIS2_PLACEMENT_3D('',#1270,#1271,#1272);
#1274=CIRCLE('',#1273,2.5);
#1275=EDGE_CURVE('',#588,#1269,#1274,.T.);
#1276=ORIENTED_EDGE('',*,*,#1275,.T.);
#1277=CARTESIAN_POINT('',(-21.731438299032135,30.732047472013029,22.5));
#1278=DIRECTION('',(0.0,-1.0,0.0));
#1279=VECTOR('',#1278,1.177968587352275);
#1280=LINE('',#1277,#1279);
#1281=EDGE_CURVE('',#1243,#1269,#1280,.T.);
#1282=ORIENTED_EDGE('',*,*,#1281,.F.);
#1283=ORIENTED_EDGE('',*,*,#1249,.F.);
#1284=EDGE_LOOP('',(#1267,#1276,#1282,#1283));
#1285=FACE_OUTER_BOUND('',#1284,.T.);
#1286=ADVANCED_FACE('',(#1285),#1266,.F.);
#1287=CARTESIAN_POINT('',(-19.25,-29.250000000000004,2.449999999999998));
#1288=DIRECTION('',(0.0,0.0,-1.0));
#1289=DIRECTION('',(1.0,0.0,0.0));
#1290=AXIS2_PLACEMENT_3D('',#1287,#1288,#1289);
#1291=CONICAL_SURFACE('',#1290,1.25,45.000000000000043);
#1292=CARTESIAN_POINT('',(-20.25,-29.250000000000004,2.699999999999998));
#1293=VERTEX_POINT('',#1292);
#1294=CARTESIAN_POINT('',(-19.25,-29.250000000000004,2.699999999999998));
#1295=DIRECTION('',(0.0,0.0,1.0));
#1296=DIRECTION('',(1.0,0.0,0.0));
#1297=AXIS2_PLACEMENT_3D('',#1294,#1295,#1296);
#1298=CIRCLE('',#1297,1.0);
#1299=EDGE_CURVE('',#1293,#1293,#1298,.T.);
#1300=ORIENTED_EDGE('',*,*,#1299,.T.);
#1301=EDGE_LOOP('',(#1300));
#1302=FACE_OUTER_BOUND('',#1301,.T.);
#1303=CARTESIAN_POINT('',(-20.75,-29.250000000000004,2.199999999999998));
#1304=VERTEX_POINT('',#1303);
#1305=CARTESIAN_POINT('',(-19.25,-29.250000000000004,2.199999999999998));
#1306=DIRECTION('',(0.0,0.0,-1.0));
#1307=DIRECTION('',(1.0,0.0,0.0));
#1308=AXIS2_PLACEMENT_3D('',#1305,#1306,#1307);
#1309=CIRCLE('',#1308,1.5);
#1310=EDGE_CURVE('',#1304,#1304,#1309,.T.);
#1311=ORIENTED_EDGE('',*,*,#1310,.T.);
#1312=EDGE_LOOP('',(#1311));
#1313=FACE_BOUND('',#1312,.T.);
#1314=ADVANCED_FACE('',(#1302,#1313),#1291,.F.);
#1315=CARTESIAN_POINT('',(-19.25,-29.250000000000004,2.199999999999998));
#1316=DIRECTION('',(0.0,0.0,1.0));
#1317=DIRECTION('',(1.0,0.0,0.0));
#1318=AXIS2_PLACEMENT_3D('',#1315,#1316,#1317);
#1319=CYLINDRICAL_SURFACE('',#1318,1.0);
#1320=CARTESIAN_POINT('',(-20.25,-29.250000000000004,23.0));
#1321=VERTEX_POINT('',#1320);
#1322=CARTESIAN_POINT('',(-19.25,-29.250000000000004,23.0));
#1323=DIRECTION('',(0.0,0.0,-1.0));
#1324=DIRECTION('',(1.0,0.0,0.0));
#1325=AXIS2_PLACEMENT_3D('',#1322,#1323,#1324);
#1326=CIRCLE('',#1325,1.0);
#1327=EDGE_CURVE('',#1321,#1321,#1326,.T.);
#1328=ORIENTED_EDGE('',*,*,#1327,.F.);
#1329=EDGE_LOOP('',(#1328));
#1330=FACE_OUTER_BOUND('',#1329,.T.);
#1331=ORIENTED_EDGE('',*,*,#1299,.F.);
#1332=EDGE_LOOP('',(#1331));
#1333=FACE_BOUND('',#1332,.T.);
#1334=ADVANCED_FACE('',(#1330,#1333),#1319,.F.);
#1335=CARTESIAN_POINT('',(-19.25,-29.250000000000004,2.199999999999998));
#1336=DIRECTION('',(0.0,0.0,1.0));
#1337=DIRECTION('',(1.0,0.0,0.0));
#1338=AXIS2_PLACEMENT_3D('',#1335,#1336,#1337);
#1339=PLANE('',#1338);
#1340=ORIENTED_EDGE('',*,*,#1127,.F.);
#1341=EDGE_LOOP('',(#1340));
#1342=FACE_OUTER_BOUND('',#1341,.T.);
#1343=ORIENTED_EDGE('',*,*,#1310,.F.);
#1344=EDGE_LOOP('',(#1343));
#1345=FACE_BOUND('',#1344,.T.);
#1346=ADVANCED_FACE('',(#1342,#1345),#1339,.F.);
#1347=CARTESIAN_POINT('',(-19.25,29.250000000000004,2.449999999999998));
#1348=DIRECTION('',(0.0,0.0,-1.0));
#1349=DIRECTION('',(1.0,0.0,0.0));
#1350=AXIS2_PLACEMENT_3D('',#1347,#1348,#1349);
#1351=CONICAL_SURFACE('',#1350,1.25,45.000000000000043);
#1352=CARTESIAN_POINT('',(-20.25,29.250000000000004,2.699999999999998));
#1353=VERTEX_POINT('',#1352);
#1354=CARTESIAN_POINT('',(-19.25,29.250000000000004,2.699999999999998));
#1355=DIRECTION('',(0.0,0.0,1.0));
#1356=DIRECTION('',(1.0,0.0,0.0));
#1357=AXIS2_PLACEMENT_3D('',#1354,#1355,#1356);
#1358=CIRCLE('',#1357,1.0);
#1359=EDGE_CURVE('',#1353,#1353,#1358,.T.);
#1360=ORIENTED_EDGE('',*,*,#1359,.T.);
#1361=EDGE_LOOP('',(#1360));
#1362=FACE_OUTER_BOUND('',#1361,.T.);
#1363=CARTESIAN_POINT('',(-20.75,29.250000000000004,2.199999999999998));
#1364=VERTEX_POINT('',#1363);
#1365=CARTESIAN_POINT('',(-19.25,29.250000000000004,2.199999999999998));
#1366=DIRECTION('',(0.0,0.0,-1.0));
#1367=DIRECTION('',(1.0,0.0,0.0));
#1368=AXIS2_PLACEMENT_3D('',#1365,#1366,#1367);
#1369=CIRCLE('',#1368,1.5);
#1370=EDGE_CURVE('',#1364,#1364,#1369,.T.);
#1371=ORIENTED_EDGE('',*,*,#1370,.T.);
#1372=EDGE_LOOP('',(#1371));
#1373=FACE_BOUND('',#1372,.T.);
#1374=ADVANCED_FACE('',(#1362,#1373),#1351,.F.);
#1375=CARTESIAN_POINT('',(-19.25,29.250000000000004,2.199999999999998));
#1376=DIRECTION('',(0.0,0.0,1.0));
#1377=DIRECTION('',(1.0,0.0,0.0));
#1378=AXIS2_PLACEMENT_3D('',#1375,#1376,#1377);
#1379=CYLINDRICAL_SURFACE('',#1378,1.0);
#1380=CARTESIAN_POINT('',(-20.25,29.250000000000004,23.0));
#1381=VERTEX_POINT('',#1380);
#1382=CARTESIAN_POINT('',(-19.25,29.250000000000004,23.0));
#1383=DIRECTION('',(0.0,0.0,-1.0));
#1384=DIRECTION('',(1.0,0.0,0.0));
#1385=AXIS2_PLACEMENT_3D('',#1382,#1383,#1384);
#1386=CIRCLE('',#1385,1.0);
#1387=EDGE_CURVE('',#1381,#1381,#1386,.T.);
#1388=ORIENTED_EDGE('',*,*,#1387,.F.);
#1389=EDGE_LOOP('',(#1388));
#1390=FACE_OUTER_BOUND('',#1389,.T.);
#1391=ORIENTED_EDGE('',*,*,#1359,.F.);
#1392=EDGE_LOOP('',(#1391));
#1393=FACE_BOUND('',#1392,.T.);
#1394=ADVANCED_FACE('',(#1390,#1393),#1379,.F.);
#1395=CARTESIAN_POINT('',(-19.25,29.250000000000004,2.199999999999998));
#1396=DIRECTION('',(0.0,0.0,1.0));
#1397=DIRECTION('',(1.0,0.0,0.0));
#1398=AXIS2_PLACEMENT_3D('',#1395,#1396,#1397);
#1399=PLANE('',#1398);
#1400=CARTESIAN_POINT('',(-21.75,29.250000000000004,2.199999999999998));
#1401=VERTEX_POINT('',#1400);
#1402=CARTESIAN_POINT('',(-19.25,29.250000000000004,2.199999999999998));
#1403=DIRECTION('',(0.0,0.0,1.0));
#1404=DIRECTION('',(1.0,0.0,0.0));
#1405=AXIS2_PLACEMENT_3D('',#1402,#1403,#1404);
#1406=CIRCLE('',#1405,2.5);
#1407=EDGE_CURVE('',#1401,#1401,#1406,.T.);
#1408=ORIENTED_EDGE('',*,*,#1407,.F.);
#1409=EDGE_LOOP('',(#1408));
#1410=FACE_OUTER_BOUND('',#1409,.T.);
#1411=ORIENTED_EDGE('',*,*,#1370,.F.);
#1412=EDGE_LOOP('',(#1411));
#1413=FACE_BOUND('',#1412,.T.);
#1414=ADVANCED_FACE('',(#1410,#1413),#1399,.F.);
#1415=CARTESIAN_POINT('',(19.25,-29.250000000000004,2.449999999999998));
#1416=DIRECTION('',(0.0,0.0,-1.0));
#1417=DIRECTION('',(1.0,0.0,0.0));
#1418=AXIS2_PLACEMENT_3D('',#1415,#1416,#1417);
#1419=CONICAL_SURFACE('',#1418,1.249999999999999,44.999999999999915);
#1420=CARTESIAN_POINT('',(18.25,-29.250000000000004,2.699999999999998));
#1421=VERTEX_POINT('',#1420);
#1422=CARTESIAN_POINT('',(19.25,-29.250000000000004,2.699999999999998));
#1423=DIRECTION('',(0.0,0.0,1.0));
#1424=DIRECTION('',(1.0,0.0,0.0));
#1425=AXIS2_PLACEMENT_3D('',#1422,#1423,#1424);
#1426=CIRCLE('',#1425,1.0);
#1427=EDGE_CURVE('',#1421,#1421,#1426,.T.);
#1428=ORIENTED_EDGE('',*,*,#1427,.T.);
#1429=EDGE_LOOP('',(#1428));
#1430=FACE_OUTER_BOUND('',#1429,.T.);
#1431=CARTESIAN_POINT('',(17.75,-29.250000000000004,2.199999999999998));
#1432=VERTEX_POINT('',#1431);
#1433=CARTESIAN_POINT('',(19.25,-29.250000000000004,2.199999999999998));
#1434=DIRECTION('',(0.0,0.0,-1.0));
#1435=DIRECTION('',(1.0,0.0,0.0));
#1436=AXIS2_PLACEMENT_3D('',#1433,#1434,#1435);
#1437=CIRCLE('',#1436,1.499999999999998);
#1438=EDGE_CURVE('',#1432,#1432,#1437,.T.);
#1439=ORIENTED_EDGE('',*,*,#1438,.T.);
#1440=EDGE_LOOP('',(#1439));
#1441=FACE_BOUND('',#1440,.T.);
#1442=ADVANCED_FACE('',(#1430,#1441),#1419,.F.);
#1443=CARTESIAN_POINT('',(19.25,-29.250000000000004,2.199999999999998));
#1444=DIRECTION('',(0.0,0.0,1.0));
#1445=DIRECTION('',(1.0,0.0,0.0));
#1446=AXIS2_PLACEMENT_3D('',#1443,#1444,#1445);
#1447=CYLINDRICAL_SURFACE('',#1446,1.0);
#1448=CARTESIAN_POINT('',(18.25,-29.250000000000004,23.0));
#1449=VERTEX_POINT('',#1448);
#1450=CARTESIAN_POINT('',(19.25,-29.250000000000004,23.0));
#1451=DIRECTION('',(0.0,0.0,-1.0));
#1452=DIRECTION('',(1.0,0.0,0.0));
#1453=AXIS2_PLACEMENT_3D('',#1450,#1451,#1452);
#1454=CIRCLE('',#1453,1.0);
#1455=EDGE_CURVE('',#1449,#1449,#1454,.T.);
#1456=ORIENTED_EDGE('',*,*,#1455,.F.);
#1457=EDGE_LOOP('',(#1456));
#1458=FACE_OUTER_BOUND('',#1457,.T.);
#1459=ORIENTED_EDGE('',*,*,#1427,.F.);
#1460=EDGE_LOOP('',(#1459));
#1461=FACE_BOUND('',#1460,.T.);
#1462=ADVANCED_FACE('',(#1458,#1461),#1447,.F.);
#1463=CARTESIAN_POINT('',(19.25,-29.250000000000004,2.199999999999998));
#1464=DIRECTION('',(0.0,0.0,1.0));
#1465=DIRECTION('',(1.0,0.0,0.0));
#1466=AXIS2_PLACEMENT_3D('',#1463,#1464,#1465);
#1467=PLANE('',#1466);
#1468=ORIENTED_EDGE('',*,*,#805,.F.);
#1469=EDGE_LOOP('',(#1468));
#1470=FACE_OUTER_BOUND('',#1469,.T.);
#1471=ORIENTED_EDGE('',*,*,#1438,.F.);
#1472=EDGE_LOOP('',(#1471));
#1473=FACE_BOUND('',#1472,.T.);
#1474=ADVANCED_FACE('',(#1470,#1473),#1467,.F.);
#1475=CARTESIAN_POINT('',(19.25,29.250000000000004,2.449999999999998));
#1476=DIRECTION('',(0.0,0.0,-1.0));
#1477=DIRECTION('',(1.0,0.0,0.0));
#1478=AXIS2_PLACEMENT_3D('',#1475,#1476,#1477);
#1479=CONICAL_SURFACE('',#1478,1.249999999999999,44.999999999999915);
#1480=CARTESIAN_POINT('',(18.25,29.250000000000004,2.699999999999998));
#1481=VERTEX_POINT('',#1480);
#1482=CARTESIAN_POINT('',(19.25,29.250000000000004,2.699999999999998));
#1483=DIRECTION('',(0.0,0.0,1.0));
#1484=DIRECTION('',(1.0,0.0,0.0));
#1485=AXIS2_PLACEMENT_3D('',#1482,#1483,#1484);
#1486=CIRCLE('',#1485,1.0);
#1487=EDGE_CURVE('',#1481,#1481,#1486,.T.);
#1488=ORIENTED_EDGE('',*,*,#1487,.T.);
#1489=EDGE_LOOP('',(#1488));
#1490=FACE_OUTER_BOUND('',#1489,.T.);
#1491=CARTESIAN_POINT('',(17.75,29.250000000000004,2.199999999999998));
#1492=VERTEX_POINT('',#1491);
#1493=CARTESIAN_POINT('',(19.25,29.250000000000004,2.199999999999998));
#1494=DIRECTION('',(0.0,0.0,-1.0));
#1495=DIRECTION('',(1.0,0.0,0.0));
#1496=AXIS2_PLACEMENT_3D('',#1493,#1494,#1495);
#1497=CIRCLE('',#1496,1.499999999999998);
#1498=EDGE_CURVE('',#1492,#1492,#1497,.T.);
#1499=ORIENTED_EDGE('',*,*,#1498,.T.);
#1500=EDGE_LOOP('',(#1499));
#1501=FACE_BOUND('',#1500,.T.);
#1502=ADVANCED_FACE('',(#1490,#1501),#1479,.F.);
#1503=CARTESIAN_POINT('',(19.25,29.250000000000004,2.199999999999998));
#1504=DIRECTION('',(0.0,0.0,1.0));
#1505=DIRECTION('',(1.0,0.0,0.0));
#1506=AXIS2_PLACEMENT_3D('',#1503,#1504,#1505);
#1507=CYLINDRICAL_SURFACE('',#1506,1.0);
#1508=CARTESIAN_POINT('',(18.25,29.250000000000004,23.0));
#1509=VERTEX_POINT('',#1508);
#1510=CARTESIAN_POINT('',(19.25,29.250000000000004,23.0));
#1511=DIRECTION('',(0.0,0.0,-1.0));
#1512=DIRECTION('',(1.0,0.0,0.0));
#1513=AXIS2_PLACEMENT_3D('',#1510,#1511,#1512);
#1514=CIRCLE('',#1513,1.0);
#1515=EDGE_CURVE('',#1509,#1509,#1514,.T.);
#1516=ORIENTED_EDGE('',*,*,#1515,.F.);
#1517=EDGE_LOOP('',(#1516));
#1518=FACE_OUTER_BOUND('',#1517,.T.);
#1519=ORIENTED_EDGE('',*,*,#1487,.F.);
#1520=EDGE_LOOP('',(#1519));
#1521=FACE_BOUND('',#1520,.T.);
#1522=ADVANCED_FACE('',(#1518,#1521),#1507,.F.);
#1523=CARTESIAN_POINT('',(19.25,29.250000000000004,2.199999999999998));
#1524=DIRECTION('',(0.0,0.0,1.0));
#1525=DIRECTION('',(1.0,0.0,0.0));
#1526=AXIS2_PLACEMENT_3D('',#1523,#1524,#1525);
#1527=PLANE('',#1526);
#1528=CARTESIAN_POINT('',(16.75,29.250000000000004,2.199999999999998));
#1529=VERTEX_POINT('',#1528);
#1530=CARTESIAN_POINT('',(19.25,29.250000000000004,2.199999999999998));
#1531=DIRECTION('',(0.0,0.0,1.0));
#1532=DIRECTION('',(1.0,0.0,0.0));
#1533=AXIS2_PLACEMENT_3D('',#1530,#1531,#1532);
#1534=CIRCLE('',#1533,2.5);
#1535=EDGE_CURVE('',#1529,#1529,#1534,.T.);
#1536=ORIENTED_EDGE('',*,*,#1535,.F.);
#1537=EDGE_LOOP('',(#1536));
#1538=FACE_OUTER_BOUND('',#1537,.T.);
#1539=ORIENTED_EDGE('',*,*,#1498,.F.);
#1540=EDGE_LOOP('',(#1539));
#1541=FACE_BOUND('',#1540,.T.);
#1542=ADVANCED_FACE('',(#1538,#1541),#1527,.F.);
#1543=CARTESIAN_POINT('',(-19.25,-29.250000000000004,23.0));
#1544=DIRECTION('',(0.0,0.0,1.0));
#1545=DIRECTION('',(1.0,0.0,0.0));
#1546=AXIS2_PLACEMENT_3D('',#1543,#1544,#1545);
#1547=PLANE('',#1546);
#1548=ORIENTED_EDGE('',*,*,#1327,.T.);
#1549=EDGE_LOOP('',(#1548));
#1550=FACE_OUTER_BOUND('',#1549,.T.);
#1551=ADVANCED_FACE('',(#1550),#1547,.F.);
#1552=CARTESIAN_POINT('',(19.25,29.250000000000004,23.0));
#1553=DIRECTION('',(0.0,0.0,1.0));
#1554=DIRECTION('',(1.0,0.0,0.0));
#1555=AXIS2_PLACEMENT_3D('',#1552,#1553,#1554);
#1556=PLANE('',#1555);
#1557=ORIENTED_EDGE('',*,*,#1515,.T.);
#1558=EDGE_LOOP('',(#1557));
#1559=FACE_OUTER_BOUND('',#1558,.T.);
#1560=ADVANCED_FACE('',(#1559),#1556,.F.);
#1561=CARTESIAN_POINT('',(-19.25,29.250000000000004,23.0));
#1562=DIRECTION('',(0.0,0.0,1.0));
#1563=DIRECTION('',(1.0,0.0,0.0));
#1564=AXIS2_PLACEMENT_3D('',#1561,#1562,#1563);
#1565=PLANE('',#1564);
#1566=ORIENTED_EDGE('',*,*,#1387,.T.);
#1567=EDGE_LOOP('',(#1566));
#1568=FACE_OUTER_BOUND('',#1567,.T.);
#1569=ADVANCED_FACE('',(#1568),#1565,.F.);
#1570=CARTESIAN_POINT('',(19.25,-29.250000000000004,23.0));
#1571=DIRECTION('',(0.0,0.0,1.0));
#1572=DIRECTION('',(1.0,0.0,0.0));
#1573=AXIS2_PLACEMENT_3D('',#1570,#1571,#1572);
#1574=PLANE('',#1573);
#1575=ORIENTED_EDGE('',*,*,#1455,.T.);
#1576=EDGE_LOOP('',(#1575));
#1577=FACE_OUTER_BOUND('',#1576,.T.);
#1578=ADVANCED_FACE('',(#1577),#1574,.F.);
#1579=CARTESIAN_POINT('',(19.25,29.250000000000004,22.5));
#1580=DIRECTION('',(0.0,0.0,-1.0));
#1581=DIRECTION('',(1.0,0.0,0.0));
#1582=AXIS2_PLACEMENT_3D('',#1579,#1580,#1581);
#1583=CYLINDRICAL_SURFACE('',#1582,2.5);
#1584=ORIENTED_EDGE('',*,*,#285,.T.);
#1585=CARTESIAN_POINT('',(21.731438299032142,29.554078884660665,22.499999999999996));
#1586=VERTEX_POINT('',#1585);
#1587=CARTESIAN_POINT('',(19.25,29.250000000000004,22.5));
#1588=DIRECTION('',(0.0,0.0,1.0));
#1589=DIRECTION('',(1.0,0.0,0.0));
#1590=AXIS2_PLACEMENT_3D('',#1587,#1588,#1589);
#1591=CIRCLE('',#1590,2.5);
#1592=EDGE_CURVE('',#1586,#272,#1591,.T.);
#1593=ORIENTED_EDGE('',*,*,#1592,.F.);
#1594=CARTESIAN_POINT('',(21.731438299032138,28.945921115339299,22.5));
#1595=VERTEX_POINT('',#1594);
#1596=CARTESIAN_POINT('',(21.731438299032138,28.945921115339299,22.5));
#1597=CARTESIAN_POINT('',(21.744168721469755,29.04980783484897,22.5));
#1598=CARTESIAN_POINT('',(21.75,29.152591285587839,22.499655344469748));
#1599=CARTESIAN_POINT('',(21.75,29.347408714412158,22.499655344469751));
#1600=CARTESIAN_POINT('',(21.744168721469755,29.450192165151002,22.5));
#1601=CARTESIAN_POINT('',(21.731438299032142,29.554078884660665,22.5));
#1602=B_SPLINE_CURVE_WITH_KNOTS('',3,(#1596,#1597,#1598,#1599,#1600,#1601),.UNSPECIFIED.,.F.,.U.,(4,2,4),(0.147063001126344,0.176285615449993,0.20550822977364),.UNSPECIFIED.);
#1603=EDGE_CURVE('',#1595,#1586,#1602,.T.);
#1604=ORIENTED_EDGE('',*,*,#1603,.F.);
#1605=CARTESIAN_POINT('',(18.945921115339214,31.731438299032135,22.5));
#1606=VERTEX_POINT('',#1605);
#1607=CARTESIAN_POINT('',(19.25,29.250000000000004,22.5));
#1608=DIRECTION('',(0.0,0.0,1.0));
#1609=DIRECTION('',(1.0,0.0,0.0));
#1610=AXIS2_PLACEMENT_3D('',#1607,#1608,#1609);
#1611=CIRCLE('',#1610,2.5);
#1612=EDGE_CURVE('',#1606,#1595,#1611,.T.);
#1613=ORIENTED_EDGE('',*,*,#1612,.F.);
#1614=CARTESIAN_POINT('',(19.55407888466079,31.731438299032128,22.5));
#1615=CARTESIAN_POINT('',(19.450192165151087,31.744168721469755,22.5));
#1616=CARTESIAN_POINT('',(19.347408714412197,31.750000000000007,22.499655344469748));
#1617=CARTESIAN_POINT('',(19.152591285587807,31.750000000000004,22.499655344469744));
#1618=CARTESIAN_POINT('',(19.049807834848917,31.744168721469755,22.5));
#1619=CARTESIAN_POINT('',(18.945921115339214,31.731438299032128,22.5));
#1620=B_SPLINE_CURVE_WITH_KNOTS('',3,(#1614,#1615,#1616,#1617,#1618,#1619),.UNSPECIFIED.,.F.,.U.,(4,2,4),(0.147063001126338,0.176285615449996,0.205508229773653),.UNSPECIFIED.);
#1621=EDGE_CURVE('',#947,#1606,#1620,.T.);
#1622=ORIENTED_EDGE('',*,*,#1621,.F.);
#1623=ORIENTED_EDGE('',*,*,#953,.F.);
#1624=ORIENTED_EDGE('',*,*,#325,.T.);
#1625=ORIENTED_EDGE('',*,*,#369,.T.);
#1626=EDGE_LOOP('',(#1584,#1593,#1604,#1613,#1622,#1623,#1624,#1625));
#1627=FACE_OUTER_BOUND('',#1626,.T.);
#1628=ORIENTED_EDGE('',*,*,#1535,.T.);
#1629=EDGE_LOOP('',(#1628));
#1630=FACE_BOUND('',#1629,.T.);
#1631=ADVANCED_FACE('',(#1627,#1630),#1583,.T.);
#1632=CARTESIAN_POINT('',(-19.25,29.250000000000004,22.5));
#1633=DIRECTION('',(0.0,0.0,-1.0));
#1634=DIRECTION('',(1.0,0.0,0.0));
#1635=AXIS2_PLACEMENT_3D('',#1632,#1633,#1634);
#1636=CYLINDRICAL_SURFACE('',#1635,2.5);
#1637=ORIENTED_EDGE('',*,*,#553,.T.);
#1638=CARTESIAN_POINT('',(-19.55407888466079,31.731438299032135,22.5));
#1639=VERTEX_POINT('',#1638);
#1640=CARTESIAN_POINT('',(-19.25,29.250000000000004,22.5));
#1641=DIRECTION('',(0.0,0.0,1.0));
#1642=DIRECTION('',(1.0,0.0,0.0));
#1643=AXIS2_PLACEMENT_3D('',#1640,#1641,#1642);
#1644=CIRCLE('',#1643,2.5);
#1645=EDGE_CURVE('',#1639,#540,#1644,.T.);
#1646=ORIENTED_EDGE('',*,*,#1645,.F.);
#1647=CARTESIAN_POINT('',(-18.945921115339214,31.731438299032135,22.5));
#1648=VERTEX_POINT('',#1647);
#1649=CARTESIAN_POINT('',(-18.945921115339214,31.731438299032128,22.5));
#1650=CARTESIAN_POINT('',(-19.04980783484892,31.744168721469755,22.5));
#1651=CARTESIAN_POINT('',(-19.152591285587807,31.75,22.499655344469748));
#1652=CARTESIAN_POINT('',(-19.34740871441219,31.75,22.499655344469748));
#1653=CARTESIAN_POINT('',(-19.450192165151087,31.744168721469755,22.5));
#1654=CARTESIAN_POINT('',(-19.55407888466079,31.731438299032128,22.5));
#1655=B_SPLINE_CURVE_WITH_KNOTS('',3,(#1649,#1650,#1651,#1652,#1653,#1654),.UNSPECIFIED.,.F.,.U.,(4,2,4),(0.147063001126338,0.176285615449996,0.205508229773654),.UNSPECIFIED.);
#1656=EDGE_CURVE('',#1648,#1639,#1655,.T.);
#1657=ORIENTED_EDGE('',*,*,#1656,.F.);
#1658=CARTESIAN_POINT('',(-21.731438299032135,28.945921115339253,22.5));
#1659=VERTEX_POINT('',#1658);
#1660=CARTESIAN_POINT('',(-19.25,29.250000000000004,22.5));
#1661=DIRECTION('',(0.0,0.0,1.0));
#1662=DIRECTION('',(1.0,0.0,0.0));
#1663=AXIS2_PLACEMENT_3D('',#1660,#1661,#1662);
#1664=CIRCLE('',#1663,2.5);
#1665=EDGE_CURVE('',#1659,#1648,#1664,.T.);
#1666=ORIENTED_EDGE('',*,*,#1665,.F.);
#1667=CARTESIAN_POINT('',(-21.731438299032135,29.554078884660754,22.5));
#1668=CARTESIAN_POINT('',(-21.744168721469755,29.450192165151062,22.5));
#1669=CARTESIAN_POINT('',(-21.75,29.347408714412182,22.499655344469748));
#1670=CARTESIAN_POINT('',(-21.75,29.152591285587821,22.499655344469748));
#1671=CARTESIAN_POINT('',(-21.744168721469755,29.049807834848949,22.5));
#1672=CARTESIAN_POINT('',(-21.731438299032135,28.945921115339253,22.5));
#1673=B_SPLINE_CURVE_WITH_KNOTS('',3,(#1667,#1668,#1669,#1670,#1671,#1672),.UNSPECIFIED.,.F.,.U.,(4,2,4),(0.147063001126341,0.176285615449995,0.205508229773649),.UNSPECIFIED.);
#1674=EDGE_CURVE('',#1269,#1659,#1673,.T.);
#1675=ORIENTED_EDGE('',*,*,#1674,.F.);
#1676=ORIENTED_EDGE('',*,*,#1275,.F.);
#1677=ORIENTED_EDGE('',*,*,#593,.T.);
#1678=ORIENTED_EDGE('',*,*,#637,.T.);
#1679=EDGE_LOOP('',(#1637,#1646,#1657,#1666,#1675,#1676,#1677,#1678));
#1680=FACE_OUTER_BOUND('',#1679,.T.);
#1681=ORIENTED_EDGE('',*,*,#1407,.T.);
#1682=EDGE_LOOP('',(#1681));
#1683=FACE_BOUND('',#1682,.T.);
#1684=ADVANCED_FACE('',(#1680,#1683),#1636,.T.);
#1685=CARTESIAN_POINT('',(-1.110223E-015,-6.819941E-015,22.5));
#1686=DIRECTION('',(0.0,0.0,1.0));
#1687=DIRECTION('',(1.0,0.0,0.0));
#1688=AXIS2_PLACEMENT_3D('',#1685,#1686,#1687);
#1689=PLANE('',#1688);
#1690=ORIENTED_EDGE('',*,*,#545,.T.);
#1691=CARTESIAN_POINT('',(-20.732047472013036,31.731438299032128,22.5));
#1692=VERTEX_POINT('',#1691);
#1693=CARTESIAN_POINT('',(-20.730828754733309,30.730828754733295,22.5));
#1694=DIRECTION('',(0.0,0.0,1.0));
#1695=DIRECTION('',(-0.707106781186545,0.70710678118655,0.0));
#1696=AXIS2_PLACEMENT_3D('',#1693,#1694,#1695);
#1697=ELLIPSE('',#1696,1.001218717505717,1.0);
#1698=EDGE_CURVE('',#1692,#525,#1697,.T.);
#1699=ORIENTED_EDGE('',*,*,#1698,.F.);
#1700=CARTESIAN_POINT('',(-19.55407888466079,31.731438299032128,22.5));
#1701=DIRECTION('',(-1.0,0.0,0.0));
#1702=VECTOR('',#1701,1.177968587352247);
#1703=LINE('',#1700,#1702);
#1704=EDGE_CURVE('',#1639,#1692,#1703,.T.);
#1705=ORIENTED_EDGE('',*,*,#1704,.F.);
#1706=ORIENTED_EDGE('',*,*,#1645,.T.);
#1707=EDGE_LOOP('',(#1690,#1699,#1705,#1706));
#1708=FACE_OUTER_BOUND('',#1707,.T.);
#1709=ADVANCED_FACE('',(#1708),#1689,.F.);
#1710=CARTESIAN_POINT('',(-1.110223E-015,-6.819941E-015,22.5));
#1711=DIRECTION('',(0.0,0.0,1.0));
#1712=DIRECTION('',(1.0,0.0,0.0));
#1713=AXIS2_PLACEMENT_3D('',#1710,#1711,#1712);
#1714=PLANE('',#1713);
#1715=ORIENTED_EDGE('',*,*,#277,.T.);
#1716=CARTESIAN_POINT('',(21.731438299032142,30.732047472013029,22.5));
#1717=VERTEX_POINT('',#1716);
#1718=CARTESIAN_POINT('',(20.730828754733317,30.730828754733306,22.5));
#1719=DIRECTION('',(0.0,0.0,1.0));
#1720=DIRECTION('',(0.707106781186547,0.707106781186547,0.0));
#1721=AXIS2_PLACEMENT_3D('',#1718,#1719,#1720);
#1722=ELLIPSE('',#1721,1.001218717505717,1.0);
#1723=EDGE_CURVE('',#1717,#257,#1722,.T.);
#1724=ORIENTED_EDGE('',*,*,#1723,.F.);
#1725=CARTESIAN_POINT('',(21.731438299032142,29.554078884660669,22.5));
#1726=DIRECTION('',(0.0,1.0,0.0));
#1727=VECTOR('',#1726,1.177968587352364);
#1728=LINE('',#1725,#1727);
#1729=EDGE_CURVE('',#1586,#1717,#1728,.T.);
#1730=ORIENTED_EDGE('',*,*,#1729,.F.);
#1731=ORIENTED_EDGE('',*,*,#1592,.T.);
#1732=EDGE_LOOP('',(#1715,#1724,#1730,#1731));
#1733=FACE_OUTER_BOUND('',#1732,.T.);
#1734=ADVANCED_FACE('',(#1733),#1714,.F.);
#1735=CARTESIAN_POINT('',(-1.110223E-015,-6.819941E-015,22.5));
#1736=DIRECTION('',(0.0,0.0,1.0));
#1737=DIRECTION('',(1.0,0.0,0.0));
#1738=AXIS2_PLACEMENT_3D('',#1735,#1736,#1737);
#1739=PLANE('',#1738);
#1740=ORIENTED_EDGE('',*,*,#831,.T.);
#1741=CARTESIAN_POINT('',(-18.945921115339331,-31.731438299032142,22.5));
#1742=DIRECTION('',(1.0,0.0,0.0));
#1743=VECTOR('',#1742,37.89184223067916);
#1744=LINE('',#1741,#1743);
#1745=EDGE_CURVE('',#1147,#814,#1744,.T.);
#1746=ORIENTED_EDGE('',*,*,#1745,.F.);
#1747=ORIENTED_EDGE('',*,*,#1153,.T.);
#1748=CARTESIAN_POINT('',(-21.731438299032135,28.945921115339253,22.5));
#1749=DIRECTION('',(0.0,-1.0,0.0));
#1750=VECTOR('',#1749,57.891842230678506);
#1751=LINE('',#1748,#1750);
#1752=EDGE_CURVE('',#1659,#1136,#1751,.T.);
#1753=ORIENTED_EDGE('',*,*,#1752,.F.);
#1754=ORIENTED_EDGE('',*,*,#1665,.T.);
#1755=CARTESIAN_POINT('',(18.945921115339218,31.731438299032128,22.5));
#1756=DIRECTION('',(-1.0,0.0,0.0));
#1757=VECTOR('',#1756,37.891842230678435);
#1758=LINE('',#1755,#1757);
#1759=EDGE_CURVE('',#1606,#1648,#1758,.T.);
#1760=ORIENTED_EDGE('',*,*,#1759,.F.);
#1761=ORIENTED_EDGE('',*,*,#1612,.T.);
#1762=CARTESIAN_POINT('',(21.731438299032128,-28.945921115339242,22.5));
#1763=DIRECTION('',(0.0,1.0,0.0));
#1764=VECTOR('',#1763,57.891842230678549);
#1765=LINE('',#1762,#1764);
#1766=EDGE_CURVE('',#825,#1595,#1765,.T.);
#1767=ORIENTED_EDGE('',*,*,#1766,.F.);
#1768=EDGE_LOOP('',(#1740,#1746,#1747,#1753,#1754,#1760,#1761,#1767));
#1769=FACE_OUTER_BOUND('',#1768,.T.);
#1770=CARTESIAN_POINT('',(-18.300000000000001,-20.0,22.5));
#1771=VERTEX_POINT('',#1770);
#1772=CARTESIAN_POINT('',(-16.0,-20.0,22.5));
#1773=DIRECTION('',(0.0,0.0,-1.0));
#1774=DIRECTION('',(1.0,0.0,0.0));
#1775=AXIS2_PLACEMENT_3D('',#1772,#1773,#1774);
#1776=CIRCLE('',#1775,2.3);
#1777=EDGE_CURVE('',#1771,#1771,#1776,.T.);
#1778=ORIENTED_EDGE('',*,*,#1777,.F.);
#1779=EDGE_LOOP('',(#1778));
#1780=FACE_BOUND('',#1779,.T.);
#1781=CARTESIAN_POINT('',(13.700000000000001,20.0,22.5));
#1782=VERTEX_POINT('',#1781);
#1783=CARTESIAN_POINT('',(16.0,20.0,22.5));
#1784=DIRECTION('',(0.0,0.0,-1.0));
#1785=DIRECTION('',(1.0,0.0,0.0));
#1786=AXIS2_PLACEMENT_3D('',#1783,#1784,#1785);
#1787=CIRCLE('',#1786,2.3);
#1788=EDGE_CURVE('',#1782,#1782,#1787,.T.);
#1789=ORIENTED_EDGE('',*,*,#1788,.F.);
#1790=EDGE_LOOP('',(#1789));
#1791=FACE_BOUND('',#1790,.T.);
#1792=CARTESIAN_POINT('',(13.700000000000001,-20.0,22.5));
#1793=VERTEX_POINT('',#1792);
#1794=CARTESIAN_POINT('',(16.0,-20.0,22.5));
#1795=DIRECTION('',(0.0,0.0,-1.0));
#1796=DIRECTION('',(1.0,0.0,0.0));
#1797=AXIS2_PLACEMENT_3D('',#1794,#1795,#1796);
#1798=CIRCLE('',#1797,2.3);
#1799=EDGE_CURVE('',#1793,#1793,#1798,.T.);
#1800=ORIENTED_EDGE('',*,*,#1799,.F.);
#1801=EDGE_LOOP('',(#1800));
#1802=FACE_BOUND('',#1801,.T.);
#1803=CARTESIAN_POINT('',(-18.300000000000001,20.0,22.5));
#1804=VERTEX_POINT('',#1803);
#1805=CARTESIAN_POINT('',(-16.0,20.0,22.5));
#1806=DIRECTION('',(0.0,0.0,-1.0));
#1807=DIRECTION('',(1.0,0.0,0.0));
#1808=AXIS2_PLACEMENT_3D('',#1805,#1806,#1807);
#1809=CIRCLE('',#1808,2.3);
#1810=EDGE_CURVE('',#1804,#1804,#1809,.T.);
#1811=ORIENTED_EDGE('',*,*,#1810,.F.);
#1812=EDGE_LOOP('',(#1811));
#1813=FACE_BOUND('',#1812,.T.);
#1814=ADVANCED_FACE('',(#1769,#1780,#1791,#1802,#1813),#1739,.F.);
#1815=CARTESIAN_POINT('',(21.731438299032138,16.499999999999989,22.0));
#1816=DIRECTION('',(-2.018587E-016,-1.0,0.0));
#1817=DIRECTION('',(0.694658370458995,0.0,0.719339800338654));
#1818=AXIS2_PLACEMENT_3D('',#1815,#1816,#1817);
#1819=CYLINDRICAL_SURFACE('',#1818,0.5);
#1820=ORIENTED_EDGE('',*,*,#840,.T.);
#1821=ORIENTED_EDGE('',*,*,#1766,.T.);
#1822=ORIENTED_EDGE('',*,*,#1603,.T.);
#1823=ORIENTED_EDGE('',*,*,#1729,.T.);
#1824=CARTESIAN_POINT('',(21.731438299032142,30.732047472013029,22.0));
#1825=DIRECTION('',(0.0,1.0,0.0));
#1826=DIRECTION('',(0.0,0.0,1.0));
#1827=AXIS2_PLACEMENT_3D('',#1824,#1825,#1826);
#1828=CIRCLE('',#1827,0.499999999999998);
#1829=EDGE_CURVE('',#1717,#881,#1828,.T.);
#1830=ORIENTED_EDGE('',*,*,#1829,.T.);
#1831=CARTESIAN_POINT('',(22.231133712541684,30.732047472013033,22.017449748351254));
#1832=DIRECTION('',(0.0,-1.0,0.0));
#1833=VECTOR('',#1832,61.464094944026066);
#1834=LINE('',#1831,#1833);
#1835=EDGE_CURVE('',#881,#725,#1834,.T.);
#1836=ORIENTED_EDGE('',*,*,#1835,.T.);
#1837=ORIENTED_EDGE('',*,*,#731,.T.);
#1838=ORIENTED_EDGE('',*,*,#787,.T.);
#1839=EDGE_LOOP('',(#1820,#1821,#1822,#1823,#1830,#1836,#1837,#1838));
#1840=FACE_OUTER_BOUND('',#1839,.T.);
#1841=ADVANCED_FACE('',(#1840),#1819,.F.);
#1842=CARTESIAN_POINT('',(21.565914786254162,31.283072073779543,22.5));
#1843=CARTESIAN_POINT('',(21.671772339836792,31.353003185439899,22.5));
#1844=CARTESIAN_POINT('',(21.882671653177134,31.492326482938772,22.398447302916967));
#1845=CARTESIAN_POINT('',(21.977498001618329,31.554970212524005,22.150886848354467));
#1846=CARTESIAN_POINT('',(21.98261396364575,31.558349894933823,22.024164369259815));
#1847=CARTESIAN_POINT('',(21.673115731344204,31.120797665157337,22.5));
#1848=CARTESIAN_POINT('',(21.792745160885602,31.170174608896005,22.500004742338117));
#1849=CARTESIAN_POINT('',(22.030967593525421,31.26870042635813,22.398176743825402));
#1850=CARTESIAN_POINT('',(22.137974085506293,31.312572174481488,22.150099077729941));
#1851=CARTESIAN_POINT('',(22.143448879528083,31.314971780247784,22.023205104966401));
#1852=CARTESIAN_POINT('',(21.731438299032138,30.926642955080879,22.5));
#1853=CARTESIAN_POINT('',(21.858858830929371,30.951575903772831,22.499982796104106));
#1854=CARTESIAN_POINT('',(22.112722512257683,31.001043573238448,22.397520161120536));
#1855=CARTESIAN_POINT('',(22.225681929839361,31.023138782722203,22.148157663029579));
#1856=CARTESIAN_POINT('',(22.231015350499575,31.023822334572696,22.02083919376825));
#1857=CARTESIAN_POINT('',(21.731438299032138,30.732047472013029,22.5));
#1858=CARTESIAN_POINT('',(21.859429110845056,30.732047472013029,22.5));
#1859=CARTESIAN_POINT('',(22.114386642498062,30.732047472013026,22.396554618274848));
#1860=CARTESIAN_POINT('',(22.226666897626867,30.732047472013029,22.145362591619811));
#1861=CARTESIAN_POINT('',(22.231133712541684,30.732047472013029,22.017449748351254));
#1862=B_SPLINE_SURFACE_WITH_KNOTS('',3,3,((#1842,#1847,#1852,#1857),(#1843,#1848,#1853,#1858),(#1844,#1849,#1854,#1859),(#1845,#1850,#1855,#1860),(#1846,#1851,#1856,#1861)),.UNSPECIFIED.,.F.,.F.,.F.,(4,1,4),(4,4),(0.0,0.5,1.0),(0.201357920790324,0.784789175811837),.UNSPECIFIED.);
#1863=ORIENTED_EDGE('',*,*,#269,.T.);
#1864=ORIENTED_EDGE('',*,*,#893,.T.);
#1865=ORIENTED_EDGE('',*,*,#1829,.F.);
#1866=ORIENTED_EDGE('',*,*,#1723,.T.);
#1867=EDGE_LOOP('',(#1863,#1864,#1865,#1866));
#1868=FACE_OUTER_BOUND('',#1867,.T.);
#1869=ADVANCED_FACE('',(#1868),#1862,.T.);
#1870=CARTESIAN_POINT('',(-11.499999999999996,31.731438299032128,22.0));
#1871=DIRECTION('',(1.0,0.0,0.0));
#1872=DIRECTION('',(0.0,0.694658370459001,0.719339800338648));
#1873=AXIS2_PLACEMENT_3D('',#1870,#1871,#1872);
#1874=CYLINDRICAL_SURFACE('',#1873,0.5);
#1875=ORIENTED_EDGE('',*,*,#1621,.T.);
#1876=ORIENTED_EDGE('',*,*,#1759,.T.);
#1877=ORIENTED_EDGE('',*,*,#1656,.T.);
#1878=ORIENTED_EDGE('',*,*,#1704,.T.);
#1879=CARTESIAN_POINT('',(-20.732047472013036,31.731438299032128,22.0));
#1880=DIRECTION('',(-1.0,0.0,0.0));
#1881=DIRECTION('',(0.0,0.0,1.0));
#1882=AXIS2_PLACEMENT_3D('',#1879,#1880,#1881);
#1883=CIRCLE('',#1882,0.499999999999998);
#1884=EDGE_CURVE('',#1692,#1203,#1883,.T.);
#1885=ORIENTED_EDGE('',*,*,#1884,.T.);
#1886=CARTESIAN_POINT('',(-20.732047472013036,32.231133712541677,22.017449748351254));
#1887=DIRECTION('',(1.0,0.0,0.0));
#1888=VECTOR('',#1887,41.464094944026073);
#1889=LINE('',#1886,#1888);
#1890=EDGE_CURVE('',#1203,#855,#1889,.T.);
#1891=ORIENTED_EDGE('',*,*,#1890,.T.);
#1892=ORIENTED_EDGE('',*,*,#934,.F.);
#1893=ORIENTED_EDGE('',*,*,#959,.T.);
#1894=EDGE_LOOP('',(#1875,#1876,#1877,#1878,#1885,#1891,#1892,#1893));
#1895=FACE_OUTER_BOUND('',#1894,.T.);
#1896=ADVANCED_FACE('',(#1895),#1874,.F.);
#1897=CARTESIAN_POINT('',(11.499999999999989,-31.731438299032146,22.0));
#1898=DIRECTION('',(-1.0,9.654113E-017,0.0));
#1899=DIRECTION('',(0.0,-0.694658370459001,0.719339800338648));
#1900=AXIS2_PLACEMENT_3D('',#1897,#1898,#1899);
#1901=CYLINDRICAL_SURFACE('',#1900,0.5);
#1902=ORIENTED_EDGE('',*,*,#822,.T.);
#1903=ORIENTED_EDGE('',*,*,#756,.T.);
#1904=ORIENTED_EDGE('',*,*,#681,.F.);
#1905=CARTESIAN_POINT('',(20.732047472013022,-32.231133712541691,22.017449748351254));
#1906=DIRECTION('',(-1.0,0.0,0.0));
#1907=VECTOR('',#1906,41.464094944026058);
#1908=LINE('',#1905,#1907);
#1909=EDGE_CURVE('',#666,#1047,#1908,.T.);
#1910=ORIENTED_EDGE('',*,*,#1909,.T.);
#1911=ORIENTED_EDGE('',*,*,#1053,.T.);
#1912=ORIENTED_EDGE('',*,*,#1109,.T.);
#1913=ORIENTED_EDGE('',*,*,#1162,.T.);
#1914=ORIENTED_EDGE('',*,*,#1745,.T.);
#1915=EDGE_LOOP('',(#1902,#1903,#1904,#1910,#1911,#1912,#1913,#1914));
#1916=FACE_OUTER_BOUND('',#1915,.T.);
#1917=ADVANCED_FACE('',(#1916),#1901,.F.);
#1918=CARTESIAN_POINT('',(-21.283072073779536,31.565914786254154,22.5));
#1919=CARTESIAN_POINT('',(-21.353003185439885,31.671772339836785,22.5));
#1920=CARTESIAN_POINT('',(-21.492326482938765,31.882671653177141,22.398447302916974));
#1921=CARTESIAN_POINT('',(-21.55497021252399,31.977498001618322,22.150886848354471));
#1922=CARTESIAN_POINT('',(-21.558349894933812,31.982613963645747,22.024164369259822));
#1923=CARTESIAN_POINT('',(-21.120797665157333,31.673115731344193,22.5));
#1924=CARTESIAN_POINT('',(-21.170174608895994,31.792745160885584,22.500004742338117));
#1925=CARTESIAN_POINT('',(-21.268700426358123,32.030967593525418,22.398176743825413));
#1926=CARTESIAN_POINT('',(-21.312572174481481,32.137974085506279,22.150099077729944));
#1927=CARTESIAN_POINT('',(-21.314971780247774,32.143448879528066,22.023205104966404));
#1928=CARTESIAN_POINT('',(-20.926642955080879,31.731438299032121,22.5));
#1929=CARTESIAN_POINT('',(-20.951575903772831,31.858858830929361,22.499982796104106));
#1930=CARTESIAN_POINT('',(-21.001043573238455,32.112722512257669,22.397520161120546));
#1931=CARTESIAN_POINT('',(-21.023138782722199,32.225681929839347,22.148157663029579));
#1932=CARTESIAN_POINT('',(-21.023822334572692,32.231015350499554,22.02083919376825));
#1933=CARTESIAN_POINT('',(-20.732047472013036,31.731438299032121,22.5));
#1934=CARTESIAN_POINT('',(-20.732047472013036,31.859429110845035,22.5));
#1935=CARTESIAN_POINT('',(-20.73204747201304,32.114386642498047,22.396554618274855));
#1936=CARTESIAN_POINT('',(-20.732047472013036,32.226666897626849,22.145362591619811));
#1937=CARTESIAN_POINT('',(-20.732047472013036,32.231133712541663,22.017449748351254));
#1938=B_SPLINE_SURFACE_WITH_KNOTS('',3,3,((#1918,#1923,#1928,#1933),(#1919,#1924,#1929,#1934),(#1920,#1925,#1930,#1935),(#1921,#1926,#1931,#1936),(#1922,#1927,#1932,#1937)),.UNSPECIFIED.,.F.,.F.,.F.,(4,1,4),(4,4),(0.0,0.5,1.0),(0.201357920790338,0.784789175811834),.UNSPECIFIED.);
#1939=ORIENTED_EDGE('',*,*,#537,.T.);
#1940=ORIENTED_EDGE('',*,*,#1215,.T.);
#1941=ORIENTED_EDGE('',*,*,#1884,.F.);
#1942=ORIENTED_EDGE('',*,*,#1698,.T.);
#1943=EDGE_LOOP('',(#1939,#1940,#1941,#1942));
#1944=FACE_OUTER_BOUND('',#1943,.T.);
#1945=ADVANCED_FACE('',(#1944),#1938,.T.);
#1946=CARTESIAN_POINT('',(-21.731438299032135,-16.500000000000007,22.0));
#1947=DIRECTION('',(0.0,1.0,0.0));
#1948=DIRECTION('',(-0.694658370458995,0.0,0.719339800338654));
#1949=AXIS2_PLACEMENT_3D('',#1946,#1947,#1948);
#1950=CYLINDRICAL_SURFACE('',#1949,0.5);
#1951=ORIENTED_EDGE('',*,*,#1674,.T.);
#1952=ORIENTED_EDGE('',*,*,#1752,.T.);
#1953=ORIENTED_EDGE('',*,*,#1144,.T.);
#1954=ORIENTED_EDGE('',*,*,#1078,.T.);
#1955=ORIENTED_EDGE('',*,*,#1003,.F.);
#1956=CARTESIAN_POINT('',(-22.231133712541681,-30.732047472013051,22.017449748351254));
#1957=DIRECTION('',(0.0,1.0,0.0));
#1958=VECTOR('',#1957,61.464094944026066);
#1959=LINE('',#1956,#1958);
#1960=EDGE_CURVE('',#988,#1177,#1959,.T.);
#1961=ORIENTED_EDGE('',*,*,#1960,.T.);
#1962=ORIENTED_EDGE('',*,*,#1256,.F.);
#1963=ORIENTED_EDGE('',*,*,#1281,.T.);
#1964=EDGE_LOOP('',(#1951,#1952,#1953,#1954,#1955,#1961,#1962,#1963));
#1965=FACE_OUTER_BOUND('',#1964,.T.);
#1966=ADVANCED_FACE('',(#1965),#1950,.F.);
#1967=CARTESIAN_POINT('',(-21.474758043832736,-31.474758043832757,0.69665245276928));
#1968=DIRECTION('',(0.034878262742375,0.034878262742375,0.998782765958718));
#1969=DIRECTION('',(-0.706246066741666,-0.706246066741666,0.049325312202279));
#1970=AXIS2_PLACEMENT_3D('',#1967,#1968,#1969);
#1971=CYLINDRICAL_SURFACE('',#1970,1.5);
#1972=ORIENTED_EDGE('',*,*,#474,.T.);
#1973=ORIENTED_EDGE('',*,*,#1060,.F.);
#1974=CARTESIAN_POINT('',(-21.500913759471345,-33.0,0.0));
#1975=VERTEX_POINT('',#1974);
#1976=CARTESIAN_POINT('',(-20.732047472013029,-32.231133712541691,22.017449748351257));
#1977=DIRECTION('',(-0.034878262742375,-0.034878262742375,-0.998782765958718));
#1978=VECTOR('',#1977,22.044282799790803);
#1979=LINE('',#1976,#1978);
#1980=EDGE_CURVE('',#1047,#1975,#1979,.T.);
#1981=ORIENTED_EDGE('',*,*,#1980,.T.);
#1982=CARTESIAN_POINT('',(-23.0,-31.500913759471363,0.0));
#1983=VERTEX_POINT('',#1982);
#1984=CARTESIAN_POINT('',(-21.499085683551755,-31.499085683551769,0.0));
#1985=DIRECTION('',(0.0,0.0,-1.0));
#1986=DIRECTION('',(-0.707106781186547,-0.707106781186547,0.0));
#1987=AXIS2_PLACEMENT_3D('',#1984,#1985,#1986);
#1988=ELLIPSE('',#1987,1.501828076258575,1.5);
#1989=EDGE_CURVE('',#1975,#1983,#1988,.T.);
#1990=ORIENTED_EDGE('',*,*,#1989,.T.);
#1991=CARTESIAN_POINT('',(-22.999999999999993,-31.500913759471363,-4.440892E-016));
#1992=DIRECTION('',(0.034878262742375,0.034878262742375,0.998782765958718));
#1993=VECTOR('',#1992,22.0442827997908);
#1994=LINE('',#1991,#1993);
#1995=EDGE_CURVE('',#1983,#988,#1994,.T.);
#1996=ORIENTED_EDGE('',*,*,#1995,.T.);
#1997=ORIENTED_EDGE('',*,*,#994,.F.);
#1998=ORIENTED_EDGE('',*,*,#428,.T.);
#1999=ORIENTED_EDGE('',*,*,#389,.T.);
#2000=EDGE_LOOP('',(#1972,#1973,#1981,#1990,#1996,#1997,#1998,#1999));
#2001=FACE_OUTER_BOUND('',#2000,.T.);
#2002=ADVANCED_FACE('',(#2001),#1971,.F.);
#2003=CARTESIAN_POINT('',(22.999999999999986,-33.000000000000007,0.0));
#2004=DIRECTION('',(-9.648232E-017,-0.999390827019096,0.034899496702501));
#2005=DIRECTION('',(1.0,0.0,0.0));
#2006=AXIS2_PLACEMENT_3D('',#2003,#2004,#2005);
#2007=PLANE('',#2006);
#2008=ORIENTED_EDGE('',*,*,#1909,.F.);
#2009=CARTESIAN_POINT('',(21.500913759471338,-33.000000000000007,0.0));
#2010=VERTEX_POINT('',#2009);
#2011=CARTESIAN_POINT('',(21.500913759471338,-33.000000000000007,-2.220446E-016));
#2012=DIRECTION('',(-0.034878262742375,0.034878262742374,0.998782765958718));
#2013=VECTOR('',#2012,22.04428279979081);
#2014=LINE('',#2011,#2013);
#2015=EDGE_CURVE('',#2010,#666,#2014,.T.);
#2016=ORIENTED_EDGE('',*,*,#2015,.F.);
#2017=CARTESIAN_POINT('',(-21.500913759471349,-33.000000000000007,0.0));
#2018=DIRECTION('',(1.0,0.0,0.0));
#2019=VECTOR('',#2018,43.001827518942683);
#2020=LINE('',#2017,#2019);
#2021=EDGE_CURVE('',#1975,#2010,#2020,.T.);
#2022=ORIENTED_EDGE('',*,*,#2021,.F.);
#2023=ORIENTED_EDGE('',*,*,#1980,.F.);
#2024=EDGE_LOOP('',(#2008,#2016,#2022,#2023));
#2025=FACE_OUTER_BOUND('',#2024,.T.);
#2026=ADVANCED_FACE('',(#2025),#2007,.F.);
#2027=CARTESIAN_POINT('',(21.462593111713471,-31.462593111713488,1.045010530105919));
#2028=DIRECTION('',(-0.034878262742375,0.034878262742375,0.998782765958718));
#2029=DIRECTION('',(0.706246066741664,-0.706246066741668,0.049325312202279));
#2030=AXIS2_PLACEMENT_3D('',#2027,#2028,#2029);
#2031=CYLINDRICAL_SURFACE('',#2030,1.5);
#2032=ORIENTED_EDGE('',*,*,#206,.T.);
#2033=ORIENTED_EDGE('',*,*,#738,.F.);
#2034=CARTESIAN_POINT('',(22.999999999999989,-31.500913759471359,0.0));
#2035=VERTEX_POINT('',#2034);
#2036=CARTESIAN_POINT('',(22.231133712541673,-30.73204747201304,22.017449748351254));
#2037=DIRECTION('',(0.034878262742375,-0.034878262742375,-0.998782765958718));
#2038=VECTOR('',#2037,22.0442827997908);
#2039=LINE('',#2036,#2038);
#2040=EDGE_CURVE('',#725,#2035,#2039,.T.);
#2041=ORIENTED_EDGE('',*,*,#2040,.T.);
#2042=CARTESIAN_POINT('',(21.499085683551748,-31.499085683551765,0.0));
#2043=DIRECTION('',(0.0,0.0,-1.0));
#2044=DIRECTION('',(0.707106781186546,-0.70710678118655,0.0));
#2045=AXIS2_PLACEMENT_3D('',#2042,#2043,#2044);
#2046=ELLIPSE('',#2045,1.501828076258575,1.5);
#2047=EDGE_CURVE('',#2035,#2010,#2046,.T.);
#2048=ORIENTED_EDGE('',*,*,#2047,.T.);
#2049=ORIENTED_EDGE('',*,*,#2015,.T.);
#2050=ORIENTED_EDGE('',*,*,#672,.F.);
#2051=ORIENTED_EDGE('',*,*,#160,.T.);
#2052=ORIENTED_EDGE('',*,*,#121,.T.);
#2053=EDGE_LOOP('',(#2032,#2033,#2041,#2048,#2049,#2050,#2051,#2052));
#2054=FACE_OUTER_BOUND('',#2053,.T.);
#2055=ADVANCED_FACE('',(#2054),#2031,.F.);
#2056=CARTESIAN_POINT('',(23.0,32.999999999999986,0.0));
#2057=DIRECTION('',(0.999390827019096,-2.017358E-016,0.034899496702501));
#2058=DIRECTION('',(0.0,1.0,0.0));
#2059=AXIS2_PLACEMENT_3D('',#2056,#2057,#2058);
#2060=PLANE('',#2059);
#2061=ORIENTED_EDGE('',*,*,#1835,.F.);
#2062=ORIENTED_EDGE('',*,*,#886,.F.);
#2063=CARTESIAN_POINT('',(22.999999999999989,-31.500913759471356,0.0));
#2064=DIRECTION('',(0.0,1.0,0.0));
#2065=VECTOR('',#2064,63.001827518942704);
#2066=LINE('',#2063,#2065);
#2067=EDGE_CURVE('',#2035,#872,#2066,.T.);
#2068=ORIENTED_EDGE('',*,*,#2067,.F.);
#2069=ORIENTED_EDGE('',*,*,#2040,.F.);
#2070=EDGE_LOOP('',(#2061,#2062,#2068,#2069));
#2071=FACE_OUTER_BOUND('',#2070,.T.);
#2072=ADVANCED_FACE('',(#2071),#2060,.F.);
#2073=CARTESIAN_POINT('',(-16.0,20.0,22.200000000000003));
#2074=DIRECTION('',(0.0,0.0,1.0));
#2075=DIRECTION('',(1.0,0.0,0.0));
#2076=AXIS2_PLACEMENT_3D('',#2073,#2074,#2075);
#2077=TOROIDAL_SURFACE('',#2076,2.3,0.3);
#2078=CARTESIAN_POINT('',(-18.0,20.0,22.200000000000003));
#2079=VERTEX_POINT('',#2078);
#2080=CARTESIAN_POINT('',(-16.0,20.0,22.200000000000003));
#2081=DIRECTION('',(0.0,0.0,1.0));
#2082=DIRECTION('',(1.0,0.0,0.0));
#2083=AXIS2_PLACEMENT_3D('',#2080,#2081,#2082);
#2084=CIRCLE('',#2083,2.0);
#2085=EDGE_CURVE('',#2079,#2079,#2084,.T.);
#2086=ORIENTED_EDGE('',*,*,#2085,.T.);
#2087=EDGE_LOOP('',(#2086));
#2088=FACE_OUTER_BOUND('',#2087,.T.);
#2089=ORIENTED_EDGE('',*,*,#1810,.T.);
#2090=EDGE_LOOP('',(#2089));
#2091=FACE_BOUND('',#2090,.T.);
#2092=ADVANCED_FACE('',(#2088,#2091),#2077,.F.);
#2093=CARTESIAN_POINT('',(-16.0,20.0,22.5));
#2094=DIRECTION('',(0.0,0.0,-1.0));
#2095=DIRECTION('',(1.0,0.0,0.0));
#2096=AXIS2_PLACEMENT_3D('',#2093,#2094,#2095);
#2097=CYLINDRICAL_SURFACE('',#2096,2.0);
#2098=CARTESIAN_POINT('',(-18.0,20.0,18.5));
#2099=VERTEX_POINT('',#2098);
#2100=CARTESIAN_POINT('',(-16.0,20.0,18.5));
#2101=DIRECTION('',(0.0,0.0,1.0));
#2102=DIRECTION('',(1.0,0.0,0.0));
#2103=AXIS2_PLACEMENT_3D('',#2100,#2101,#2102);
#2104=CIRCLE('',#2103,2.0);
#2105=EDGE_CURVE('',#2099,#2099,#2104,.T.);
#2106=ORIENTED_EDGE('',*,*,#2105,.T.);
#2107=EDGE_LOOP('',(#2106));
#2108=FACE_OUTER_BOUND('',#2107,.T.);
#2109=ORIENTED_EDGE('',*,*,#2085,.F.);
#2110=EDGE_LOOP('',(#2109));
#2111=FACE_BOUND('',#2110,.T.);
#2112=ADVANCED_FACE('',(#2108,#2111),#2097,.T.);
#2113=CARTESIAN_POINT('',(-16.0,-20.0,22.200000000000003));
#2114=DIRECTION('',(0.0,0.0,1.0));
#2115=DIRECTION('',(1.0,0.0,0.0));
#2116=AXIS2_PLACEMENT_3D('',#2113,#2114,#2115);
#2117=TOROIDAL_SURFACE('',#2116,2.3,0.3);
#2118=CARTESIAN_POINT('',(-18.0,-20.0,22.200000000000003));
#2119=VERTEX_POINT('',#2118);
#2120=CARTESIAN_POINT('',(-16.0,-20.0,22.200000000000003));
#2121=DIRECTION('',(0.0,0.0,1.0));
#2122=DIRECTION('',(1.0,0.0,0.0));
#2123=AXIS2_PLACEMENT_3D('',#2120,#2121,#2122);
#2124=CIRCLE('',#2123,2.0);
#2125=EDGE_CURVE('',#2119,#2119,#2124,.T.);
#2126=ORIENTED_EDGE('',*,*,#2125,.T.);
#2127=EDGE_LOOP('',(#2126));
#2128=FACE_OUTER_BOUND('',#2127,.T.);
#2129=ORIENTED_EDGE('',*,*,#1777,.T.);
#2130=EDGE_LOOP('',(#2129));
#2131=FACE_BOUND('',#2130,.T.);
#2132=ADVANCED_FACE('',(#2128,#2131),#2117,.F.);
#2133=CARTESIAN_POINT('',(-16.0,-20.0,22.5));
#2134=DIRECTION('',(0.0,0.0,-1.0));
#2135=DIRECTION('',(1.0,0.0,0.0));
#2136=AXIS2_PLACEMENT_3D('',#2133,#2134,#2135);
#2137=CYLINDRICAL_SURFACE('',#2136,2.0);
#2138=CARTESIAN_POINT('',(-18.0,-20.0,18.5));
#2139=VERTEX_POINT('',#2138);
#2140=CARTESIAN_POINT('',(-16.0,-20.0,18.5));
#2141=DIRECTION('',(0.0,0.0,1.0));
#2142=DIRECTION('',(1.0,0.0,0.0));
#2143=AXIS2_PLACEMENT_3D('',#2140,#2141,#2142);
#2144=CIRCLE('',#2143,2.0);
#2145=EDGE_CURVE('',#2139,#2139,#2144,.T.);
#2146=ORIENTED_EDGE('',*,*,#2145,.T.);
#2147=EDGE_LOOP('',(#2146));
#2148=FACE_OUTER_BOUND('',#2147,.T.);
#2149=ORIENTED_EDGE('',*,*,#2125,.F.);
#2150=EDGE_LOOP('',(#2149));
#2151=FACE_BOUND('',#2150,.T.);
#2152=ADVANCED_FACE('',(#2148,#2151),#2137,.T.);
#2153=CARTESIAN_POINT('',(16.0,-20.0,22.200000000000003));
#2154=DIRECTION('',(0.0,0.0,1.0));
#2155=DIRECTION('',(1.0,0.0,0.0));
#2156=AXIS2_PLACEMENT_3D('',#2153,#2154,#2155);
#2157=TOROIDAL_SURFACE('',#2156,2.3,0.3);
#2158=CARTESIAN_POINT('',(14.000000000000002,-20.0,22.200000000000003));
#2159=VERTEX_POINT('',#2158);
#2160=CARTESIAN_POINT('',(16.0,-20.0,22.200000000000003));
#2161=DIRECTION('',(0.0,0.0,1.0));
#2162=DIRECTION('',(1.0,0.0,0.0));
#2163=AXIS2_PLACEMENT_3D('',#2160,#2161,#2162);
#2164=CIRCLE('',#2163,2.0);
#2165=EDGE_CURVE('',#2159,#2159,#2164,.T.);
#2166=ORIENTED_EDGE('',*,*,#2165,.T.);
#2167=EDGE_LOOP('',(#2166));
#2168=FACE_OUTER_BOUND('',#2167,.T.);
#2169=ORIENTED_EDGE('',*,*,#1799,.T.);
#2170=EDGE_LOOP('',(#2169));
#2171=FACE_BOUND('',#2170,.T.);
#2172=ADVANCED_FACE('',(#2168,#2171),#2157,.F.);
#2173=CARTESIAN_POINT('',(16.0,-20.0,22.5));
#2174=DIRECTION('',(0.0,0.0,-1.0));
#2175=DIRECTION('',(1.0,0.0,0.0));
#2176=AXIS2_PLACEMENT_3D('',#2173,#2174,#2175);
#2177=CYLINDRICAL_SURFACE('',#2176,2.0);
#2178=CARTESIAN_POINT('',(14.000000000000002,-20.0,18.5));
#2179=VERTEX_POINT('',#2178);
#2180=CARTESIAN_POINT('',(16.0,-20.0,18.5));
#2181=DIRECTION('',(0.0,0.0,1.0));
#2182=DIRECTION('',(1.0,0.0,0.0));
#2183=AXIS2_PLACEMENT_3D('',#2180,#2181,#2182);
#2184=CIRCLE('',#2183,2.0);
#2185=EDGE_CURVE('',#2179,#2179,#2184,.T.);
#2186=ORIENTED_EDGE('',*,*,#2185,.T.);
#2187=EDGE_LOOP('',(#2186));
#2188=FACE_OUTER_BOUND('',#2187,.T.);
#2189=ORIENTED_EDGE('',*,*,#2165,.F.);
#2190=EDGE_LOOP('',(#2189));
#2191=FACE_BOUND('',#2190,.T.);
#2192=ADVANCED_FACE('',(#2188,#2191),#2177,.T.);
#2193=CARTESIAN_POINT('',(16.0,20.0,22.200000000000003));
#2194=DIRECTION('',(0.0,0.0,1.0));
#2195=DIRECTION('',(1.0,0.0,0.0));
#2196=AXIS2_PLACEMENT_3D('',#2193,#2194,#2195);
#2197=TOROIDAL_SURFACE('',#2196,2.3,0.3);
#2198=CARTESIAN_POINT('',(14.000000000000002,20.0,22.200000000000003));
#2199=VERTEX_POINT('',#2198);
#2200=CARTESIAN_POINT('',(16.0,20.0,22.200000000000003));
#2201=DIRECTION('',(0.0,0.0,1.0));
#2202=DIRECTION('',(1.0,0.0,0.0));
#2203=AXIS2_PLACEMENT_3D('',#2200,#2201,#2202);
#2204=CIRCLE('',#2203,2.0);
#2205=EDGE_CURVE('',#2199,#2199,#2204,.T.);
#2206=ORIENTED_EDGE('',*,*,#2205,.T.);
#2207=EDGE_LOOP('',(#2206));
#2208=FACE_OUTER_BOUND('',#2207,.T.);
#2209=ORIENTED_EDGE('',*,*,#1788,.T.);
#2210=EDGE_LOOP('',(#2209));
#2211=FACE_BOUND('',#2210,.T.);
#2212=ADVANCED_FACE('',(#2208,#2211),#2197,.F.);
#2213=CARTESIAN_POINT('',(16.0,20.0,22.5));
#2214=DIRECTION('',(0.0,0.0,-1.0));
#2215=DIRECTION('',(1.0,0.0,0.0));
#2216=AXIS2_PLACEMENT_3D('',#2213,#2214,#2215);
#2217=CYLINDRICAL_SURFACE('',#2216,2.0);
#2218=CARTESIAN_POINT('',(14.000000000000002,20.0,18.5));
#2219=VERTEX_POINT('',#2218);
#2220=CARTESIAN_POINT('',(16.0,20.0,18.5));
#2221=DIRECTION('',(0.0,0.0,1.0));
#2222=DIRECTION('',(1.0,0.0,0.0));
#2223=AXIS2_PLACEMENT_3D('',#2220,#2221,#2222);
#2224=CIRCLE('',#2223,2.0);
#2225=EDGE_CURVE('',#2219,#2219,#2224,.T.);
#2226=ORIENTED_EDGE('',*,*,#2225,.T.);
#2227=EDGE_LOOP('',(#2226));
#2228=FACE_OUTER_BOUND('',#2227,.T.);
#2229=ORIENTED_EDGE('',*,*,#2205,.F.);
#2230=EDGE_LOOP('',(#2229));
#2231=FACE_BOUND('',#2230,.T.);
#2232=ADVANCED_FACE('',(#2228,#2231),#2217,.T.);
#2233=CARTESIAN_POINT('',(-21.24737482303096,-17.500000000000011,21.500000000000004));
#2234=DIRECTION('',(-1.268826E-016,1.0,0.0));
#2235=DIRECTION('',(-0.694658370458998,0.0,0.719339800338651));
#2236=AXIS2_PLACEMENT_3D('',#2233,#2234,#2235);
#2237=CYLINDRICAL_SURFACE('',#2236,3.0);
#2238=CARTESIAN_POINT('',(-24.245547304088237,-30.747679409521421,21.604698490107506));
#2239=VERTEX_POINT('',#2238);
#2240=CARTESIAN_POINT('',(-21.24737482303096,-30.747679409521421,24.5));
#2241=VERTEX_POINT('',#2240);
#2242=CARTESIAN_POINT('',(-21.24737482303096,-30.747679409521421,21.500000000000004));
#2243=DIRECTION('',(0.0,1.0,0.0));
#2244=DIRECTION('',(-0.999390827019096,0.0,0.034899496702501));
#2245=AXIS2_PLACEMENT_3D('',#2242,#2243,#2244);
#2246=CIRCLE('',#2245,2.999999999999993);
#2247=EDGE_CURVE('',#2239,#2241,#2246,.T.);
#2248=ORIENTED_EDGE('',*,*,#2247,.T.);
#2249=CARTESIAN_POINT('',(-21.247374823030963,30.747679409521407,24.5));
#2250=VERTEX_POINT('',#2249);
#2251=CARTESIAN_POINT('',(-21.24737482303096,-30.747679409521417,24.5));
#2252=DIRECTION('',(0.0,1.0,0.0));
#2253=VECTOR('',#2252,61.495358819042821);
#2254=LINE('',#2251,#2253);
#2255=EDGE_CURVE('',#2241,#2250,#2254,.T.);
#2256=ORIENTED_EDGE('',*,*,#2255,.T.);
#2257=CARTESIAN_POINT('',(-24.245547304088248,30.747679409521403,21.604698490107502));
#2258=VERTEX_POINT('',#2257);
#2259=CARTESIAN_POINT('',(-21.247374823030963,30.747679409521407,21.500000000000004));
#2260=DIRECTION('',(0.0,-1.0,0.0));
#2261=DIRECTION('',(0.0,0.0,1.0));
#2262=AXIS2_PLACEMENT_3D('',#2259,#2260,#2261);
#2263=CIRCLE('',#2262,2.999999999999998);
#2264=EDGE_CURVE('',#2250,#2258,#2263,.T.);
#2265=ORIENTED_EDGE('',*,*,#2264,.T.);
#2266=CARTESIAN_POINT('',(-24.245547304088248,30.747679409521407,21.604698490107506));
#2267=DIRECTION('',(0.0,-1.0,0.0));
#2268=VECTOR('',#2267,61.495358819042821);
#2269=LINE('',#2266,#2268);
#2270=EDGE_CURVE('',#2258,#2239,#2269,.T.);
#2271=ORIENTED_EDGE('',*,*,#2270,.T.);
#2272=EDGE_LOOP('',(#2248,#2256,#2265,#2271));
#2273=FACE_OUTER_BOUND('',#2272,.T.);
#2274=ADVANCED_FACE('',(#2273),#2237,.T.);
#2275=CARTESIAN_POINT('',(-20.747679409521396,-31.247374823030967,24.5));
#2276=CARTESIAN_POINT('',(-20.747679409521396,-32.125026104033829,24.5));
#2277=CARTESIAN_POINT('',(-20.747679409521396,-33.646076528580842,23.781957683487313));
#2278=CARTESIAN_POINT('',(-20.747679409521393,-34.222575113097776,22.262535969774369));
#2279=CARTESIAN_POINT('',(-20.747679409521393,-34.245547304088248,21.604698490107506));
#2280=CARTESIAN_POINT('',(-20.859860403395956,-31.247374823030967,24.5));
#2281=CARTESIAN_POINT('',(-21.057375300449671,-32.120475304976139,24.499841799836375));
#2282=CARTESIAN_POINT('',(-21.397468695536745,-33.634189602673416,23.789717634100388));
#2283=CARTESIAN_POINT('',(-21.527405407771639,-34.216689750861875,22.282512732248936));
#2284=CARTESIAN_POINT('',(-21.53212756213799,-34.244728499582919,21.62814598331142));
#2285=CARTESIAN_POINT('',(-21.121949537199715,-31.156078164040363,24.500000000000014));
#2286=CARTESIAN_POINT('',(-21.771768450516618,-31.8637390343692,24.499773087434484));
#2287=CARTESIAN_POINT('',(-22.896271273790269,-33.090419819322285,23.801354154105333));
#2288=CARTESIAN_POINT('',(-23.339610955555102,-33.574798434273639,22.312729529694089));
#2289=CARTESIAN_POINT('',(-23.365504891446722,-33.604405279331104,21.663844146201114));
#2290=CARTESIAN_POINT('',(-21.247374823030945,-30.897254068020835,24.5));
#2291=CARTESIAN_POINT('',(-22.118958371956889,-31.160607264092452,24.4997890664485));
#2292=CARTESIAN_POINT('',(-23.630227294037592,-31.614065124208544,23.792304284304745));
#2293=CARTESIAN_POINT('',(-24.214727963449882,-31.787314073855079,22.28917165307379));
#2294=CARTESIAN_POINT('',(-24.244455564747788,-31.793610279676876,21.635961814379389));
#2295=CARTESIAN_POINT('',(-21.247374823030945,-30.747679409521421,24.5));
#2296=CARTESIAN_POINT('',(-22.125026104033807,-30.747679409521421,24.5));
#2297=CARTESIAN_POINT('',(-23.646076528580821,-30.747679409521417,23.781957683487313));
#2298=CARTESIAN_POINT('',(-24.222575113097751,-30.747679409521417,22.262535969774369));
#2299=CARTESIAN_POINT('',(-24.245547304088227,-30.747679409521417,21.604698490107506));
#2300=B_SPLINE_SURFACE_WITH_KNOTS('',3,3,((#2275,#2280,#2285,#2290,#2295),(#2276,#2281,#2286,#2291,#2296),(#2277,#2282,#2287,#2292,#2297),(#2278,#2283,#2288,#2293,#2298),(#2279,#2284,#2289,#2294,#2299)),.UNSPECIFIED.,.F.,.F.,.F.,(4,1,4),(4,1,4),(0.0,0.571428571428571,1.0),(-0.784789175811837,-0.112112739401691,0.784789175811837),.UNSPECIFIED.);
#2301=CARTESIAN_POINT('',(-20.747679409521396,-34.245547304088255,21.604698490107516));
#2302=VERTEX_POINT('',#2301);
#2303=CARTESIAN_POINT('',(-20.747679409521396,-31.24737482303097,24.5));
#2304=VERTEX_POINT('',#2303);
#2305=CARTESIAN_POINT('',(-20.747679409521396,-31.247374823030967,21.500000000000004));
#2306=DIRECTION('',(-1.0,0.0,0.0));
#2307=DIRECTION('',(0.0,-0.999390827019096,0.034899496702504));
#2308=AXIS2_PLACEMENT_3D('',#2305,#2306,#2307);
#2309=CIRCLE('',#2308,3.000000000000001);
#2310=EDGE_CURVE('',#2302,#2304,#2309,.T.);
#2311=ORIENTED_EDGE('',*,*,#2310,.T.);
#2312=CARTESIAN_POINT('',(-20.747070050881536,-30.747070050881558,24.5));
#2313=DIRECTION('',(0.0,0.0,-1.0));
#2314=DIRECTION('',(-0.707106781186547,-0.707106781186547,0.0));
#2315=AXIS2_PLACEMENT_3D('',#2312,#2313,#2314);
#2316=ELLIPSE('',#2315,0.500609358752858,0.5);
#2317=EDGE_CURVE('',#2304,#2241,#2316,.T.);
#2318=ORIENTED_EDGE('',*,*,#2317,.T.);
#2319=ORIENTED_EDGE('',*,*,#2247,.F.);
#2320=CARTESIAN_POINT('',(-20.74707005088154,-30.747070050881558,21.500000000000004));
#2321=DIRECTION('',(0.02989490979556,0.02989490979556,0.999105894656132));
#2322=DIRECTION('',(-0.706474553234803,-0.706474553234804,0.042277786878802));
#2323=AXIS2_PLACEMENT_3D('',#2320,#2321,#2322);
#2324=ELLIPSE('',#2323,3.500087103211997,3.499999999999996);
#2325=EDGE_CURVE('',#2239,#2302,#2324,.T.);
#2326=ORIENTED_EDGE('',*,*,#2325,.T.);
#2327=EDGE_LOOP('',(#2311,#2318,#2319,#2326));
#2328=FACE_OUTER_BOUND('',#2327,.T.);
#2329=ADVANCED_FACE('',(#2328),#2300,.F.);
#2330=CARTESIAN_POINT('',(-21.24737482303096,30.747679409521403,24.5));
#2331=CARTESIAN_POINT('',(-22.125026104033818,30.747679409521403,24.5));
#2332=CARTESIAN_POINT('',(-23.646076528580839,30.747679409521407,23.781957683487313));
#2333=CARTESIAN_POINT('',(-24.222575113097765,30.747679409521407,22.262535969774369));
#2334=CARTESIAN_POINT('',(-24.245547304088241,30.747679409521407,21.604698490107506));
#2335=CARTESIAN_POINT('',(-21.24737482303096,30.897254068020818,24.5));
#2336=CARTESIAN_POINT('',(-22.1189583719569,31.160607264092434,24.4997890664485));
#2337=CARTESIAN_POINT('',(-23.630227294037603,31.614065124208533,23.792304284304745));
#2338=CARTESIAN_POINT('',(-24.214727963449896,31.787314073855065,22.28917165307379));
#2339=CARTESIAN_POINT('',(-24.244455564747796,31.793610279676866,21.635961814379389));
#2340=CARTESIAN_POINT('',(-21.121949537199729,31.156078164040348,24.500000000000007));
#2341=CARTESIAN_POINT('',(-21.771768450516618,31.863739034369168,24.499773087434473));
#2342=CARTESIAN_POINT('',(-22.896271273790273,33.090419819322257,23.801354154105322));
#2343=CARTESIAN_POINT('',(-23.339610955555106,33.574798434273603,22.312729529694082));
#2344=CARTESIAN_POINT('',(-23.365504891446736,33.604405279331075,21.663844146201111));
#2345=CARTESIAN_POINT('',(-20.85986040339597,31.247374823030949,24.5));
#2346=CARTESIAN_POINT('',(-21.057375300449685,32.120475304976125,24.499841799836375));
#2347=CARTESIAN_POINT('',(-21.397468695536759,33.634189602673402,23.789717634100388));
#2348=CARTESIAN_POINT('',(-21.527405407771653,34.216689750861853,22.282512732248936));
#2349=CARTESIAN_POINT('',(-21.532127562138001,34.244728499582905,21.62814598331142));
#2350=CARTESIAN_POINT('',(-20.74767940952141,31.247374823030949,24.5));
#2351=CARTESIAN_POINT('',(-20.74767940952141,32.125026104033807,24.5));
#2352=CARTESIAN_POINT('',(-20.74767940952141,33.646076528580828,23.781957683487313));
#2353=CARTESIAN_POINT('',(-20.747679409521407,34.222575113097754,22.262535969774369));
#2354=CARTESIAN_POINT('',(-20.747679409521407,34.245547304088234,21.604698490107506));
#2355=B_SPLINE_SURFACE_WITH_KNOTS('',3,3,((#2330,#2335,#2340,#2345,#2350),(#2331,#2336,#2341,#2346,#2351),(#2332,#2337,#2342,#2347,#2352),(#2333,#2338,#2343,#2348,#2353),(#2334,#2339,#2344,#2349,#2354)),.UNSPECIFIED.,.F.,.F.,.F.,(4,1,4),(4,1,4),(0.0,0.571428571428571,1.0),(-0.784789175811835,0.112112739401691,0.784789175811836),.UNSPECIFIED.);
#2356=CARTESIAN_POINT('',(-20.74767940952141,31.247374823030952,24.5));
#2357=VERTEX_POINT('',#2356);
#2358=CARTESIAN_POINT('',(-20.74767940952141,34.245547304088241,21.604698490107509));
#2359=VERTEX_POINT('',#2358);
#2360=CARTESIAN_POINT('',(-20.74767940952141,31.247374823030949,21.500000000000004));
#2361=DIRECTION('',(-1.0,0.0,0.0));
#2362=DIRECTION('',(0.0,0.0,1.0));
#2363=AXIS2_PLACEMENT_3D('',#2360,#2361,#2362);
#2364=CIRCLE('',#2363,2.999999999999998);
#2365=EDGE_CURVE('',#2357,#2359,#2364,.T.);
#2366=ORIENTED_EDGE('',*,*,#2365,.T.);
#2367=CARTESIAN_POINT('',(-20.747070050881547,30.74707005088154,21.500000000000007));
#2368=DIRECTION('',(0.029894909795559,-0.029894909795559,0.999105894656132));
#2369=DIRECTION('',(-0.706474553234804,0.706474553234804,0.0422777868788));
#2370=AXIS2_PLACEMENT_3D('',#2367,#2368,#2369);
#2371=ELLIPSE('',#2370,3.500087103211993,3.500000000000001);
#2372=EDGE_CURVE('',#2359,#2258,#2371,.T.);
#2373=ORIENTED_EDGE('',*,*,#2372,.T.);
#2374=ORIENTED_EDGE('',*,*,#2264,.F.);
#2375=CARTESIAN_POINT('',(-20.747070050881547,30.74707005088154,24.5));
#2376=DIRECTION('',(0.0,0.0,-1.0));
#2377=DIRECTION('',(-0.707106781186547,0.707106781186548,0.0));
#2378=AXIS2_PLACEMENT_3D('',#2375,#2376,#2377);
#2379=ELLIPSE('',#2378,0.500609358752858,0.5);
#2380=EDGE_CURVE('',#2250,#2357,#2379,.T.);
#2381=ORIENTED_EDGE('',*,*,#2380,.T.);
#2382=EDGE_LOOP('',(#2366,#2373,#2374,#2381));
#2383=FACE_OUTER_BOUND('',#2382,.T.);
#2384=ADVANCED_FACE('',(#2383),#2355,.F.);
#2385=CARTESIAN_POINT('',(12.5,-31.247374823030967,21.500000000000004));
#2386=DIRECTION('',(-1.0,0.0,0.0));
#2387=DIRECTION('',(0.0,-0.694658370458998,0.719339800338651));
#2388=AXIS2_PLACEMENT_3D('',#2385,#2386,#2387);
#2389=CYLINDRICAL_SURFACE('',#2388,3.0);
#2390=CARTESIAN_POINT('',(20.74767940952141,-34.245547304088262,21.604698490107502));
#2391=VERTEX_POINT('',#2390);
#2392=CARTESIAN_POINT('',(20.74767940952141,-31.247374823030967,24.5));
#2393=VERTEX_POINT('',#2392);
#2394=CARTESIAN_POINT('',(20.74767940952141,-31.247374823030967,21.500000000000004));
#2395=DIRECTION('',(-1.0,0.0,0.0));
#2396=DIRECTION('',(0.0,-0.999390827019096,0.034899496702499));
#2397=AXIS2_PLACEMENT_3D('',#2394,#2395,#2396);
#2398=CIRCLE('',#2397,3.000000000000006);
#2399=EDGE_CURVE('',#2391,#2393,#2398,.T.);
#2400=ORIENTED_EDGE('',*,*,#2399,.T.);
#2401=CARTESIAN_POINT('',(20.74767940952141,-31.247374823030967,24.5));
#2402=DIRECTION('',(-1.0,0.0,0.0));
#2403=VECTOR('',#2402,41.495358819042806);
#2404=LINE('',#2401,#2403);
#2405=EDGE_CURVE('',#2393,#2304,#2404,.T.);
#2406=ORIENTED_EDGE('',*,*,#2405,.T.);
#2407=ORIENTED_EDGE('',*,*,#2310,.F.);
#2408=CARTESIAN_POINT('',(-20.747679409521396,-34.245547304088255,21.604698490107506));
#2409=DIRECTION('',(1.0,0.0,0.0));
#2410=VECTOR('',#2409,41.495358819042806);
#2411=LINE('',#2408,#2410);
#2412=EDGE_CURVE('',#2302,#2391,#2411,.T.);
#2413=ORIENTED_EDGE('',*,*,#2412,.T.);
#2414=EDGE_LOOP('',(#2400,#2406,#2407,#2413));
#2415=FACE_OUTER_BOUND('',#2414,.T.);
#2416=ADVANCED_FACE('',(#2415),#2389,.T.);
#2417=CARTESIAN_POINT('',(-12.5,31.247374823030949,21.500000000000004));
#2418=DIRECTION('',(1.0,0.0,0.0));
#2419=DIRECTION('',(0.0,0.694658370458998,0.719339800338651));
#2420=AXIS2_PLACEMENT_3D('',#2417,#2418,#2419);
#2421=CYLINDRICAL_SURFACE('',#2420,3.0);
#2422=CARTESIAN_POINT('',(20.747679409521396,31.247374823030949,24.5));
#2423=VERTEX_POINT('',#2422);
#2424=CARTESIAN_POINT('',(20.747679409521396,34.245547304088234,21.604698490107506));
#2425=VERTEX_POINT('',#2424);
#2426=CARTESIAN_POINT('',(20.747679409521396,31.247374823030949,21.500000000000004));
#2427=DIRECTION('',(-1.0,0.0,0.0));
#2428=DIRECTION('',(0.0,0.0,1.0));
#2429=AXIS2_PLACEMENT_3D('',#2426,#2427,#2428);
#2430=CIRCLE('',#2429,2.999999999999998);
#2431=EDGE_CURVE('',#2423,#2425,#2430,.T.);
#2432=ORIENTED_EDGE('',*,*,#2431,.T.);
#2433=CARTESIAN_POINT('',(20.747679409521396,34.245547304088234,21.604698490107506));
#2434=DIRECTION('',(-1.0,0.0,0.0));
#2435=VECTOR('',#2434,41.495358819042806);
#2436=LINE('',#2433,#2435);
#2437=EDGE_CURVE('',#2425,#2359,#2436,.T.);
#2438=ORIENTED_EDGE('',*,*,#2437,.T.);
#2439=ORIENTED_EDGE('',*,*,#2365,.F.);
#2440=CARTESIAN_POINT('',(-20.74767940952141,31.247374823030949,24.5));
#2441=DIRECTION('',(1.0,0.0,0.0));
#2442=VECTOR('',#2441,41.495358819042806);
#2443=LINE('',#2440,#2442);
#2444=EDGE_CURVE('',#2357,#2423,#2443,.T.);
#2445=ORIENTED_EDGE('',*,*,#2444,.T.);
#2446=EDGE_LOOP('',(#2432,#2438,#2439,#2445));
#2447=FACE_OUTER_BOUND('',#2446,.T.);
#2448=ADVANCED_FACE('',(#2447),#2421,.T.);
#2449=CARTESIAN_POINT('',(21.24737482303096,-30.747679409521421,24.5));
#2450=CARTESIAN_POINT('',(22.125026104033818,-30.747679409521421,24.5));
#2451=CARTESIAN_POINT('',(23.646076528580839,-30.747679409521425,23.78195768348732));
#2452=CARTESIAN_POINT('',(24.222575113097765,-30.747679409521421,22.262535969774369));
#2453=CARTESIAN_POINT('',(24.245547304088241,-30.747679409521421,21.604698490107506));
#2454=CARTESIAN_POINT('',(21.24737482303096,-30.859860403395981,24.5));
#2455=CARTESIAN_POINT('',(22.120475304976125,-31.057375300449692,24.499841799836375));
#2456=CARTESIAN_POINT('',(23.634189602673416,-31.397468695536773,23.789717634100395));
#2457=CARTESIAN_POINT('',(24.216689750861864,-31.527405407771667,22.282512732248936));
#2458=CARTESIAN_POINT('',(24.244728499582912,-31.532127562138012,21.62814598331142));
#2459=CARTESIAN_POINT('',(21.156078164040345,-31.12194953719974,24.5));
#2460=CARTESIAN_POINT('',(21.863739034369178,-31.771768450516635,24.49977308743447));
#2461=CARTESIAN_POINT('',(23.090419819322257,-32.896271273790283,23.801354154105319));
#2462=CARTESIAN_POINT('',(23.574798434273617,-33.339610955555109,22.312729529694071));
#2463=CARTESIAN_POINT('',(23.604405279331083,-33.365504891446733,21.663844146201097));
#2464=CARTESIAN_POINT('',(20.897254068020828,-31.247374823030967,24.5));
#2465=CARTESIAN_POINT('',(21.160607264092445,-32.118958371956907,24.4997890664485));
#2466=CARTESIAN_POINT('',(21.61406512420854,-33.630227294037617,23.792304284304752));
#2467=CARTESIAN_POINT('',(21.787314073855072,-34.214727963449903,22.28917165307379));
#2468=CARTESIAN_POINT('',(21.793610279676866,-34.24445556474781,21.635961814379389));
#2469=CARTESIAN_POINT('',(20.74767940952141,-31.247374823030967,24.5));
#2470=CARTESIAN_POINT('',(20.74767940952141,-32.125026104033829,24.5));
#2471=CARTESIAN_POINT('',(20.74767940952141,-33.646076528580849,23.78195768348732));
#2472=CARTESIAN_POINT('',(20.747679409521407,-34.222575113097776,22.262535969774369));
#2473=CARTESIAN_POINT('',(20.747679409521407,-34.245547304088248,21.604698490107506));
#2474=B_SPLINE_SURFACE_WITH_KNOTS('',3,3,((#2449,#2454,#2459,#2464,#2469),(#2450,#2455,#2460,#2465,#2470),(#2451,#2456,#2461,#2466,#2471),(#2452,#2457,#2462,#2467,#2472),(#2453,#2458,#2463,#2468,#2473)),.UNSPECIFIED.,.F.,.F.,.F.,(4,1,4),(4,1,4),(0.0,0.571428571428571,1.0),(-0.784789175811838,-0.112112739401692,0.784789175811835),.UNSPECIFIED.);
#2475=CARTESIAN_POINT('',(24.245547304088248,-30.747679409521421,21.604698490107506));
#2476=VERTEX_POINT('',#2475);
#2477=CARTESIAN_POINT('',(21.247374823030963,-30.747679409521421,24.5));
#2478=VERTEX_POINT('',#2477);
#2479=CARTESIAN_POINT('',(21.24737482303096,-30.747679409521421,21.500000000000004));
#2480=DIRECTION('',(0.0,-1.0,0.0));
#2481=DIRECTION('',(0.999390827019096,0.0,0.034899496702501));
#2482=AXIS2_PLACEMENT_3D('',#2479,#2480,#2481);
#2483=CIRCLE('',#2482,3.000000000000001);
#2484=EDGE_CURVE('',#2476,#2478,#2483,.T.);
#2485=ORIENTED_EDGE('',*,*,#2484,.T.);
#2486=CARTESIAN_POINT('',(20.747070050881547,-30.747070050881558,24.5));
#2487=DIRECTION('',(0.0,0.0,-1.0));
#2488=DIRECTION('',(0.707106781186547,-0.707106781186548,0.0));
#2489=AXIS2_PLACEMENT_3D('',#2486,#2487,#2488);
#2490=ELLIPSE('',#2489,0.500609358752858,0.5);
#2491=EDGE_CURVE('',#2478,#2393,#2490,.T.);
#2492=ORIENTED_EDGE('',*,*,#2491,.T.);
#2493=ORIENTED_EDGE('',*,*,#2399,.F.);
#2494=CARTESIAN_POINT('',(20.747070050881547,-30.747070050881558,21.500000000000007));
#2495=DIRECTION('',(-0.029894909795559,0.029894909795559,0.999105894656132));
#2496=DIRECTION('',(0.706474553234804,-0.706474553234804,0.0422777868788));
#2497=AXIS2_PLACEMENT_3D('',#2494,#2495,#2496);
#2498=ELLIPSE('',#2497,3.500087103211993,3.500000000000001);
#2499=EDGE_CURVE('',#2391,#2476,#2498,.T.);
#2500=ORIENTED_EDGE('',*,*,#2499,.T.);
#2501=EDGE_LOOP('',(#2485,#2492,#2493,#2500));
#2502=FACE_OUTER_BOUND('',#2501,.T.);
#2503=ADVANCED_FACE('',(#2502),#2474,.F.);
#2504=CARTESIAN_POINT('',(20.747679409521396,31.247374823030949,24.5));
#2505=CARTESIAN_POINT('',(20.747679409521396,32.125026104033807,24.5));
#2506=CARTESIAN_POINT('',(20.747679409521396,33.646076528580828,23.781957683487313));
#2507=CARTESIAN_POINT('',(20.747679409521393,34.222575113097754,22.262535969774369));
#2508=CARTESIAN_POINT('',(20.747679409521393,34.245547304088234,21.604698490107506));
#2509=CARTESIAN_POINT('',(20.859860403395956,31.247374823030949,24.5));
#2510=CARTESIAN_POINT('',(21.057375300449671,32.120475304976125,24.499841799836375));
#2511=CARTESIAN_POINT('',(21.397468695536745,33.634189602673402,23.789717634100388));
#2512=CARTESIAN_POINT('',(21.527405407771639,34.216689750861853,22.282512732248936));
#2513=CARTESIAN_POINT('',(21.53212756213799,34.244728499582905,21.62814598331142));
#2514=CARTESIAN_POINT('',(21.121949537199715,31.156078164040338,24.500000000000011));
#2515=CARTESIAN_POINT('',(21.771768450516621,31.863739034369178,24.499773087434473));
#2516=CARTESIAN_POINT('',(22.896271273790273,33.090419819322264,23.801354154105336));
#2517=CARTESIAN_POINT('',(23.339610955555106,33.574798434273617,22.312729529694089));
#2518=CARTESIAN_POINT('',(23.365504891446733,33.604405279331083,21.663844146201114));
#2519=CARTESIAN_POINT('',(21.247374823030945,30.897254068020818,24.5));
#2520=CARTESIAN_POINT('',(22.118958371956889,31.160607264092434,24.4997890664485));
#2521=CARTESIAN_POINT('',(23.630227294037596,31.61406512420853,23.792304284304745));
#2522=CARTESIAN_POINT('',(24.214727963449889,31.787314073855061,22.28917165307379));
#2523=CARTESIAN_POINT('',(24.244455564747788,31.793610279676862,21.635961814379389));
#2524=CARTESIAN_POINT('',(21.247374823030945,30.747679409521403,24.5));
#2525=CARTESIAN_POINT('',(22.125026104033807,30.747679409521403,24.5));
#2526=CARTESIAN_POINT('',(23.646076528580828,30.747679409521396,23.781957683487313));
#2527=CARTESIAN_POINT('',(24.222575113097751,30.747679409521396,22.262535969774369));
#2528=CARTESIAN_POINT('',(24.245547304088227,30.747679409521396,21.604698490107506));
#2529=B_SPLINE_SURFACE_WITH_KNOTS('',3,3,((#2504,#2509,#2514,#2519,#2524),(#2505,#2510,#2515,#2520,#2525),(#2506,#2511,#2516,#2521,#2526),(#2507,#2512,#2517,#2522,#2527),(#2508,#2513,#2518,#2523,#2528)),.UNSPECIFIED.,.F.,.F.,.F.,(4,1,4),(4,1,4),(0.0,0.571428571428571,1.0),(-0.784789175811837,-0.112112739401691,0.784789175811838),.UNSPECIFIED.);
#2530=CARTESIAN_POINT('',(21.247374823030949,30.747679409521403,24.5));
#2531=VERTEX_POINT('',#2530);
#2532=CARTESIAN_POINT('',(24.245547304088237,30.747679409521403,21.604698490107516));
#2533=VERTEX_POINT('',#2532);
#2534=CARTESIAN_POINT('',(21.247374823030945,30.747679409521403,21.500000000000004));
#2535=DIRECTION('',(0.0,1.0,0.0));
#2536=DIRECTION('',(0.0,0.0,1.0));
#2537=AXIS2_PLACEMENT_3D('',#2534,#2535,#2536);
#2538=CIRCLE('',#2537,2.999999999999998);
#2539=EDGE_CURVE('',#2531,#2533,#2538,.T.);
#2540=ORIENTED_EDGE('',*,*,#2539,.T.);
#2541=CARTESIAN_POINT('',(20.74707005088154,30.74707005088154,21.500000000000004));
#2542=DIRECTION('',(-0.02989490979556,-0.02989490979556,0.999105894656132));
#2543=DIRECTION('',(0.706474553234803,0.706474553234804,0.042277786878802));
#2544=AXIS2_PLACEMENT_3D('',#2541,#2542,#2543);
#2545=ELLIPSE('',#2544,3.500087103211997,3.499999999999996);
#2546=EDGE_CURVE('',#2533,#2425,#2545,.T.);
#2547=ORIENTED_EDGE('',*,*,#2546,.T.);
#2548=ORIENTED_EDGE('',*,*,#2431,.F.);
#2549=CARTESIAN_POINT('',(20.747070050881536,30.74707005088154,24.5));
#2550=DIRECTION('',(0.0,0.0,-1.0));
#2551=DIRECTION('',(0.707106781186547,0.707106781186547,0.0));
#2552=AXIS2_PLACEMENT_3D('',#2549,#2550,#2551);
#2553=ELLIPSE('',#2552,0.500609358752858,0.5);
#2554=EDGE_CURVE('',#2423,#2531,#2553,.T.);
#2555=ORIENTED_EDGE('',*,*,#2554,.T.);
#2556=EDGE_LOOP('',(#2540,#2547,#2548,#2555));
#2557=FACE_OUTER_BOUND('',#2556,.T.);
#2558=ADVANCED_FACE('',(#2557),#2529,.F.);
#2559=CARTESIAN_POINT('',(21.24737482303096,17.499999999999993,21.500000000000004));
#2560=DIRECTION('',(1.268826E-016,-1.0,0.0));
#2561=DIRECTION('',(0.694658370458998,0.0,0.719339800338651));
#2562=AXIS2_PLACEMENT_3D('',#2559,#2560,#2561);
#2563=CYLINDRICAL_SURFACE('',#2562,3.0);
#2564=ORIENTED_EDGE('',*,*,#2484,.F.);
#2565=CARTESIAN_POINT('',(24.245547304088248,-30.747679409521425,21.604698490107506));
#2566=DIRECTION('',(0.0,1.0,0.0));
#2567=VECTOR('',#2566,61.495358819042828);
#2568=LINE('',#2565,#2567);
#2569=EDGE_CURVE('',#2476,#2533,#2568,.T.);
#2570=ORIENTED_EDGE('',*,*,#2569,.T.);
#2571=ORIENTED_EDGE('',*,*,#2539,.F.);
#2572=CARTESIAN_POINT('',(21.24737482303096,30.747679409521403,24.5));
#2573=DIRECTION('',(0.0,-1.0,0.0));
#2574=VECTOR('',#2573,61.495358819042828);
#2575=LINE('',#2572,#2574);
#2576=EDGE_CURVE('',#2531,#2478,#2575,.T.);
#2577=ORIENTED_EDGE('',*,*,#2576,.T.);
#2578=EDGE_LOOP('',(#2564,#2570,#2571,#2577));
#2579=FACE_OUTER_BOUND('',#2578,.T.);
#2580=ADVANCED_FACE('',(#2579),#2563,.T.);
#2581=CARTESIAN_POINT('',(21.463809975565702,-31.463809975565713,0.975253978766593));
#2582=DIRECTION('',(-0.034878262742375,0.034878262742375,0.998782765958718));
#2583=DIRECTION('',(0.706246066741665,-0.706246066741667,0.049325312202278));
#2584=AXIS2_PLACEMENT_3D('',#2581,#2582,#2583);
#2585=CYLINDRICAL_SURFACE('',#2584,3.5);
#2586=ORIENTED_EDGE('',*,*,#2499,.F.);
#2587=CARTESIAN_POINT('',(21.502132105433166,-35.000000000000007,0.0));
#2588=VERTEX_POINT('',#2587);
#2589=CARTESIAN_POINT('',(20.747679409521407,-34.245547304088262,21.604698490107509));
#2590=DIRECTION('',(0.034878262742375,-0.034878262742375,-0.998782765958718));
#2591=VECTOR('',#2590,21.631028514363127);
#2592=LINE('',#2589,#2591);
#2593=EDGE_CURVE('',#2391,#2588,#2592,.T.);
#2594=ORIENTED_EDGE('',*,*,#2593,.T.);
#2595=CARTESIAN_POINT('',(25.0,-31.502132105433169,0.0));
#2596=VERTEX_POINT('',#2595);
#2597=CARTESIAN_POINT('',(21.497866594954122,-31.497866594954132,0.0));
#2598=DIRECTION('',(0.0,0.0,1.0));
#2599=DIRECTION('',(0.707106781186547,-0.707106781186548,0.0));
#2600=AXIS2_PLACEMENT_3D('',#2597,#2598,#2599);
#2601=ELLIPSE('',#2600,3.504265511270007,3.5);
#2602=EDGE_CURVE('',#2588,#2596,#2601,.T.);
#2603=ORIENTED_EDGE('',*,*,#2602,.T.);
#2604=CARTESIAN_POINT('',(25.0,-31.502132105433173,0.0));
#2605=DIRECTION('',(-0.034878262742375,0.034878262742375,0.998782765958718));
#2606=VECTOR('',#2605,21.631028514363138);
#2607=LINE('',#2604,#2606);
#2608=EDGE_CURVE('',#2596,#2476,#2607,.T.);
#2609=ORIENTED_EDGE('',*,*,#2608,.T.);
#2610=EDGE_LOOP('',(#2586,#2594,#2603,#2609));
#2611=FACE_OUTER_BOUND('',#2610,.T.);
#2612=ADVANCED_FACE('',(#2611),#2585,.T.);
#2613=CARTESIAN_POINT('',(25.0,-35.000000000000007,0.0));
#2614=DIRECTION('',(0.0,-0.999390827019096,0.034899496702501));
#2615=DIRECTION('',(1.0,0.0,0.0));
#2616=AXIS2_PLACEMENT_3D('',#2613,#2614,#2615);
#2617=PLANE('',#2616);
#2618=ORIENTED_EDGE('',*,*,#2412,.F.);
#2619=CARTESIAN_POINT('',(-21.502132105433162,-35.000000000000007,0.0));
#2620=VERTEX_POINT('',#2619);
#2621=CARTESIAN_POINT('',(-21.502132105433152,-35.000000000000007,-2.220446E-016));
#2622=DIRECTION('',(0.034878262742374,0.034878262742374,0.998782765958718));
#2623=VECTOR('',#2622,21.631028514363138);
#2624=LINE('',#2621,#2623);
#2625=EDGE_CURVE('',#2620,#2302,#2624,.T.);
#2626=ORIENTED_EDGE('',*,*,#2625,.F.);
#2627=CARTESIAN_POINT('',(21.502132105433166,-35.000000000000007,0.0));
#2628=DIRECTION('',(-1.0,0.0,0.0));
#2629=VECTOR('',#2628,43.004264210866324);
#2630=LINE('',#2627,#2629);
#2631=EDGE_CURVE('',#2588,#2620,#2630,.T.);
#2632=ORIENTED_EDGE('',*,*,#2631,.F.);
#2633=ORIENTED_EDGE('',*,*,#2593,.F.);
#2634=EDGE_LOOP('',(#2618,#2626,#2632,#2633));
#2635=FACE_OUTER_BOUND('',#2634,.T.);
#2636=ADVANCED_FACE('',(#2635),#2617,.T.);
#2637=CARTESIAN_POINT('',(-21.475974907684954,-31.475974907684975,0.626895901429955));
#2638=DIRECTION('',(0.034878262742375,0.034878262742375,0.998782765958718));
#2639=DIRECTION('',(-0.706246066741666,-0.706246066741666,0.049325312202278));
#2640=AXIS2_PLACEMENT_3D('',#2637,#2638,#2639);
#2641=CYLINDRICAL_SURFACE('',#2640,3.5);
#2642=ORIENTED_EDGE('',*,*,#2325,.F.);
#2643=CARTESIAN_POINT('',(-24.999999999999993,-31.502132105433173,0.0));
#2644=VERTEX_POINT('',#2643);
#2645=CARTESIAN_POINT('',(-24.245547304088241,-30.747679409521421,21.604698490107516));
#2646=DIRECTION('',(-0.034878262742374,-0.034878262742374,-0.998782765958718));
#2647=VECTOR('',#2646,21.631028514363138);
#2648=LINE('',#2645,#2647);
#2649=EDGE_CURVE('',#2239,#2644,#2648,.T.);
#2650=ORIENTED_EDGE('',*,*,#2649,.T.);
#2651=CARTESIAN_POINT('',(-21.497866594954111,-31.497866594954132,0.0));
#2652=DIRECTION('',(0.0,0.0,1.0));
#2653=DIRECTION('',(-0.707106781186547,-0.707106781186547,0.0));
#2654=AXIS2_PLACEMENT_3D('',#2651,#2652,#2653);
#2655=ELLIPSE('',#2654,3.504265511270007,3.5);
#2656=EDGE_CURVE('',#2644,#2620,#2655,.T.);
#2657=ORIENTED_EDGE('',*,*,#2656,.T.);
#2658=ORIENTED_EDGE('',*,*,#2625,.T.);
#2659=EDGE_LOOP('',(#2642,#2650,#2657,#2658));
#2660=FACE_OUTER_BOUND('',#2659,.T.);
#2661=ADVANCED_FACE('',(#2660),#2641,.T.);
#2662=CARTESIAN_POINT('',(-24.999999999999993,-35.000000000000007,0.0));
#2663=DIRECTION('',(-0.999390827019096,-1.268053E-016,0.034899496702501));
#2664=DIRECTION('',(0.0,-1.0,0.0));
#2665=AXIS2_PLACEMENT_3D('',#2662,#2663,#2664);
#2666=PLANE('',#2665);
#2667=ORIENTED_EDGE('',*,*,#2270,.F.);
#2668=CARTESIAN_POINT('',(-25.0,31.502132105433152,0.0));
#2669=VERTEX_POINT('',#2668);
#2670=CARTESIAN_POINT('',(-25.0,31.502132105433155,0.0));
#2671=DIRECTION('',(0.034878262742375,-0.034878262742375,0.998782765958718));
#2672=VECTOR('',#2671,21.631028514363127);
#2673=LINE('',#2670,#2672);
#2674=EDGE_CURVE('',#2669,#2258,#2673,.T.);
#2675=ORIENTED_EDGE('',*,*,#2674,.F.);
#2676=CARTESIAN_POINT('',(-24.999999999999993,-31.502132105433173,0.0));
#2677=DIRECTION('',(0.0,1.0,0.0));
#2678=VECTOR('',#2677,63.004264210866324);
#2679=LINE('',#2676,#2678);
#2680=EDGE_CURVE('',#2644,#2669,#2679,.T.);
#2681=ORIENTED_EDGE('',*,*,#2680,.F.);
#2682=ORIENTED_EDGE('',*,*,#2649,.F.);
#2683=EDGE_LOOP('',(#2667,#2675,#2681,#2682));
#2684=FACE_OUTER_BOUND('',#2683,.T.);
#2685=ADVANCED_FACE('',(#2684),#2666,.T.);
#2686=CARTESIAN_POINT('',(0.0,-6.964126E-015,24.5));
#2687=DIRECTION('',(0.0,0.0,1.0));
#2688=DIRECTION('',(1.0,0.0,0.0));
#2689=AXIS2_PLACEMENT_3D('',#2686,#2687,#2688);
#2690=PLANE('',#2689);
#2691=ORIENTED_EDGE('',*,*,#2255,.F.);
#2692=ORIENTED_EDGE('',*,*,#2317,.F.);
#2693=ORIENTED_EDGE('',*,*,#2405,.F.);
#2694=ORIENTED_EDGE('',*,*,#2491,.F.);
#2695=ORIENTED_EDGE('',*,*,#2576,.F.);
#2696=ORIENTED_EDGE('',*,*,#2554,.F.);
#2697=ORIENTED_EDGE('',*,*,#2444,.F.);
#2698=ORIENTED_EDGE('',*,*,#2380,.F.);
#2699=EDGE_LOOP('',(#2691,#2692,#2693,#2694,#2695,#2696,#2697,#2698));
#2700=FACE_OUTER_BOUND('',#2699,.T.);
#2701=ADVANCED_FACE('',(#2700),#2690,.T.);
#2702=CARTESIAN_POINT('',(-21.463809975565702,31.463809975565695,0.975253978766593));
#2703=DIRECTION('',(0.034878262742375,-0.034878262742375,0.998782765958718));
#2704=DIRECTION('',(-0.706246066741665,0.706246066741667,0.049325312202278));
#2705=AXIS2_PLACEMENT_3D('',#2702,#2703,#2704);
#2706=CYLINDRICAL_SURFACE('',#2705,3.5);
#2707=ORIENTED_EDGE('',*,*,#2372,.F.);
#2708=CARTESIAN_POINT('',(-21.502132105433166,34.999999999999993,0.0));
#2709=VERTEX_POINT('',#2708);
#2710=CARTESIAN_POINT('',(-20.747679409521407,34.245547304088241,21.60469849010752));
#2711=DIRECTION('',(-0.034878262742375,0.034878262742374,-0.998782765958718));
#2712=VECTOR('',#2711,21.631028514363138);
#2713=LINE('',#2710,#2712);
#2714=EDGE_CURVE('',#2359,#2709,#2713,.T.);
#2715=ORIENTED_EDGE('',*,*,#2714,.T.);
#2716=CARTESIAN_POINT('',(-21.497866594954122,31.497866594954115,0.0));
#2717=DIRECTION('',(0.0,0.0,1.0));
#2718=DIRECTION('',(-0.707106781186547,0.707106781186548,0.0));
#2719=AXIS2_PLACEMENT_3D('',#2716,#2717,#2718);
#2720=ELLIPSE('',#2719,3.504265511270007,3.5);
#2721=EDGE_CURVE('',#2709,#2669,#2720,.T.);
#2722=ORIENTED_EDGE('',*,*,#2721,.T.);
#2723=ORIENTED_EDGE('',*,*,#2674,.T.);
#2724=EDGE_LOOP('',(#2707,#2715,#2722,#2723));
#2725=FACE_OUTER_BOUND('',#2724,.T.);
#2726=ADVANCED_FACE('',(#2725),#2706,.T.);
#2727=CARTESIAN_POINT('',(-25.0,34.999999999999993,0.0));
#2728=DIRECTION('',(0.0,0.999390827019096,0.034899496702501));
#2729=DIRECTION('',(-1.0,0.0,0.0));
#2730=AXIS2_PLACEMENT_3D('',#2727,#2728,#2729);
#2731=PLANE('',#2730);
#2732=ORIENTED_EDGE('',*,*,#2437,.F.);
#2733=CARTESIAN_POINT('',(21.502132105433162,34.999999999999993,0.0));
#2734=VERTEX_POINT('',#2733);
#2735=CARTESIAN_POINT('',(21.502132105433152,34.999999999999993,-2.220446E-016));
#2736=DIRECTION('',(-0.034878262742374,-0.034878262742374,0.998782765958718));
#2737=VECTOR('',#2736,21.63102851436313);
#2738=LINE('',#2735,#2737);
#2739=EDGE_CURVE('',#2734,#2425,#2738,.T.);
#2740=ORIENTED_EDGE('',*,*,#2739,.F.);
#2741=CARTESIAN_POINT('',(-21.502132105433166,34.999999999999993,0.0));
#2742=DIRECTION('',(1.0,0.0,0.0));
#2743=VECTOR('',#2742,43.004264210866324);
#2744=LINE('',#2741,#2743);
#2745=EDGE_CURVE('',#2709,#2734,#2744,.T.);
#2746=ORIENTED_EDGE('',*,*,#2745,.F.);
#2747=ORIENTED_EDGE('',*,*,#2714,.F.);
#2748=EDGE_LOOP('',(#2732,#2740,#2746,#2747));
#2749=FACE_OUTER_BOUND('',#2748,.T.);
#2750=ADVANCED_FACE('',(#2749),#2731,.T.);
#2751=CARTESIAN_POINT('',(21.475974907684954,31.475974907684957,0.626895901429955));
#2752=DIRECTION('',(-0.034878262742375,-0.034878262742375,0.998782765958718));
#2753=DIRECTION('',(0.706246066741666,0.706246066741666,0.049325312202278));
#2754=AXIS2_PLACEMENT_3D('',#2751,#2752,#2753);
#2755=CYLINDRICAL_SURFACE('',#2754,3.5);
#2756=ORIENTED_EDGE('',*,*,#2546,.F.);
#2757=CARTESIAN_POINT('',(24.999999999999993,31.502132105433155,0.0));
#2758=VERTEX_POINT('',#2757);
#2759=CARTESIAN_POINT('',(24.245547304088241,30.747679409521403,21.604698490107523));
#2760=DIRECTION('',(0.034878262742374,0.034878262742374,-0.998782765958718));
#2761=VECTOR('',#2760,21.631028514363141);
#2762=LINE('',#2759,#2761);
#2763=EDGE_CURVE('',#2533,#2758,#2762,.T.);
#2764=ORIENTED_EDGE('',*,*,#2763,.T.);
#2765=CARTESIAN_POINT('',(21.497866594954111,31.497866594954115,0.0));
#2766=DIRECTION('',(0.0,0.0,1.0));
#2767=DIRECTION('',(0.707106781186547,0.707106781186547,0.0));
#2768=AXIS2_PLACEMENT_3D('',#2765,#2766,#2767);
#2769=ELLIPSE('',#2768,3.504265511270007,3.5);
#2770=EDGE_CURVE('',#2758,#2734,#2769,.T.);
#2771=ORIENTED_EDGE('',*,*,#2770,.T.);
#2772=ORIENTED_EDGE('',*,*,#2739,.T.);
#2773=EDGE_LOOP('',(#2756,#2764,#2771,#2772));
#2774=FACE_OUTER_BOUND('',#2773,.T.);
#2775=ADVANCED_FACE('',(#2774),#2755,.T.);
#2776=CARTESIAN_POINT('',(-22.999999999999993,-33.0,0.0));
#2777=DIRECTION('',(-0.999390827019096,0.0,0.034899496702501));
#2778=DIRECTION('',(0.0,-1.0,0.0));
#2779=AXIS2_PLACEMENT_3D('',#2776,#2777,#2778);
#2780=PLANE('',#2779);
#2781=ORIENTED_EDGE('',*,*,#1960,.F.);
#2782=ORIENTED_EDGE('',*,*,#1995,.F.);
#2783=CARTESIAN_POINT('',(-23.0,31.500913759471342,0.0));
#2784=DIRECTION('',(0.0,-1.0,0.0));
#2785=VECTOR('',#2784,63.001827518942704);
#2786=LINE('',#2783,#2785);
#2787=EDGE_CURVE('',#1186,#1983,#2786,.T.);
#2788=ORIENTED_EDGE('',*,*,#2787,.F.);
#2789=ORIENTED_EDGE('',*,*,#1191,.F.);
#2790=EDGE_LOOP('',(#2781,#2782,#2788,#2789));
#2791=FACE_OUTER_BOUND('',#2790,.T.);
#2792=ADVANCED_FACE('',(#2791),#2780,.F.);
#2793=CARTESIAN_POINT('',(-16.0,-20.0,18.650000000000002));
#2794=DIRECTION('',(0.0,0.0,-1.0));
#2795=DIRECTION('',(1.0,0.0,0.0));
#2796=AXIS2_PLACEMENT_3D('',#2793,#2794,#2795);
#2797=CONICAL_SURFACE('',#2796,0.85,45.000000000000007);
#2798=CARTESIAN_POINT('',(-16.700000000000003,-20.0,18.800000000000001));
#2799=VERTEX_POINT('',#2798);
#2800=CARTESIAN_POINT('',(-16.0,-20.0,18.800000000000001));
#2801=DIRECTION('',(0.0,0.0,1.0));
#2802=DIRECTION('',(1.0,0.0,0.0));
#2803=AXIS2_PLACEMENT_3D('',#2800,#2801,#2802);
#2804=CIRCLE('',#2803,0.7);
#2805=EDGE_CURVE('',#2799,#2799,#2804,.T.);
#2806=ORIENTED_EDGE('',*,*,#2805,.T.);
#2807=EDGE_LOOP('',(#2806));
#2808=FACE_OUTER_BOUND('',#2807,.T.);
#2809=CARTESIAN_POINT('',(-17.0,-20.0,18.5));
#2810=VERTEX_POINT('',#2809);
#2811=CARTESIAN_POINT('',(-16.0,-20.0,18.5));
#2812=DIRECTION('',(0.0,0.0,-1.0));
#2813=DIRECTION('',(1.0,0.0,0.0));
#2814=AXIS2_PLACEMENT_3D('',#2811,#2812,#2813);
#2815=CIRCLE('',#2814,1.0);
#2816=EDGE_CURVE('',#2810,#2810,#2815,.T.);
#2817=ORIENTED_EDGE('',*,*,#2816,.T.);
#2818=EDGE_LOOP('',(#2817));
#2819=FACE_BOUND('',#2818,.T.);
#2820=ADVANCED_FACE('',(#2808,#2819),#2797,.F.);
#2821=CARTESIAN_POINT('',(-16.0,-20.0,18.5));
#2822=DIRECTION('',(0.0,0.0,1.0));
#2823=DIRECTION('',(1.0,0.0,0.0));
#2824=AXIS2_PLACEMENT_3D('',#2821,#2822,#2823);
#2825=CYLINDRICAL_SURFACE('',#2824,0.7);
#2826=CARTESIAN_POINT('',(-16.700000000000003,-20.0,23.000000000000004));
#2827=VERTEX_POINT('',#2826);
#2828=CARTESIAN_POINT('',(-16.0,-20.0,23.000000000000004));
#2829=DIRECTION('',(0.0,0.0,-1.0));
#2830=DIRECTION('',(1.0,0.0,0.0));
#2831=AXIS2_PLACEMENT_3D('',#2828,#2829,#2830);
#2832=CIRCLE('',#2831,0.7);
#2833=EDGE_CURVE('',#2827,#2827,#2832,.T.);
#2834=ORIENTED_EDGE('',*,*,#2833,.F.);
#2835=EDGE_LOOP('',(#2834));
#2836=FACE_OUTER_BOUND('',#2835,.T.);
#2837=ORIENTED_EDGE('',*,*,#2805,.F.);
#2838=EDGE_LOOP('',(#2837));
#2839=FACE_BOUND('',#2838,.T.);
#2840=ADVANCED_FACE('',(#2836,#2839),#2825,.F.);
#2841=CARTESIAN_POINT('',(-16.0,-20.0,18.5));
#2842=DIRECTION('',(0.0,0.0,1.0));
#2843=DIRECTION('',(1.0,0.0,0.0));
#2844=AXIS2_PLACEMENT_3D('',#2841,#2842,#2843);
#2845=PLANE('',#2844);
#2846=ORIENTED_EDGE('',*,*,#2145,.F.);
#2847=EDGE_LOOP('',(#2846));
#2848=FACE_OUTER_BOUND('',#2847,.T.);
#2849=ORIENTED_EDGE('',*,*,#2816,.F.);
#2850=EDGE_LOOP('',(#2849));
#2851=FACE_BOUND('',#2850,.T.);
#2852=ADVANCED_FACE('',(#2848,#2851),#2845,.F.);
#2853=CARTESIAN_POINT('',(-16.0,20.0,18.650000000000002));
#2854=DIRECTION('',(0.0,0.0,-1.0));
#2855=DIRECTION('',(1.0,0.0,0.0));
#2856=AXIS2_PLACEMENT_3D('',#2853,#2854,#2855);
#2857=CONICAL_SURFACE('',#2856,0.85,45.000000000000007);
#2858=CARTESIAN_POINT('',(-16.700000000000003,20.0,18.800000000000001));
#2859=VERTEX_POINT('',#2858);
#2860=CARTESIAN_POINT('',(-16.0,20.0,18.800000000000001));
#2861=DIRECTION('',(0.0,0.0,1.0));
#2862=DIRECTION('',(1.0,0.0,0.0));
#2863=AXIS2_PLACEMENT_3D('',#2860,#2861,#2862);
#2864=CIRCLE('',#2863,0.7);
#2865=EDGE_CURVE('',#2859,#2859,#2864,.T.);
#2866=ORIENTED_EDGE('',*,*,#2865,.T.);
#2867=EDGE_LOOP('',(#2866));
#2868=FACE_OUTER_BOUND('',#2867,.T.);
#2869=CARTESIAN_POINT('',(-17.0,20.0,18.5));
#2870=VERTEX_POINT('',#2869);
#2871=CARTESIAN_POINT('',(-16.0,20.0,18.5));
#2872=DIRECTION('',(0.0,0.0,-1.0));
#2873=DIRECTION('',(1.0,0.0,0.0));
#2874=AXIS2_PLACEMENT_3D('',#2871,#2872,#2873);
#2875=CIRCLE('',#2874,1.0);
#2876=EDGE_CURVE('',#2870,#2870,#2875,.T.);
#2877=ORIENTED_EDGE('',*,*,#2876,.T.);
#2878=EDGE_LOOP('',(#2877));
#2879=FACE_BOUND('',#2878,.T.);
#2880=ADVANCED_FACE('',(#2868,#2879),#2857,.F.);
#2881=CARTESIAN_POINT('',(-16.0,20.0,18.5));
#2882=DIRECTION('',(0.0,0.0,1.0));
#2883=DIRECTION('',(1.0,0.0,0.0));
#2884=AXIS2_PLACEMENT_3D('',#2881,#2882,#2883);
#2885=CYLINDRICAL_SURFACE('',#2884,0.7);
#2886=CARTESIAN_POINT('',(-16.700000000000003,20.0,23.000000000000004));
#2887=VERTEX_POINT('',#2886);
#2888=CARTESIAN_POINT('',(-16.0,20.0,23.000000000000004));
#2889=DIRECTION('',(0.0,0.0,-1.0));
#2890=DIRECTION('',(1.0,0.0,0.0));
#2891=AXIS2_PLACEMENT_3D('',#2888,#2889,#2890);
#2892=CIRCLE('',#2891,0.7);
#2893=EDGE_CURVE('',#2887,#2887,#2892,.T.);
#2894=ORIENTED_EDGE('',*,*,#2893,.F.);
#2895=EDGE_LOOP('',(#2894));
#2896=FACE_OUTER_BOUND('',#2895,.T.);
#2897=ORIENTED_EDGE('',*,*,#2865,.F.);
#2898=EDGE_LOOP('',(#2897));
#2899=FACE_BOUND('',#2898,.T.);
#2900=ADVANCED_FACE('',(#2896,#2899),#2885,.F.);
#2901=CARTESIAN_POINT('',(-16.0,20.0,18.5));
#2902=DIRECTION('',(0.0,0.0,1.0));
#2903=DIRECTION('',(1.0,0.0,0.0));
#2904=AXIS2_PLACEMENT_3D('',#2901,#2902,#2903);
#2905=PLANE('',#2904);
#2906=ORIENTED_EDGE('',*,*,#2105,.F.);
#2907=EDGE_LOOP('',(#2906));
#2908=FACE_OUTER_BOUND('',#2907,.T.);
#2909=ORIENTED_EDGE('',*,*,#2876,.F.);
#2910=EDGE_LOOP('',(#2909));
#2911=FACE_BOUND('',#2910,.T.);
#2912=ADVANCED_FACE('',(#2908,#2911),#2905,.F.);
#2913=CARTESIAN_POINT('',(16.0,-20.0,18.650000000000002));
#2914=DIRECTION('',(0.0,0.0,-1.0));
#2915=DIRECTION('',(1.0,0.0,0.0));
#2916=AXIS2_PLACEMENT_3D('',#2913,#2914,#2915);
#2917=CONICAL_SURFACE('',#2916,0.85,45.000000000000007);
#2918=CARTESIAN_POINT('',(15.300000000000001,-20.0,18.800000000000001));
#2919=VERTEX_POINT('',#2918);
#2920=CARTESIAN_POINT('',(16.0,-20.0,18.800000000000001));
#2921=DIRECTION('',(0.0,0.0,1.0));
#2922=DIRECTION('',(1.0,0.0,0.0));
#2923=AXIS2_PLACEMENT_3D('',#2920,#2921,#2922);
#2924=CIRCLE('',#2923,0.7);
#2925=EDGE_CURVE('',#2919,#2919,#2924,.T.);
#2926=ORIENTED_EDGE('',*,*,#2925,.T.);
#2927=EDGE_LOOP('',(#2926));
#2928=FACE_OUTER_BOUND('',#2927,.T.);
#2929=CARTESIAN_POINT('',(15.0,-20.0,18.5));
#2930=VERTEX_POINT('',#2929);
#2931=CARTESIAN_POINT('',(16.0,-20.0,18.5));
#2932=DIRECTION('',(0.0,0.0,-1.0));
#2933=DIRECTION('',(1.0,0.0,0.0));
#2934=AXIS2_PLACEMENT_3D('',#2931,#2932,#2933);
#2935=CIRCLE('',#2934,1.0);
#2936=EDGE_CURVE('',#2930,#2930,#2935,.T.);
#2937=ORIENTED_EDGE('',*,*,#2936,.T.);
#2938=EDGE_LOOP('',(#2937));
#2939=FACE_BOUND('',#2938,.T.);
#2940=ADVANCED_FACE('',(#2928,#2939),#2917,.F.);
#2941=CARTESIAN_POINT('',(16.0,-20.0,18.5));
#2942=DIRECTION('',(0.0,0.0,1.0));
#2943=DIRECTION('',(1.0,0.0,0.0));
#2944=AXIS2_PLACEMENT_3D('',#2941,#2942,#2943);
#2945=CYLINDRICAL_SURFACE('',#2944,0.7);
#2946=CARTESIAN_POINT('',(15.300000000000001,-20.0,23.000000000000004));
#2947=VERTEX_POINT('',#2946);
#2948=CARTESIAN_POINT('',(16.0,-20.0,23.000000000000004));
#2949=DIRECTION('',(0.0,0.0,-1.0));
#2950=DIRECTION('',(1.0,0.0,0.0));
#2951=AXIS2_PLACEMENT_3D('',#2948,#2949,#2950);
#2952=CIRCLE('',#2951,0.7);
#2953=EDGE_CURVE('',#2947,#2947,#2952,.T.);
#2954=ORIENTED_EDGE('',*,*,#2953,.F.);
#2955=EDGE_LOOP('',(#2954));
#2956=FACE_OUTER_BOUND('',#2955,.T.);
#2957=ORIENTED_EDGE('',*,*,#2925,.F.);
#2958=EDGE_LOOP('',(#2957));
#2959=FACE_BOUND('',#2958,.T.);
#2960=ADVANCED_FACE('',(#2956,#2959),#2945,.F.);
#2961=CARTESIAN_POINT('',(16.0,-20.0,18.5));
#2962=DIRECTION('',(0.0,0.0,1.0));
#2963=DIRECTION('',(1.0,0.0,0.0));
#2964=AXIS2_PLACEMENT_3D('',#2961,#2962,#2963);
#2965=PLANE('',#2964);
#2966=ORIENTED_EDGE('',*,*,#2185,.F.);
#2967=EDGE_LOOP('',(#2966));
#2968=FACE_OUTER_BOUND('',#2967,.T.);
#2969=ORIENTED_EDGE('',*,*,#2936,.F.);
#2970=EDGE_LOOP('',(#2969));
#2971=FACE_BOUND('',#2970,.T.);
#2972=ADVANCED_FACE('',(#2968,#2971),#2965,.F.);
#2973=CARTESIAN_POINT('',(16.0,20.0,18.650000000000002));
#2974=DIRECTION('',(0.0,0.0,-1.0));
#2975=DIRECTION('',(1.0,0.0,0.0));
#2976=AXIS2_PLACEMENT_3D('',#2973,#2974,#2975);
#2977=CONICAL_SURFACE('',#2976,0.85,45.000000000000007);
#2978=CARTESIAN_POINT('',(15.300000000000001,20.0,18.800000000000001));
#2979=VERTEX_POINT('',#2978);
#2980=CARTESIAN_POINT('',(16.0,20.0,18.800000000000001));
#2981=DIRECTION('',(0.0,0.0,1.0));
#2982=DIRECTION('',(1.0,0.0,0.0));
#2983=AXIS2_PLACEMENT_3D('',#2980,#2981,#2982);
#2984=CIRCLE('',#2983,0.7);
#2985=EDGE_CURVE('',#2979,#2979,#2984,.T.);
#2986=ORIENTED_EDGE('',*,*,#2985,.T.);
#2987=EDGE_LOOP('',(#2986));
#2988=FACE_OUTER_BOUND('',#2987,.T.);
#2989=CARTESIAN_POINT('',(15.0,20.0,18.5));
#2990=VERTEX_POINT('',#2989);
#2991=CARTESIAN_POINT('',(16.0,20.0,18.5));
#2992=DIRECTION('',(0.0,0.0,-1.0));
#2993=DIRECTION('',(1.0,0.0,0.0));
#2994=AXIS2_PLACEMENT_3D('',#2991,#2992,#2993);
#2995=CIRCLE('',#2994,1.0);
#2996=EDGE_CURVE('',#2990,#2990,#2995,.T.);
#2997=ORIENTED_EDGE('',*,*,#2996,.T.);
#2998=EDGE_LOOP('',(#2997));
#2999=FACE_BOUND('',#2998,.T.);
#3000=ADVANCED_FACE('',(#2988,#2999),#2977,.F.);
#3001=CARTESIAN_POINT('',(16.0,20.0,18.5));
#3002=DIRECTION('',(0.0,0.0,1.0));
#3003=DIRECTION('',(1.0,0.0,0.0));
#3004=AXIS2_PLACEMENT_3D('',#3001,#3002,#3003);
#3005=CYLINDRICAL_SURFACE('',#3004,0.7);
#3006=CARTESIAN_POINT('',(15.300000000000001,20.0,23.000000000000004));
#3007=VERTEX_POINT('',#3006);
#3008=CARTESIAN_POINT('',(16.0,20.0,23.000000000000004));
#3009=DIRECTION('',(0.0,0.0,-1.0));
#3010=DIRECTION('',(1.0,0.0,0.0));
#3011=AXIS2_PLACEMENT_3D('',#3008,#3009,#3010);
#3012=CIRCLE('',#3011,0.7);
#3013=EDGE_CURVE('',#3007,#3007,#3012,.T.);
#3014=ORIENTED_EDGE('',*,*,#3013,.F.);
#3015=EDGE_LOOP('',(#3014));
#3016=FACE_OUTER_BOUND('',#3015,.T.);
#3017=ORIENTED_EDGE('',*,*,#2985,.F.);
#3018=EDGE_LOOP('',(#3017));
#3019=FACE_BOUND('',#3018,.T.);
#3020=ADVANCED_FACE('',(#3016,#3019),#3005,.F.);
#3021=CARTESIAN_POINT('',(16.0,20.0,18.5));
#3022=DIRECTION('',(0.0,0.0,1.0));
#3023=DIRECTION('',(1.0,0.0,0.0));
#3024=AXIS2_PLACEMENT_3D('',#3021,#3022,#3023);
#3025=PLANE('',#3024);
#3026=ORIENTED_EDGE('',*,*,#2225,.F.);
#3027=EDGE_LOOP('',(#3026));
#3028=FACE_OUTER_BOUND('',#3027,.T.);
#3029=ORIENTED_EDGE('',*,*,#2996,.F.);
#3030=EDGE_LOOP('',(#3029));
#3031=FACE_BOUND('',#3030,.T.);
#3032=ADVANCED_FACE('',(#3028,#3031),#3025,.F.);
#3033=CARTESIAN_POINT('',(16.0,-20.0,23.000000000000004));
#3034=DIRECTION('',(0.0,0.0,1.0));
#3035=DIRECTION('',(1.0,0.0,0.0));
#3036=AXIS2_PLACEMENT_3D('',#3033,#3034,#3035);
#3037=PLANE('',#3036);
#3038=ORIENTED_EDGE('',*,*,#2953,.T.);
#3039=EDGE_LOOP('',(#3038));
#3040=FACE_OUTER_BOUND('',#3039,.T.);
#3041=ADVANCED_FACE('',(#3040),#3037,.F.);
#3042=CARTESIAN_POINT('',(16.0,20.0,23.000000000000004));
#3043=DIRECTION('',(0.0,0.0,1.0));
#3044=DIRECTION('',(1.0,0.0,0.0));
#3045=AXIS2_PLACEMENT_3D('',#3042,#3043,#3044);
#3046=PLANE('',#3045);
#3047=ORIENTED_EDGE('',*,*,#3013,.T.);
#3048=EDGE_LOOP('',(#3047));
#3049=FACE_OUTER_BOUND('',#3048,.T.);
#3050=ADVANCED_FACE('',(#3049),#3046,.F.);
#3051=CARTESIAN_POINT('',(-16.0,20.0,23.000000000000004));
#3052=DIRECTION('',(0.0,0.0,1.0));
#3053=DIRECTION('',(1.0,0.0,0.0));
#3054=AXIS2_PLACEMENT_3D('',#3051,#3052,#3053);
#3055=PLANE('',#3054);
#3056=ORIENTED_EDGE('',*,*,#2893,.T.);
#3057=EDGE_LOOP('',(#3056));
#3058=FACE_OUTER_BOUND('',#3057,.T.);
#3059=ADVANCED_FACE('',(#3058),#3055,.F.);
#3060=CARTESIAN_POINT('',(-16.0,-20.0,23.000000000000004));
#3061=DIRECTION('',(0.0,0.0,1.0));
#3062=DIRECTION('',(1.0,0.0,0.0));
#3063=AXIS2_PLACEMENT_3D('',#3060,#3061,#3062);
#3064=PLANE('',#3063);
#3065=ORIENTED_EDGE('',*,*,#2833,.T.);
#3066=EDGE_LOOP('',(#3065));
#3067=FACE_OUTER_BOUND('',#3066,.T.);
#3068=ADVANCED_FACE('',(#3067),#3064,.F.);
#3069=CARTESIAN_POINT('',(-22.999999999999993,32.999999999999986,0.0));
#3070=DIRECTION('',(0.0,0.999390827019096,0.034899496702501));
#3071=DIRECTION('',(-1.0,0.0,0.0));
#3072=AXIS2_PLACEMENT_3D('',#3069,#3070,#3071);
#3073=PLANE('',#3072);
#3074=ORIENTED_EDGE('',*,*,#1890,.F.);
#3075=ORIENTED_EDGE('',*,*,#1208,.F.);
#3076=CARTESIAN_POINT('',(21.500913759471349,32.999999999999986,0.0));
#3077=DIRECTION('',(-1.0,0.0,0.0));
#3078=VECTOR('',#3077,43.001827518942704);
#3079=LINE('',#3076,#3078);
#3080=EDGE_CURVE('',#864,#1194,#3079,.T.);
#3081=ORIENTED_EDGE('',*,*,#3080,.F.);
#3082=ORIENTED_EDGE('',*,*,#869,.F.);
#3083=EDGE_LOOP('',(#3074,#3075,#3081,#3082));
#3084=FACE_OUTER_BOUND('',#3083,.T.);
#3085=ADVANCED_FACE('',(#3084),#3073,.F.);
#3086=CARTESIAN_POINT('',(24.999999999999993,34.999999999999993,0.0));
#3087=DIRECTION('',(0.999390827019096,1.268053E-016,0.034899496702501));
#3088=DIRECTION('',(0.0,1.0,0.0));
#3089=AXIS2_PLACEMENT_3D('',#3086,#3087,#3088);
#3090=PLANE('',#3089);
#3091=ORIENTED_EDGE('',*,*,#2569,.F.);
#3092=ORIENTED_EDGE('',*,*,#2608,.F.);
#3093=CARTESIAN_POINT('',(24.999999999999993,31.502132105433159,0.0));
#3094=DIRECTION('',(0.0,-1.0,0.0));
#3095=VECTOR('',#3094,63.004264210866324);
#3096=LINE('',#3093,#3095);
#3097=EDGE_CURVE('',#2758,#2596,#3096,.T.);
#3098=ORIENTED_EDGE('',*,*,#3097,.F.);
#3099=ORIENTED_EDGE('',*,*,#2763,.F.);
#3100=EDGE_LOOP('',(#3091,#3092,#3098,#3099));
#3101=FACE_OUTER_BOUND('',#3100,.T.);
#3102=ADVANCED_FACE('',(#3101),#3090,.T.);
#3103=CARTESIAN_POINT('',(0.0,-6.627695E-015,0.0));
#3104=DIRECTION('',(0.0,0.0,1.0));
#3105=DIRECTION('',(1.0,0.0,0.0));
#3106=AXIS2_PLACEMENT_3D('',#3103,#3104,#3105);
#3107=PLANE('',#3106);
#3108=ORIENTED_EDGE('',*,*,#2656,.F.);
#3109=ORIENTED_EDGE('',*,*,#2680,.T.);
#3110=ORIENTED_EDGE('',*,*,#2721,.F.);
#3111=ORIENTED_EDGE('',*,*,#2745,.T.);
#3112=ORIENTED_EDGE('',*,*,#2770,.F.);
#3113=ORIENTED_EDGE('',*,*,#3097,.T.);
#3114=ORIENTED_EDGE('',*,*,#2602,.F.);
#3115=ORIENTED_EDGE('',*,*,#2631,.T.);
#3116=EDGE_LOOP('',(#3108,#3109,#3110,#3111,#3112,#3113,#3114,#3115));
#3117=FACE_OUTER_BOUND('',#3116,.T.);
#3118=ORIENTED_EDGE('',*,*,#2067,.T.);
#3119=ORIENTED_EDGE('',*,*,#878,.F.);
#3120=ORIENTED_EDGE('',*,*,#3080,.T.);
#3121=ORIENTED_EDGE('',*,*,#1200,.F.);
#3122=ORIENTED_EDGE('',*,*,#2787,.T.);
#3123=ORIENTED_EDGE('',*,*,#1989,.F.);
#3124=ORIENTED_EDGE('',*,*,#2021,.T.);
#3125=ORIENTED_EDGE('',*,*,#2047,.F.);
#3126=EDGE_LOOP('',(#3118,#3119,#3120,#3121,#3122,#3123,#3124,#3125));
#3127=FACE_BOUND('',#3126,.T.);
#3128=ADVANCED_FACE('',(#3117,#3127),#3107,.F.);
#3129=CLOSED_SHELL('',(#148,#194,#240,#295,#350,#374,#416,#462,#508,#563,#618,#642,#692,#742,#767,#792,#845,#897,#939,#964,#1014,#1064,#1089,#1114,#1167,#1219,#1261,#1286,#1314,#1334,#1346,#1374,#1394,#1414,#1442,#1462,#1474,#1502,#1522,#1542,#1551,#1560,#1569,#1578,#1631,#1684,#1709,#1734,#1814,#1841,#1869,#1896,#1917,#1945,#1966,#2002,#2026,#2055,#2072,#2092,#2112,#2132,#2152,#2172,#2192,#2212,#2232,#2274,#2329,#2384,#2416,#2448,#2503,#2558,#2580,#2612,#2636,#2661,#2685,#2701,#2726,#2750,#2775,#2792,#2820,#2840,#2852,#2880,#2900,#2912,#2940,#2960,#2972,#3000,#3020,#3032,#3041,#3050,#3059,#3068,#3085,#3102,#3128));
#3130=MANIFOLD_SOLID_BREP('\X2\30BD30EA30C330C9\X0\1',#3129);
#3131=COLOUR_RGB('\X2\FFFDFFFDFFFDFFFD\X0\',0.752941012382507,0.752941012382507,0.752941012382507);
#3132=FILL_AREA_STYLE_COLOUR('\X2\FFFDFFFDFFFDFFFD\X0\',#3131);
#3133=FILL_AREA_STYLE('\X2\FFFDFFFDFFFDFFFD\X0\',(#3132));
#3134=SURFACE_STYLE_FILL_AREA(#3133);
#3135=SURFACE_SIDE_STYLE('\X2\FFFDFFFDFFFDFFFD\X0\',(#3134));
#3136=SURFACE_STYLE_USAGE(.BOTH.,#3135);
#3137=PRESENTATION_STYLE_ASSIGNMENT((#3136));
#3138=STYLED_ITEM('',(#3137),#3130);
#3139=MECHANICAL_DESIGN_GEOMETRIC_PRESENTATION_REPRESENTATION('',(#3138,#5673),#36);
#3140=ADVANCED_BREP_SHAPE_REPRESENTATION('ABSR',(#3130),#75);
#3141=SHAPE_REPRESENTATION_RELATIONSHIP('SRR','None',#3140,#80);
#3142=AXIS2_PLACEMENT_3D('',#3143,#3144,#3145);
#3143=CARTESIAN_POINT('',(0.0,0.0,0.0));
#3144=DIRECTION('',(0.0,0.0,1.0));
#3145=DIRECTION('',(1.0,0.0,0.0));
#3146=NEXT_ASSEMBLY_USAGE_OCCURRENCE('tw5-3-7(\X2\4E0BFF76FF8AFF9EFF70\X0\):1','tw5-3-7(\X2\4E0BFF76FF8AFF9EFF70\X0\):1','tw5-3-7(\X2\4E0BFF76FF8AFF9EFF70\X0\):1',#12,#51,'tw5-3-7(\X2\4E0BFF76FF8AFF9EFF70\X0\):1');
#3147=PRODUCT_DEFINITION_SHAPE('tw5-3-7(\X2\4E0BFF76FF8AFF9EFF70\X0\):1','tw5-3-7(\X2\4E0BFF76FF8AFF9EFF70\X0\):1',#3146);
#3148=ITEM_DEFINED_TRANSFORMATION('tw5-3-7(\X2\4E0BFF76FF8AFF9EFF70\X0\):1','tw5-3-7(\X2\4E0BFF76FF8AFF9EFF70\X0\):1',#76,#3142);
#3152=(REPRESENTATION_RELATIONSHIP('tw5-3-7(\X2\4E0BFF76FF8AFF9EFF70\X0\):1','tw5-3-7(\X2\4E0BFF76FF8AFF9EFF70\X0\):1',#80,#41)REPRESENTATION_RELATIONSHIP_WITH_TRANSFORMATION(#3148)SHAPE_REPRESENTATION_RELATIONSHIP());
#3153=CONTEXT_DEPENDENT_SHAPE_REPRESENTATION(#3152,#3147);
#3154=APPLICATION_CONTEXT('automotive design');
#3155=APPLICATION_PROTOCOL_DEFINITION('International Standard','automotive_design',2001,#3154);
#3156=PRODUCT_CONTEXT('',#3154,'mechanical');
#3157=PRODUCT('tw5-3-7(\X2\4E0AFF76FF8AFF9EFF70\X0\)','tw5-3-7(\X2\4E0AFF76FF8AFF9EFF70\X0\)',$,(#3156));
#3158=PRODUCT_RELATED_PRODUCT_CATEGORY('part',$,(#3157));
#3159=PRODUCT_DEFINITION_FORMATION('',$,#3157);
#3160=PRODUCT_DEFINITION_CONTEXT('part definition',#3154,'design');
#3161=PRODUCT_DEFINITION('',$,#3159,#3160);
#3167=(NAMED_UNIT(*)PLANE_ANGLE_UNIT()SI_UNIT($,.RADIAN.));
#3168=DIMENSIONAL_EXPONENTS(0.0,0.0,0.0,0.0,0.0,0.0,0.0);
#3169=PLANE_ANGLE_MEASURE_WITH_UNIT(PLANE_ANGLE_MEASURE(0.0174532925),#3167);
#3173=(CONVERSION_BASED_UNIT('DEGREE',#3169)NAMED_UNIT(#3168)PLANE_ANGLE_UNIT());
#3177=(NAMED_UNIT(*)SI_UNIT($,.STERADIAN.)SOLID_ANGLE_UNIT());
#3181=(LENGTH_UNIT()NAMED_UNIT(*)SI_UNIT(.MILLI.,.METRE.));
#3183=UNCERTAINTY_MEASURE_WITH_UNIT(LENGTH_MEASURE(0.01),#3181,'DISTANCE_ACCURACY_VALUE','');
#3185=(GEOMETRIC_REPRESENTATION_CONTEXT(3)GLOBAL_UNCERTAINTY_ASSIGNED_CONTEXT((#3183))GLOBAL_UNIT_ASSIGNED_CONTEXT((#3173,#3177,#3181))REPRESENTATION_CONTEXT('None','None'));
#3186=AXIS2_PLACEMENT_3D('',#3187,#3188,#3189);
#3187=CARTESIAN_POINT('',(0.0,0.0,0.0));
#3188=DIRECTION('',(0.0,0.0,1.0));
#3189=DIRECTION('',(1.0,0.0,0.0));
#3190=SHAPE_REPRESENTATION('',(#3186),#3185);
#3191=PRODUCT_DEFINITION_SHAPE('','',#3161);
#3192=SHAPE_DEFINITION_REPRESENTATION(#3191,#3190);
#3198=(NAMED_UNIT(*)PLANE_ANGLE_UNIT()SI_UNIT($,.RADIAN.));
#3199=DIMENSIONAL_EXPONENTS(0.0,0.0,0.0,0.0,0.0,0.0,0.0);
#3200=PLANE_ANGLE_MEASURE_WITH_UNIT(PLANE_ANGLE_MEASURE(0.0174532925),#3198);
#3204=(CONVERSION_BASED_UNIT('DEGREE',#3200)NAMED_UNIT(#3199)PLANE_ANGLE_UNIT());
#3208=(NAMED_UNIT(*)SI_UNIT($,.STERADIAN.)SOLID_ANGLE_UNIT());
#3212=(LENGTH_UNIT()NAMED_UNIT(*)SI_UNIT(.MILLI.,.METRE.));
#3214=UNCERTAINTY_MEASURE_WITH_UNIT(LENGTH_MEASURE(0.000001),#3212,'DISTANCE_ACCURACY_VALUE','');
#3216=(GEOMETRIC_REPRESENTATION_CONTEXT(3)GLOBAL_UNCERTAINTY_ASSIGNED_CONTEXT((#3214))GLOBAL_UNIT_ASSIGNED_CONTEXT((#3204,#3208,#3212))REPRESENTATION_CONTEXT('','3D'));
#3217=CARTESIAN_POINT('',(12.501777378758058,32.49312548592426,-0.2));
#3218=DIRECTION('',(-1.0,-3.552714E-016,0.0));
#3219=DIRECTION('',(0.0,0.694658370458997,-0.719339800338651));
#3220=AXIS2_PLACEMENT_3D('',#3217,#3218,#3219);
#3221=CYLINDRICAL_SURFACE('',#3220,2.5);
#3222=CARTESIAN_POINT('',(21.493878537093565,34.991602553471999,-0.287248741756253));
#3223=VERTEX_POINT('',#3222);
#3224=CARTESIAN_POINT('',(21.493878537093565,32.493125485924267,-2.7));
#3225=VERTEX_POINT('',#3224);
#3226=CARTESIAN_POINT('',(21.493878537093565,32.493125485924267,-0.2));
#3227=DIRECTION('',(-1.0,0.0,0.0));
#3228=DIRECTION('',(0.0,0.999390827019096,-0.034899496702501));
#3229=AXIS2_PLACEMENT_3D('',#3226,#3227,#3228);
#3230=CIRCLE('',#3229,2.499999999999998);
#3231=EDGE_CURVE('',#3223,#3225,#3230,.T.);
#3232=ORIENTED_EDGE('',*,*,#3231,.T.);
#3233=CARTESIAN_POINT('',(-21.490323779577434,32.493125485924246,-2.7));
#3234=VERTEX_POINT('',#3233);
#3235=CARTESIAN_POINT('',(21.493878537093565,32.49312548592426,-2.7));
#3236=DIRECTION('',(-1.0,0.0,0.0));
#3237=VECTOR('',#3236,42.984202316670995);
#3238=LINE('',#3235,#3237);
#3239=EDGE_CURVE('',#3225,#3234,#3238,.T.);
#3240=ORIENTED_EDGE('',*,*,#3239,.T.);
#3241=CARTESIAN_POINT('',(-21.490323779577434,34.991602553471985,-0.287248741756252));
#3242=VERTEX_POINT('',#3241);
#3243=CARTESIAN_POINT('',(-21.490323779577434,32.493125485924246,-0.2));
#3244=DIRECTION('',(1.0,0.0,0.0));
#3245=DIRECTION('',(0.0,0.0,-1.0));
#3246=AXIS2_PLACEMENT_3D('',#3243,#3244,#3245);
#3247=CIRCLE('',#3246,2.5);
#3248=EDGE_CURVE('',#3234,#3242,#3247,.T.);
#3249=ORIENTED_EDGE('',*,*,#3248,.T.);
#3250=CARTESIAN_POINT('',(-21.49032377957743,34.991602553471985,-0.287248741756252));
#3251=DIRECTION('',(1.0,0.0,0.0));
#3252=VECTOR('',#3251,42.984202316670995);
#3253=LINE('',#3250,#3252);
#3254=EDGE_CURVE('',#3242,#3223,#3253,.T.);
#3255=ORIENTED_EDGE('',*,*,#3254,.T.);
#3256=EDGE_LOOP('',(#3232,#3240,#3249,#3255));
#3257=FACE_OUTER_BOUND('',#3256,.T.);
#3258=ADVANCED_FACE('',(#3257),#3221,.T.);
#3259=CARTESIAN_POINT('',(22.493269364112663,31.493734658905161,-2.7));
#3260=CARTESIAN_POINT('',(23.224645431615048,31.493734658905158,-2.7));
#3261=CARTESIAN_POINT('',(24.492007842182439,31.493734658905161,-2.101032492060533));
#3262=CARTESIAN_POINT('',(24.972602939168333,31.493734658905147,-0.835446641478639));
#3263=CARTESIAN_POINT('',(24.991746431660399,31.493734658905147,-0.287248741756252));
#3264=CARTESIAN_POINT('',(22.493269364112663,31.718096646654285,-2.7));
#3265=CARTESIAN_POINT('',(23.220845620704807,31.882758269259707,-2.699854422359572));
#3266=CARTESIAN_POINT('',(24.482109915884305,32.166034449521362,-2.107513536106108));
#3267=CARTESIAN_POINT('',(24.967694611617347,32.27441814347214,-0.852086851206472));
#3268=CARTESIAN_POINT('',(24.991064094572625,32.2783192789393,-0.30678831942618));
#3269=CARTESIAN_POINT('',(22.310743567954091,32.24233121062273,-2.700000000000001));
#3270=CARTESIAN_POINT('',(22.900464158673174,32.783860645395691,-2.699826235922184));
#3271=CARTESIAN_POINT('',(23.922682869838866,33.720906660306589,-2.117227398533992));
#3272=CARTESIAN_POINT('',(24.326476702323646,34.090496683786377,-0.877263401310838));
#3273=CARTESIAN_POINT('',(24.351184592026399,34.112101036837622,-0.33654757176701));
#3274=CARTESIAN_POINT('',(21.793027854092397,32.493125485924267,-2.7));
#3275=CARTESIAN_POINT('',(22.012576684232968,33.219435138879653,-2.69980589647943));
#3276=CARTESIAN_POINT('',(22.390278257915178,34.478666728929859,-2.1096738841213));
#3277=CARTESIAN_POINT('',(22.534789849849552,34.965914624245279,-0.857633587782416));
#3278=CARTESIAN_POINT('',(22.539991363805768,34.990692770688298,-0.313301511982823));
#3279=CARTESIAN_POINT('',(21.493878537093565,32.493125485924267,-2.7));
#3280=CARTESIAN_POINT('',(21.493878537093565,33.224501553426649,-2.7));
#3281=CARTESIAN_POINT('',(21.493878537093572,34.491863963994042,-2.101032492060533));
#3282=CARTESIAN_POINT('',(21.493878537093565,34.972459060979936,-0.83544664147864));
#3283=CARTESIAN_POINT('',(21.493878537093565,34.991602553471999,-0.287248741756252));
#3284=B_SPLINE_SURFACE_WITH_KNOTS('',3,3,((#3259,#3264,#3269,#3274,#3279),(#3260,#3265,#3270,#3275,#3280),(#3261,#3266,#3271,#3276,#3281),(#3262,#3267,#3272,#3277,#3282),(#3263,#3268,#3273,#3278,#3283)),.UNSPECIFIED.,.F.,.F.,.F.,(4,1,4),(4,1,4),(0.0,0.571428571428571,1.0),(-0.784789175811843,-0.112112739401695,0.784789175811835),.UNSPECIFIED.);
#3285=CARTESIAN_POINT('',(24.991746431660399,31.493734658905165,-0.287248741756252));
#3286=VERTEX_POINT('',#3285);
#3287=CARTESIAN_POINT('',(22.493269364112663,31.493734658905161,-2.7));
#3288=VERTEX_POINT('',#3287);
#3289=CARTESIAN_POINT('',(22.493269364112663,31.493734658905165,-0.2));
#3290=DIRECTION('',(0.0,1.0,0.0));
#3291=DIRECTION('',(0.999390827019096,0.0,-0.034899496702501));
#3292=AXIS2_PLACEMENT_3D('',#3289,#3290,#3291);
#3293=CIRCLE('',#3292,2.499999999999998);
#3294=EDGE_CURVE('',#3286,#3288,#3293,.T.);
#3295=ORIENTED_EDGE('',*,*,#3294,.T.);
#3296=CARTESIAN_POINT('',(21.492659819813838,31.492515941625442,-2.7));
#3297=DIRECTION('',(0.0,0.0,1.0));
#3298=DIRECTION('',(0.707106781186547,0.707106781186548,0.0));
#3299=AXIS2_PLACEMENT_3D('',#3296,#3297,#3298);
#3300=ELLIPSE('',#3299,1.001218717505717,1.0);
#3301=EDGE_CURVE('',#3288,#3225,#3300,.T.);
#3302=ORIENTED_EDGE('',*,*,#3301,.T.);
#3303=ORIENTED_EDGE('',*,*,#3231,.F.);
#3304=CARTESIAN_POINT('',(21.492659819813838,31.492515941625442,-0.2));
#3305=DIRECTION('',(-0.024910565148271,-0.024910565148271,-0.999379271091805));
#3306=DIRECTION('',(0.706667859566282,0.706667859566287,-0.035228859079063));
#3307=AXIS2_PLACEMENT_3D('',#3304,#3305,#3306);
#3308=ELLIPSE('',#3307,3.500348399843048,3.499999999999999);
#3309=EDGE_CURVE('',#3223,#3286,#3308,.T.);
#3310=ORIENTED_EDGE('',*,*,#3309,.T.);
#3311=EDGE_LOOP('',(#3295,#3302,#3303,#3310));
#3312=FACE_OUTER_BOUND('',#3311,.T.);
#3313=ADVANCED_FACE('',(#3312),#3284,.F.);
#3314=CARTESIAN_POINT('',(-21.490323779577434,32.493125485924246,-2.7));
#3315=CARTESIAN_POINT('',(-21.490323779577434,33.224501553426634,-2.7));
#3316=CARTESIAN_POINT('',(-21.49032377957742,34.491863991136199,-2.101032533242858));
#3317=CARTESIAN_POINT('',(-21.49032377957743,34.972459060979915,-0.83544664147864));
#3318=CARTESIAN_POINT('',(-21.49032377957743,34.991602553471985,-0.287248741756253));
#3319=CARTESIAN_POINT('',(-21.714685767326557,32.493125485924246,-2.7));
#3320=CARTESIAN_POINT('',(-21.879347389931986,33.22070174251639,-2.699854422359572));
#3321=CARTESIAN_POINT('',(-22.16262357019362,34.481966064838062,-2.107513577288433));
#3322=CARTESIAN_POINT('',(-22.271007264144416,34.967550733428922,-0.852086851206473));
#3323=CARTESIAN_POINT('',(-22.274908399611579,34.990920216384211,-0.306788319426181));
#3324=CARTESIAN_POINT('',(-22.238920343638434,32.3105997045704,-2.700000000000001));
#3325=CARTESIAN_POINT('',(-22.780449766901008,32.900320293376019,-2.69982624360607));
#3326=CARTESIAN_POINT('',(-23.717495835462898,33.922539055052205,-2.117227438317274));
#3327=CARTESIAN_POINT('',(-24.087085834374648,34.326332866732066,-0.877263401084293));
#3328=CARTESIAN_POINT('',(-24.108690200629365,34.351040765571931,-0.33654757413133));
#3329=CARTESIAN_POINT('',(-22.489714606596532,31.79288397590398,-2.7));
#3330=CARTESIAN_POINT('',(-23.216024259551922,32.012432806044551,-2.69980589647943));
#3331=CARTESIAN_POINT('',(-24.475255876744303,32.390134379726753,-2.109673925303625));
#3332=CARTESIAN_POINT('',(-24.962503744917544,32.534645971661142,-0.857633587782417));
#3333=CARTESIAN_POINT('',(-24.987281891360563,32.539847485617358,-0.313301511982823));
#3334=CARTESIAN_POINT('',(-22.489714606596532,31.493734658905154,-2.7));
#3335=CARTESIAN_POINT('',(-23.221090674098917,31.493734658905154,-2.7));
#3336=CARTESIAN_POINT('',(-24.488453111808486,31.493734658905147,-2.101032533242858));
#3337=CARTESIAN_POINT('',(-24.969048181652202,31.493734658905158,-0.83544664147864));
#3338=CARTESIAN_POINT('',(-24.988191674144268,31.493734658905158,-0.287248741756253));
#3339=B_SPLINE_SURFACE_WITH_KNOTS('',3,3,((#3314,#3319,#3324,#3329,#3334),(#3315,#3320,#3325,#3330,#3335),(#3316,#3321,#3326,#3331,#3336),(#3317,#3322,#3327,#3332,#3337),(#3318,#3323,#3328,#3333,#3338)),.UNSPECIFIED.,.F.,.F.,.F.,(4,1,4),(4,1,4),(0.0,0.571428571428571,1.0),(-0.78478917581184,-0.112112739401694,0.784789175811833),.UNSPECIFIED.);
#3340=CARTESIAN_POINT('',(-22.489714606596532,31.493734658905154,-2.7));
#3341=VERTEX_POINT('',#3340);
#3342=CARTESIAN_POINT('',(-24.988191674144275,31.493734658905147,-0.287248741756253));
#3343=VERTEX_POINT('',#3342);
#3344=CARTESIAN_POINT('',(-22.489714606596532,31.493734658905154,-0.2));
#3345=DIRECTION('',(0.0,1.0,0.0));
#3346=DIRECTION('',(0.0,0.0,-1.0));
#3347=AXIS2_PLACEMENT_3D('',#3344,#3345,#3346);
#3348=CIRCLE('',#3347,2.5);
#3349=EDGE_CURVE('',#3341,#3343,#3348,.T.);
#3350=ORIENTED_EDGE('',*,*,#3349,.T.);
#3351=CARTESIAN_POINT('',(-21.48910506229771,31.492515941625424,-0.2));
#3352=DIRECTION('',(0.024910565148271,-0.024910565148271,-0.999379271091805));
#3353=DIRECTION('',(-0.706667859566287,0.706667859566282,-0.035228859079063));
#3354=AXIS2_PLACEMENT_3D('',#3351,#3352,#3353);
#3355=ELLIPSE('',#3354,3.500348399843048,3.499999999999999);
#3356=EDGE_CURVE('',#3343,#3242,#3355,.T.);
#3357=ORIENTED_EDGE('',*,*,#3356,.T.);
#3358=ORIENTED_EDGE('',*,*,#3248,.F.);
#3359=CARTESIAN_POINT('',(-21.48910506229771,31.492515941625424,-2.7));
#3360=DIRECTION('',(0.0,0.0,1.0));
#3361=DIRECTION('',(-0.707106781186548,0.707106781186547,0.0));
#3362=AXIS2_PLACEMENT_3D('',#3359,#3360,#3361);
#3363=ELLIPSE('',#3362,1.001218717505717,1.0);
#3364=EDGE_CURVE('',#3234,#3341,#3363,.T.);
#3365=ORIENTED_EDGE('',*,*,#3364,.T.);
#3366=EDGE_LOOP('',(#3350,#3357,#3358,#3365));
#3367=FACE_OUTER_BOUND('',#3366,.T.);
#3368=ADVANCED_FACE('',(#3367),#3339,.F.);
#3369=CARTESIAN_POINT('',(22.493269364112681,-17.498366499430325,-0.2));
#3370=DIRECTION('',(-3.172066E-016,1.0,0.0));
#3371=DIRECTION('',(0.694658370458997,0.0,-0.719339800338651));
#3372=AXIS2_PLACEMENT_3D('',#3369,#3370,#3371);
#3373=CYLINDRICAL_SURFACE('',#3372,2.5);
#3374=CARTESIAN_POINT('',(24.991746431660417,-31.490467657765819,-0.287248741756252));
#3375=VERTEX_POINT('',#3374);
#3376=CARTESIAN_POINT('',(22.493269364112685,-31.490467657765819,-2.7));
#3377=VERTEX_POINT('',#3376);
#3378=CARTESIAN_POINT('',(22.493269364112685,-31.490467657765819,-0.2));
#3379=DIRECTION('',(0.0,1.0,0.0));
#3380=DIRECTION('',(0.999390827019096,0.0,-0.034899496702501));
#3381=AXIS2_PLACEMENT_3D('',#3378,#3379,#3380);
#3382=CIRCLE('',#3381,2.499999999999993);
#3383=EDGE_CURVE('',#3375,#3377,#3382,.T.);
#3384=ORIENTED_EDGE('',*,*,#3383,.T.);
#3385=CARTESIAN_POINT('',(22.493269364112685,-31.490467657765819,-2.7));
#3386=DIRECTION('',(0.0,1.0,0.0));
#3387=VECTOR('',#3386,62.984202316670981);
#3388=LINE('',#3385,#3387);
#3389=EDGE_CURVE('',#3377,#3288,#3388,.T.);
#3390=ORIENTED_EDGE('',*,*,#3389,.T.);
#3391=ORIENTED_EDGE('',*,*,#3294,.F.);
#3392=CARTESIAN_POINT('',(24.991746431660399,31.493734658905161,-0.287248741756252));
#3393=DIRECTION('',(0.0,-1.0,0.0));
#3394=VECTOR('',#3393,62.984202316670981);
#3395=LINE('',#3392,#3394);
#3396=EDGE_CURVE('',#3286,#3375,#3395,.T.);
#3397=ORIENTED_EDGE('',*,*,#3396,.T.);
#3398=EDGE_LOOP('',(#3384,#3390,#3391,#3397));
#3399=FACE_OUTER_BOUND('',#3398,.T.);
#3400=ADVANCED_FACE('',(#3399),#3373,.T.);
#3401=CARTESIAN_POINT('',(-22.489714606596536,17.50163350056965,-0.2));
#3402=DIRECTION('',(2.537653E-016,-1.0,0.0));
#3403=DIRECTION('',(-0.694658370458996,0.0,-0.719339800338653));
#3404=AXIS2_PLACEMENT_3D('',#3401,#3402,#3403);
#3405=CYLINDRICAL_SURFACE('',#3404,2.5);
#3406=CARTESIAN_POINT('',(-22.489714606596522,-31.490467657765855,-2.7));
#3407=VERTEX_POINT('',#3406);
#3408=CARTESIAN_POINT('',(-24.988191674144261,-31.490467657765855,-0.287248741756252));
#3409=VERTEX_POINT('',#3408);
#3410=CARTESIAN_POINT('',(-22.489714606596522,-31.490467657765855,-0.2));
#3411=DIRECTION('',(0.0,1.0,0.0));
#3412=DIRECTION('',(0.0,0.0,-1.0));
#3413=AXIS2_PLACEMENT_3D('',#3410,#3411,#3412);
#3414=CIRCLE('',#3413,2.5);
#3415=EDGE_CURVE('',#3407,#3409,#3414,.T.);
#3416=ORIENTED_EDGE('',*,*,#3415,.T.);
#3417=CARTESIAN_POINT('',(-24.988191674144257,-31.490467657765858,-0.287248741756252));
#3418=DIRECTION('',(0.0,1.0,0.0));
#3419=VECTOR('',#3418,62.984202316671002);
#3420=LINE('',#3417,#3419);
#3421=EDGE_CURVE('',#3409,#3343,#3420,.T.);
#3422=ORIENTED_EDGE('',*,*,#3421,.T.);
#3423=ORIENTED_EDGE('',*,*,#3349,.F.);
#3424=CARTESIAN_POINT('',(-22.489714606596539,31.493734658905151,-2.7));
#3425=DIRECTION('',(0.0,-1.0,0.0));
#3426=VECTOR('',#3425,62.984202316671009);
#3427=LINE('',#3424,#3426);
#3428=EDGE_CURVE('',#3341,#3407,#3427,.T.);
#3429=ORIENTED_EDGE('',*,*,#3428,.T.);
#3430=EDGE_LOOP('',(#3416,#3422,#3423,#3429));
#3431=FACE_OUTER_BOUND('',#3430,.T.);
#3432=ADVANCED_FACE('',(#3431),#3405,.T.);
#3433=CARTESIAN_POINT('',(21.493878537093579,-32.489858484784918,-2.7));
#3434=CARTESIAN_POINT('',(21.493878537093579,-33.221234552287299,-2.7));
#3435=CARTESIAN_POINT('',(21.493878537093568,-34.488596987799632,-2.101032529909015));
#3436=CARTESIAN_POINT('',(21.493878537093572,-34.969192059840587,-0.83544664147864));
#3437=CARTESIAN_POINT('',(21.493878537093572,-34.988335552332657,-0.287248741756252));
#3438=CARTESIAN_POINT('',(21.718240524842702,-32.489858484784918,-2.7));
#3439=CARTESIAN_POINT('',(21.882902147448128,-33.217434741377055,-2.699854422359572));
#3440=CARTESIAN_POINT('',(22.166178327709773,-34.478699061501501,-2.10751357395459));
#3441=CARTESIAN_POINT('',(22.274562021660561,-34.964283732289594,-0.852086851206472));
#3442=CARTESIAN_POINT('',(22.278463157127725,-34.987653215244876,-0.30678831942618));
#3443=CARTESIAN_POINT('',(22.242475100155342,-32.307332702232578,-2.700000000000001));
#3444=CARTESIAN_POINT('',(22.784004524349719,-32.897053291193089,-2.699826242984039));
#3445=CARTESIAN_POINT('',(23.721050588568403,-33.919272048780307,-2.11722743509669));
#3446=CARTESIAN_POINT('',(24.090640589469015,-34.323065862144404,-0.877263401102632));
#3447=CARTESIAN_POINT('',(24.112244954654869,-34.347773760244579,-0.336547573939932));
#3448=CARTESIAN_POINT('',(22.493269364112678,-31.789616974764652,-2.7));
#3449=CARTESIAN_POINT('',(23.219579017068067,-32.009165804905216,-2.69980589647943));
#3450=CARTESIAN_POINT('',(24.478810632063205,-32.386867378587432,-2.109673921969782));
#3451=CARTESIAN_POINT('',(24.966058502433693,-32.5313789705218,-0.857633587782416));
#3452=CARTESIAN_POINT('',(24.990836648876709,-32.536580484478023,-0.313301511982822));
#3453=CARTESIAN_POINT('',(22.493269364112678,-31.490467657765819,-2.7));
#3454=CARTESIAN_POINT('',(23.224645431615059,-31.490467657765819,-2.7));
#3455=CARTESIAN_POINT('',(24.492007867127388,-31.490467657765823,-2.101032529909015));
#3456=CARTESIAN_POINT('',(24.972602939168347,-31.490467657765819,-0.83544664147864));
#3457=CARTESIAN_POINT('',(24.991746431660413,-31.490467657765819,-0.287248741756252));
#3458=B_SPLINE_SURFACE_WITH_KNOTS('',3,3,((#3433,#3438,#3443,#3448,#3453),(#3434,#3439,#3444,#3449,#3454),(#3435,#3440,#3445,#3450,#3455),(#3436,#3441,#3446,#3451,#3456),(#3437,#3442,#3447,#3452,#3457)),.UNSPECIFIED.,.F.,.F.,.F.,(4,1,4),(4,1,4),(0.0,0.571428571428571,1.0),(-0.784789175811838,-0.112112739401691,0.784789175811837),.UNSPECIFIED.);
#3459=CARTESIAN_POINT('',(21.493878537093579,-34.988335552332657,-0.287248741756253));
#3460=VERTEX_POINT('',#3459);
#3461=CARTESIAN_POINT('',(21.493878537093579,-32.489858484784918,-2.7));
#3462=VERTEX_POINT('',#3461);
#3463=CARTESIAN_POINT('',(21.493878537093579,-32.489858484784918,-0.2));
#3464=DIRECTION('',(1.0,0.0,0.0));
#3465=DIRECTION('',(0.0,-0.999390827019096,-0.034899496702501));
#3466=AXIS2_PLACEMENT_3D('',#3463,#3464,#3465);
#3467=CIRCLE('',#3466,2.499999999999998);
#3468=EDGE_CURVE('',#3460,#3462,#3467,.T.);
#3469=ORIENTED_EDGE('',*,*,#3468,.T.);
#3470=CARTESIAN_POINT('',(21.492659819813852,-31.489248940486092,-2.7));
#3471=DIRECTION('',(0.0,0.0,1.0));
#3472=DIRECTION('',(0.707106781186547,-0.707106781186547,0.0));
#3473=AXIS2_PLACEMENT_3D('',#3470,#3471,#3472);
#3474=ELLIPSE('',#3473,1.001218717505717,1.0);
#3475=EDGE_CURVE('',#3462,#3377,#3474,.T.);
#3476=ORIENTED_EDGE('',*,*,#3475,.T.);
#3477=ORIENTED_EDGE('',*,*,#3383,.F.);
#3478=CARTESIAN_POINT('',(21.492659819813852,-31.489248940486092,-0.2));
#3479=DIRECTION('',(-0.024910565148271,0.024910565148271,-0.999379271091805));
#3480=DIRECTION('',(0.706667859566284,-0.706667859566284,-0.035228859079063));
#3481=AXIS2_PLACEMENT_3D('',#3478,#3479,#3480);
#3482=ELLIPSE('',#3481,3.500348399843048,3.499999999999999);
#3483=EDGE_CURVE('',#3375,#3460,#3482,.T.);
#3484=ORIENTED_EDGE('',*,*,#3483,.T.);
#3485=EDGE_LOOP('',(#3469,#3476,#3477,#3484));
#3486=FACE_OUTER_BOUND('',#3485,.T.);
#3487=ADVANCED_FACE('',(#3486),#3458,.F.);
#3488=CARTESIAN_POINT('',(-22.489714606596522,-31.490467657765855,-2.7));
#3489=CARTESIAN_POINT('',(-23.221090674098907,-31.490467657765855,-2.7));
#3490=CARTESIAN_POINT('',(-24.488453136755872,-31.490467657765869,-2.101032571095019));
#3491=CARTESIAN_POINT('',(-24.969048181652195,-31.490467657765851,-0.83544664147864));
#3492=CARTESIAN_POINT('',(-24.988191674144261,-31.490467657765851,-0.287248741756253));
#3493=CARTESIAN_POINT('',(-22.489714606596522,-31.714829645514978,-2.7));
#3494=CARTESIAN_POINT('',(-23.217290863188662,-31.879491268120404,-2.699854422359572));
#3495=CARTESIAN_POINT('',(-24.478555210457735,-32.16276744838207,-2.107513615140595));
#3496=CARTESIAN_POINT('',(-24.964139854101202,-32.27115114233284,-0.852086851206473));
#3497=CARTESIAN_POINT('',(-24.98750933705648,-32.2750522778,-0.306788319426181));
#3498=CARTESIAN_POINT('',(-22.307188838850031,-32.239064233171995,-2.700000000000001));
#3499=CARTESIAN_POINT('',(-22.896909425896929,-32.780593645855106,-2.699826250668507));
#3500=CARTESIAN_POINT('',(-23.919128233998954,-33.717639763729395,-2.117227474883463));
#3501=CARTESIAN_POINT('',(-24.322922026556064,-34.087229740059556,-0.877263400876069));
#3502=CARTESIAN_POINT('',(-24.34762993379405,-34.108834118449877,-0.336547576304431));
#3503=CARTESIAN_POINT('',(-21.789473096576252,-32.489858484784953,-2.7));
#3504=CARTESIAN_POINT('',(-22.009021926716827,-33.216168137740347,-2.69980589647943));
#3505=CARTESIAN_POINT('',(-22.386723500399036,-34.475399779880128,-2.109673963155787));
#3506=CARTESIAN_POINT('',(-22.531235092333407,-34.962647623105966,-0.857633587782417));
#3507=CARTESIAN_POINT('',(-22.536436606289627,-34.987425769548985,-0.313301511982823));
#3508=CARTESIAN_POINT('',(-21.490323779577423,-32.489858484784953,-2.7));
#3509=CARTESIAN_POINT('',(-21.490323779577423,-33.221234552287335,-2.7));
#3510=CARTESIAN_POINT('',(-21.490323779577434,-34.488597014944311,-2.101032571095019));
#3511=CARTESIAN_POINT('',(-21.490323779577423,-34.969192059840623,-0.83544664147864));
#3512=CARTESIAN_POINT('',(-21.490323779577423,-34.988335552332693,-0.287248741756253));
#3513=B_SPLINE_SURFACE_WITH_KNOTS('',3,3,((#3488,#3493,#3498,#3503,#3508),(#3489,#3494,#3499,#3504,#3509),(#3490,#3495,#3500,#3505,#3510),(#3491,#3496,#3501,#3506,#3511),(#3492,#3497,#3502,#3507,#3512)),.UNSPECIFIED.,.F.,.F.,.F.,(4,1,4),(4,1,4),(0.0,0.571428571428571,1.0),(-0.784789175811837,-0.112112739401691,0.784789175811836),.UNSPECIFIED.);
#3514=CARTESIAN_POINT('',(-21.49032377957743,-32.489858484784953,-2.7));
#3515=VERTEX_POINT('',#3514);
#3516=CARTESIAN_POINT('',(-21.490323779577423,-34.988335552332686,-0.287248741756252));
#3517=VERTEX_POINT('',#3516);
#3518=CARTESIAN_POINT('',(-21.490323779577423,-32.489858484784953,-0.2));
#3519=DIRECTION('',(-1.0,0.0,0.0));
#3520=DIRECTION('',(0.0,0.0,-1.0));
#3521=AXIS2_PLACEMENT_3D('',#3518,#3519,#3520);
#3522=CIRCLE('',#3521,2.5);
#3523=EDGE_CURVE('',#3515,#3517,#3522,.T.);
#3524=ORIENTED_EDGE('',*,*,#3523,.T.);
#3525=CARTESIAN_POINT('',(-21.4891050622977,-31.489248940486128,-0.2));
#3526=DIRECTION('',(0.024910565148271,0.024910565148271,-0.999379271091805));
#3527=DIRECTION('',(-0.706667859566284,-0.706667859566284,-0.035228859079063));
#3528=AXIS2_PLACEMENT_3D('',#3525,#3526,#3527);
#3529=ELLIPSE('',#3528,3.500348399843048,3.499999999999999);
#3530=EDGE_CURVE('',#3517,#3409,#3529,.T.);
#3531=ORIENTED_EDGE('',*,*,#3530,.T.);
#3532=ORIENTED_EDGE('',*,*,#3415,.F.);
#3533=CARTESIAN_POINT('',(-21.4891050622977,-31.489248940486128,-2.7));
#3534=DIRECTION('',(0.0,0.0,1.0));
#3535=DIRECTION('',(-0.707106781186547,-0.707106781186547,0.0));
#3536=AXIS2_PLACEMENT_3D('',#3533,#3534,#3535);
#3537=ELLIPSE('',#3536,1.001218717505717,1.0);
#3538=EDGE_CURVE('',#3407,#3515,#3537,.T.);
#3539=ORIENTED_EDGE('',*,*,#3538,.T.);
#3540=EDGE_LOOP('',(#3524,#3531,#3532,#3539));
#3541=FACE_OUTER_BOUND('',#3540,.T.);
#3542=ADVANCED_FACE('',(#3541),#3513,.F.);
#3543=CARTESIAN_POINT('',(-12.498222621241915,-32.489858484784946,-0.2));
#3544=DIRECTION('',(1.0,6.217249E-016,0.0));
#3545=DIRECTION('',(1.234713E-015,-0.694658370458997,-0.719339800338651));
#3546=AXIS2_PLACEMENT_3D('',#3543,#3544,#3545);
#3547=CYLINDRICAL_SURFACE('',#3546,2.5);
#3548=ORIENTED_EDGE('',*,*,#3468,.F.);
#3549=CARTESIAN_POINT('',(21.493878537093575,-34.988335552332657,-0.287248741756252));
#3550=DIRECTION('',(-1.0,0.0,0.0));
#3551=VECTOR('',#3550,42.984202316671002);
#3552=LINE('',#3549,#3551);
#3553=EDGE_CURVE('',#3460,#3517,#3552,.T.);
#3554=ORIENTED_EDGE('',*,*,#3553,.T.);
#3555=ORIENTED_EDGE('',*,*,#3523,.F.);
#3556=CARTESIAN_POINT('',(-21.49032377957743,-32.489858484784953,-2.7));
#3557=DIRECTION('',(1.0,0.0,0.0));
#3558=VECTOR('',#3557,42.984202316671002);
#3559=LINE('',#3556,#3558);
#3560=EDGE_CURVE('',#3515,#3462,#3559,.T.);
#3561=ORIENTED_EDGE('',*,*,#3560,.T.);
#3562=EDGE_LOOP('',(#3548,#3554,#3555,#3561));
#3563=FACE_OUTER_BOUND('',#3562,.T.);
#3564=ADVANCED_FACE('',(#3563),#3547,.T.);
#3565=CARTESIAN_POINT('',(21.477752286443046,-31.474341407115286,-0.626895901429956));
#3566=DIRECTION('',(-0.034878262742375,0.034878262742375,-0.998782765958718));
#3567=DIRECTION('',(0.706246066741666,-0.706246066741666,-0.049325312202278));
#3568=AXIS2_PLACEMENT_3D('',#3565,#3566,#3567);
#3569=CYLINDRICAL_SURFACE('',#3568,3.5);
#3570=ORIENTED_EDGE('',*,*,#3483,.F.);
#3571=CARTESIAN_POINT('',(25.001777378758085,-31.500498604863484,0.0));
#3572=VERTEX_POINT('',#3571);
#3573=CARTESIAN_POINT('',(24.99174643166042,-31.490467657765819,-0.287248741756252));
#3574=DIRECTION('',(0.034878262742375,-0.034878262742375,0.998782765958718));
#3575=VECTOR('',#3574,0.287598816826325);
#3576=LINE('',#3573,#3575);
#3577=EDGE_CURVE('',#3375,#3572,#3576,.T.);
#3578=ORIENTED_EDGE('',*,*,#3577,.T.);
#3579=CARTESIAN_POINT('',(21.503909484191244,-34.998366499430318,0.0));
#3580=VERTEX_POINT('',#3579);
#3581=CARTESIAN_POINT('',(21.499643973712203,-31.496233094384444,0.0));
#3582=DIRECTION('',(0.0,0.0,-1.0));
#3583=DIRECTION('',(0.707106781186547,-0.707106781186547,0.0));
#3584=AXIS2_PLACEMENT_3D('',#3581,#3582,#3583);
#3585=ELLIPSE('',#3584,3.504265511270007,3.5);
#3586=EDGE_CURVE('',#3572,#3580,#3585,.T.);
#3587=ORIENTED_EDGE('',*,*,#3586,.T.);
#3588=CARTESIAN_POINT('',(21.503909484191244,-34.998366499430318,-1.110223E-016));
#3589=DIRECTION('',(-0.034878262742375,0.034878262742362,-0.998782765958719));
#3590=VECTOR('',#3589,0.287598816826326);
#3591=LINE('',#3588,#3590);
#3592=EDGE_CURVE('',#3580,#3460,#3591,.T.);
#3593=ORIENTED_EDGE('',*,*,#3592,.T.);
#3594=EDGE_LOOP('',(#3570,#3578,#3587,#3593));
#3595=FACE_OUTER_BOUND('',#3594,.T.);
#3596=ADVANCED_FACE('',(#3595),#3569,.T.);
#3597=CARTESIAN_POINT('',(25.001777378758085,-34.998366499430318,0.0));
#3598=DIRECTION('',(0.999390827019096,3.170133E-016,-0.034899496702501));
#3599=DIRECTION('',(0.0,-1.0,0.0));
#3600=AXIS2_PLACEMENT_3D('',#3597,#3598,#3599);
#3601=PLANE('',#3600);
#3602=ORIENTED_EDGE('',*,*,#3396,.F.);
#3603=CARTESIAN_POINT('',(25.00177737875806,31.50376560600283,0.0));
#3604=VERTEX_POINT('',#3603);
#3605=CARTESIAN_POINT('',(25.001777378758064,31.50376560600283,0.0));
#3606=DIRECTION('',(-0.034878262742375,-0.034878262742375,-0.998782765958718));
#3607=VECTOR('',#3606,0.287598816826325);
#3608=LINE('',#3605,#3607);
#3609=EDGE_CURVE('',#3604,#3286,#3608,.T.);
#3610=ORIENTED_EDGE('',*,*,#3609,.F.);
#3611=CARTESIAN_POINT('',(25.00177737875806,31.503765606002833,0.0));
#3612=DIRECTION('',(0.0,-1.0,0.0));
#3613=VECTOR('',#3612,63.00426421086631);
#3614=LINE('',#3611,#3613);
#3615=EDGE_CURVE('',#3604,#3572,#3614,.T.);
#3616=ORIENTED_EDGE('',*,*,#3615,.T.);
#3617=ORIENTED_EDGE('',*,*,#3577,.F.);
#3618=EDGE_LOOP('',(#3602,#3610,#3616,#3617));
#3619=FACE_OUTER_BOUND('',#3618,.T.);
#3620=ADVANCED_FACE('',(#3619),#3601,.T.);
#3621=CARTESIAN_POINT('',(21.46558735432377,31.46544347613537,-0.975253978766593));
#3622=DIRECTION('',(-0.034878262742375,-0.034878262742375,-0.998782765958718));
#3623=DIRECTION('',(0.706246066741665,0.706246066741667,-0.049325312202278));
#3624=AXIS2_PLACEMENT_3D('',#3621,#3622,#3623);
#3625=CYLINDRICAL_SURFACE('',#3624,3.5);
#3626=ORIENTED_EDGE('',*,*,#3309,.F.);
#3627=CARTESIAN_POINT('',(21.503909484191229,35.001633500569667,0.0));
#3628=VERTEX_POINT('',#3627);
#3629=CARTESIAN_POINT('',(21.493878537093565,34.991602553471999,-0.287248741756253));
#3630=DIRECTION('',(0.034878262742375,0.034878262742387,0.998782765958718));
#3631=VECTOR('',#3630,0.287598816826326);
#3632=LINE('',#3629,#3631);
#3633=EDGE_CURVE('',#3223,#3628,#3632,.T.);
#3634=ORIENTED_EDGE('',*,*,#3633,.T.);
#3635=CARTESIAN_POINT('',(21.499643973712189,31.499500095523789,0.0));
#3636=DIRECTION('',(0.0,0.0,-1.0));
#3637=DIRECTION('',(0.707106781186547,0.707106781186548,0.0));
#3638=AXIS2_PLACEMENT_3D('',#3635,#3636,#3637);
#3639=ELLIPSE('',#3638,3.504265511270007,3.5);
#3640=EDGE_CURVE('',#3628,#3604,#3639,.T.);
#3641=ORIENTED_EDGE('',*,*,#3640,.T.);
#3642=ORIENTED_EDGE('',*,*,#3609,.T.);
#3643=EDGE_LOOP('',(#3626,#3634,#3641,#3642));
#3644=FACE_OUTER_BOUND('',#3643,.T.);
#3645=ADVANCED_FACE('',(#3644),#3625,.T.);
#3646=CARTESIAN_POINT('',(25.00177737875806,35.001633500569667,0.0));
#3647=DIRECTION('',(-3.550549E-016,0.999390827019096,-0.034899496702501));
#3648=DIRECTION('',(1.0,0.0,0.0));
#3649=AXIS2_PLACEMENT_3D('',#3646,#3647,#3648);
#3650=PLANE('',#3649);
#3651=ORIENTED_EDGE('',*,*,#3254,.F.);
#3652=CARTESIAN_POINT('',(-21.500354726675099,35.001633500569646,0.0));
#3653=VERTEX_POINT('',#3652);
#3654=CARTESIAN_POINT('',(-21.500354726675099,35.001633500569646,-2.220446E-016));
#3655=DIRECTION('',(0.034878262742375,-0.034878262742363,-0.998782765958719));
#3656=VECTOR('',#3655,0.287598816826326);
#3657=LINE('',#3654,#3656);
#3658=EDGE_CURVE('',#3653,#3242,#3657,.T.);
#3659=ORIENTED_EDGE('',*,*,#3658,.F.);
#3660=CARTESIAN_POINT('',(-21.500354726675099,35.001633500569646,0.0));
#3661=DIRECTION('',(1.0,0.0,0.0));
#3662=VECTOR('',#3661,43.004264210866324);
#3663=LINE('',#3660,#3662);
#3664=EDGE_CURVE('',#3653,#3628,#3663,.T.);
#3665=ORIENTED_EDGE('',*,*,#3664,.T.);
#3666=ORIENTED_EDGE('',*,*,#3633,.F.);
#3667=EDGE_LOOP('',(#3651,#3659,#3665,#3666));
#3668=FACE_OUTER_BOUND('',#3667,.T.);
#3669=ADVANCED_FACE('',(#3668),#3650,.T.);
#3670=CARTESIAN_POINT('',(0.001777378758069,0.00163350056966,-2.7));
#3671=DIRECTION('',(0.0,0.0,1.0));
#3672=DIRECTION('',(1.0,0.0,0.0));
#3673=AXIS2_PLACEMENT_3D('',#3670,#3671,#3672);
#3674=PLANE('',#3673);
#3675=ORIENTED_EDGE('',*,*,#3239,.F.);
#3676=ORIENTED_EDGE('',*,*,#3301,.F.);
#3677=ORIENTED_EDGE('',*,*,#3389,.F.);
#3678=ORIENTED_EDGE('',*,*,#3475,.F.);
#3679=ORIENTED_EDGE('',*,*,#3560,.F.);
#3680=ORIENTED_EDGE('',*,*,#3538,.F.);
#3681=ORIENTED_EDGE('',*,*,#3428,.F.);
#3682=ORIENTED_EDGE('',*,*,#3364,.F.);
#3683=EDGE_LOOP('',(#3675,#3676,#3677,#3678,#3679,#3680,#3681,#3682));
#3684=FACE_OUTER_BOUND('',#3683,.T.);
#3685=CARTESIAN_POINT('',(-21.948222621241932,-29.24836649943034,-2.7));
#3686=VERTEX_POINT('',#3685);
#3687=CARTESIAN_POINT('',(-19.248222621241933,-29.24836649943034,-2.7));
#3688=DIRECTION('',(0.0,0.0,1.0));
#3689=DIRECTION('',(1.0,0.0,0.0));
#3690=AXIS2_PLACEMENT_3D('',#3687,#3688,#3689);
#3691=CIRCLE('',#3690,2.7);
#3692=EDGE_CURVE('',#3686,#3686,#3691,.T.);
#3693=ORIENTED_EDGE('',*,*,#3692,.T.);
#3694=EDGE_LOOP('',(#3693));
#3695=FACE_BOUND('',#3694,.T.);
#3696=CARTESIAN_POINT('',(-21.948222621241932,29.251633500569664,-2.7));
#3697=VERTEX_POINT('',#3696);
#3698=CARTESIAN_POINT('',(-19.248222621241933,29.251633500569664,-2.7));
#3699=DIRECTION('',(0.0,0.0,1.0));
#3700=DIRECTION('',(1.0,0.0,0.0));
#3701=AXIS2_PLACEMENT_3D('',#3698,#3699,#3700);
#3702=CIRCLE('',#3701,2.7);
#3703=EDGE_CURVE('',#3697,#3697,#3702,.T.);
#3704=ORIENTED_EDGE('',*,*,#3703,.T.);
#3705=EDGE_LOOP('',(#3704));
#3706=FACE_BOUND('',#3705,.T.);
#3707=CARTESIAN_POINT('',(16.551777378758068,29.251633500569664,-2.7));
#3708=VERTEX_POINT('',#3707);
#3709=CARTESIAN_POINT('',(19.251777378758067,29.251633500569664,-2.7));
#3710=DIRECTION('',(0.0,0.0,1.0));
#3711=DIRECTION('',(1.0,0.0,0.0));
#3712=AXIS2_PLACEMENT_3D('',#3709,#3710,#3711);
#3713=CIRCLE('',#3712,2.7);
#3714=EDGE_CURVE('',#3708,#3708,#3713,.T.);
#3715=ORIENTED_EDGE('',*,*,#3714,.T.);
#3716=EDGE_LOOP('',(#3715));
#3717=FACE_BOUND('',#3716,.T.);
#3718=CARTESIAN_POINT('',(16.551777378758068,-29.24836649943034,-2.7));
#3719=VERTEX_POINT('',#3718);
#3720=CARTESIAN_POINT('',(19.251777378758067,-29.24836649943034,-2.7));
#3721=DIRECTION('',(0.0,0.0,1.0));
#3722=DIRECTION('',(1.0,0.0,0.0));
#3723=AXIS2_PLACEMENT_3D('',#3720,#3721,#3722);
#3724=CIRCLE('',#3723,2.7);
#3725=EDGE_CURVE('',#3719,#3719,#3724,.T.);
#3726=ORIENTED_EDGE('',*,*,#3725,.T.);
#3727=EDGE_LOOP('',(#3726));
#3728=FACE_BOUND('',#3727,.T.);
#3729=ADVANCED_FACE('',(#3684,#3695,#3706,#3717,#3728),#3674,.F.);
#3730=CARTESIAN_POINT('',(11.001777378758067,31.614148713550652,-0.4));
#3731=DIRECTION('',(-1.0,2.744395E-035,0.0));
#3732=DIRECTION('',(0.0,0.694658370458985,-0.719339800338663));
#3733=AXIS2_PLACEMENT_3D('',#3730,#3731,#3732);
#3734=CYLINDRICAL_SURFACE('',#3733,0.3);
#3735=CARTESIAN_POINT('',(21.414414426335242,31.614148713550652,-0.7));
#3736=VERTEX_POINT('',#3735);
#3737=CARTESIAN_POINT('',(21.414414426335242,31.91396596165638,-0.410469849010751));
#3738=VERTEX_POINT('',#3737);
#3739=CARTESIAN_POINT('',(21.414414426335242,31.614148713550652,-0.4));
#3740=DIRECTION('',(1.0,0.0,0.0));
#3741=DIRECTION('',(0.0,0.0,-1.0));
#3742=AXIS2_PLACEMENT_3D('',#3739,#3740,#3741);
#3743=CIRCLE('',#3742,0.3);
#3744=EDGE_CURVE('',#3736,#3738,#3743,.T.);
#3745=ORIENTED_EDGE('',*,*,#3744,.T.);
#3746=CARTESIAN_POINT('',(-21.4108596688191,31.913965961656373,-0.41046984901075));
#3747=VERTEX_POINT('',#3746);
#3748=CARTESIAN_POINT('',(21.414414426335242,31.913965961656373,-0.41046984901075));
#3749=DIRECTION('',(-1.0,0.0,0.0));
#3750=VECTOR('',#3749,42.825274095154342);
#3751=LINE('',#3748,#3750);
#3752=EDGE_CURVE('',#3738,#3747,#3751,.T.);
#3753=ORIENTED_EDGE('',*,*,#3752,.T.);
#3754=CARTESIAN_POINT('',(-21.4108596688191,31.614148713550652,-0.7));
#3755=VERTEX_POINT('',#3754);
#3756=CARTESIAN_POINT('',(-21.4108596688191,31.614148713550652,-0.4));
#3757=DIRECTION('',(-1.0,0.0,0.0));
#3758=DIRECTION('',(0.0,0.999390827019096,-0.0348994967025));
#3759=AXIS2_PLACEMENT_3D('',#3756,#3757,#3758);
#3760=CIRCLE('',#3759,0.299999999999994);
#3761=EDGE_CURVE('',#3747,#3755,#3760,.T.);
#3762=ORIENTED_EDGE('',*,*,#3761,.T.);
#3763=CARTESIAN_POINT('',(-21.410859668819096,31.614148713550652,-0.7));
#3764=DIRECTION('',(1.0,0.0,0.0));
#3765=VECTOR('',#3764,42.825274095154342);
#3766=LINE('',#3763,#3765);
#3767=EDGE_CURVE('',#3755,#3736,#3766,.T.);
#3768=ORIENTED_EDGE('',*,*,#3767,.T.);
#3769=EDGE_LOOP('',(#3745,#3753,#3762,#3768));
#3770=FACE_OUTER_BOUND('',#3769,.T.);
#3771=ADVANCED_FACE('',(#3770),#3734,.F.);
#3772=CARTESIAN_POINT('',(21.614292591739055,31.414270548146831,-0.7));
#3773=CARTESIAN_POINT('',(21.691087078826804,31.414270548146831,-0.7));
#3774=CARTESIAN_POINT('',(21.843970646055855,31.414270548146824,-0.637838587657485));
#3775=CARTESIAN_POINT('',(21.911429750895891,31.414270548146831,-0.487217554971885));
#3776=CARTESIAN_POINT('',(21.914109839844784,31.414270548146831,-0.410469849010751));
#3777=CARTESIAN_POINT('',(21.614292591739055,31.466621678621628,-0.7));
#3778=CARTESIAN_POINT('',(21.690627215282458,31.486740543290942,-0.699986108094192));
#3779=CARTESIAN_POINT('',(21.842627278653744,31.526671424279886,-0.638617656978892));
#3780=CARTESIAN_POINT('',(21.910634924197979,31.544500140708173,-0.489473750191351));
#3781=CARTESIAN_POINT('',(21.91401431265249,31.54505284714153,-0.413205389884541));
#3782=CARTESIAN_POINT('',(21.571011598658739,31.570867720470325,-0.7));
#3783=CARTESIAN_POINT('',(21.630391000273445,31.630247122085045,-0.699991486280185));
#3784=CARTESIAN_POINT('',(21.748604514640988,31.748460636452567,-0.639508090991797));
#3785=CARTESIAN_POINT('',(21.802461932890125,31.802318054701711,-0.49208376833177));
#3786=CARTESIAN_POINT('',(21.805700584599727,31.805556706411316,-0.416391039960595));
#3787=CARTESIAN_POINT('',(21.466765556810039,31.614148713550648,-0.7));
#3788=CARTESIAN_POINT('',(21.486884421479353,31.690483337094051,-0.699986108094192));
#3789=CARTESIAN_POINT('',(21.5268153024683,31.84248340046533,-0.638617656978892));
#3790=CARTESIAN_POINT('',(21.54464401889658,31.910491046009572,-0.489473750191351));
#3791=CARTESIAN_POINT('',(21.545196725329937,31.913870434464084,-0.413205389884541));
#3792=CARTESIAN_POINT('',(21.414414426335242,31.614148713550648,-0.7));
#3793=CARTESIAN_POINT('',(21.414414426335242,31.690943200638397,-0.7));
#3794=CARTESIAN_POINT('',(21.414414426335235,31.843826767867437,-0.637838587657485));
#3795=CARTESIAN_POINT('',(21.414414426335242,31.911285872707484,-0.487217554971885));
#3796=CARTESIAN_POINT('',(21.414414426335242,31.913965961656373,-0.410469849010751));
#3797=B_SPLINE_SURFACE_WITH_KNOTS('',3,3,((#3772,#3777,#3782,#3787,#3792),(#3773,#3778,#3783,#3788,#3793),(#3774,#3779,#3784,#3789,#3794),(#3775,#3780,#3785,#3790,#3795),(#3776,#3781,#3786,#3791,#3796)),.UNSPECIFIED.,.F.,.F.,.F.,(4,1,4),(4,1,4),(0.0,0.5,1.0),(-0.784789175811831,-5.551115E-017,0.784789175811831),.UNSPECIFIED.);
#3798=CARTESIAN_POINT('',(21.614292591739055,31.414270548146831,-0.7));
#3799=VERTEX_POINT('',#3798);
#3800=CARTESIAN_POINT('',(21.914109839844784,31.414270548146831,-0.410469849010752));
#3801=VERTEX_POINT('',#3800);
#3802=CARTESIAN_POINT('',(21.614292591739055,31.414270548146831,-0.4));
#3803=DIRECTION('',(0.0,-1.0,0.0));
#3804=DIRECTION('',(0.0,0.0,-1.0));
#3805=AXIS2_PLACEMENT_3D('',#3802,#3803,#3804);
#3806=CIRCLE('',#3805,0.3);
#3807=EDGE_CURVE('',#3799,#3801,#3806,.T.);
#3808=ORIENTED_EDGE('',*,*,#3807,.T.);
#3809=CARTESIAN_POINT('',(21.414170682879291,31.414026804690884,-0.4));
#3810=DIRECTION('',(0.020922875705532,0.020922875705531,0.999562137410387));
#3811=DIRECTION('',(0.706797165580204,0.706797165580204,-0.029589414586609));
#3812=AXIS2_PLACEMENT_3D('',#3809,#3810,#3811);
#3813=ELLIPSE('',#3812,0.500097547295876,0.499999999999999);
#3814=EDGE_CURVE('',#3801,#3738,#3813,.T.);
#3815=ORIENTED_EDGE('',*,*,#3814,.T.);
#3816=ORIENTED_EDGE('',*,*,#3744,.F.);
#3817=CARTESIAN_POINT('',(21.414170682879291,31.414026804690884,-0.7));
#3818=DIRECTION('',(0.0,0.0,-1.0));
#3819=DIRECTION('',(0.707106781186548,0.707106781186548,0.0));
#3820=AXIS2_PLACEMENT_3D('',#3817,#3818,#3819);
#3821=ELLIPSE('',#3820,0.200243743501143,0.2);
#3822=EDGE_CURVE('',#3736,#3799,#3821,.T.);
#3823=ORIENTED_EDGE('',*,*,#3822,.T.);
#3824=EDGE_LOOP('',(#3808,#3815,#3816,#3823));
#3825=FACE_OUTER_BOUND('',#3824,.T.);
#3826=ADVANCED_FACE('',(#3825),#3797,.T.);
#3827=CARTESIAN_POINT('',(-21.4108596688191,31.614148713550648,-0.7));
#3828=CARTESIAN_POINT('',(-21.4108596688191,31.690943200638397,-0.7));
#3829=CARTESIAN_POINT('',(-21.410859668819104,31.843826773150159,-0.637838593127882));
#3830=CARTESIAN_POINT('',(-21.410859668819104,31.911285872707484,-0.487217554971885));
#3831=CARTESIAN_POINT('',(-21.410859668819104,31.913965961656373,-0.410469849010751));
#3832=CARTESIAN_POINT('',(-21.463210799293893,31.614148713550648,-0.7));
#3833=CARTESIAN_POINT('',(-21.483329663963211,31.690483337094051,-0.699986108094192));
#3834=CARTESIAN_POINT('',(-21.523260544952166,31.842483405748048,-0.638617662449289));
#3835=CARTESIAN_POINT('',(-21.541089261380442,31.910491046009572,-0.489473750191351));
#3836=CARTESIAN_POINT('',(-21.541641967813803,31.913870434464084,-0.413205389884541));
#3837=CARTESIAN_POINT('',(-21.567456844747976,31.570867724075704,-0.7));
#3838=CARTESIAN_POINT('',(-21.62683624683206,31.630247126159794,-0.6999914870605));
#3839=CARTESIAN_POINT('',(-21.745049768612571,31.748460647940302,-0.639508096273815));
#3840=CARTESIAN_POINT('',(-21.798907180348021,31.802318059675741,-0.492083768579837));
#3841=CARTESIAN_POINT('',(-21.802145836083866,31.805556715411587,-0.416391040337384));
#3842=CARTESIAN_POINT('',(-21.610737834222917,31.466621678621625,-0.7));
#3843=CARTESIAN_POINT('',(-21.68707245776632,31.486740543290942,-0.699986108094192));
#3844=CARTESIAN_POINT('',(-21.839072526420313,31.5266714242799,-0.638617662449289));
#3845=CARTESIAN_POINT('',(-21.90708016668184,31.544500140708173,-0.489473750191351));
#3846=CARTESIAN_POINT('',(-21.910459555136352,31.54505284714153,-0.413205389884541));
#3847=CARTESIAN_POINT('',(-21.610737834222917,31.414270548146831,-0.7));
#3848=CARTESIAN_POINT('',(-21.687532321310666,31.414270548146831,-0.7));
#3849=CARTESIAN_POINT('',(-21.840415893822424,31.414270548146838,-0.637838593127882));
#3850=CARTESIAN_POINT('',(-21.907874993379753,31.414270548146831,-0.487217554971885));
#3851=CARTESIAN_POINT('',(-21.910555082328642,31.414270548146831,-0.410469849010751));
#3852=B_SPLINE_SURFACE_WITH_KNOTS('',3,3,((#3827,#3832,#3837,#3842,#3847),(#3828,#3833,#3838,#3843,#3848),(#3829,#3834,#3839,#3844,#3849),(#3830,#3835,#3840,#3845,#3850),(#3831,#3836,#3841,#3846,#3851)),.UNSPECIFIED.,.F.,.F.,.F.,(4,1,4),(4,1,4),(0.0,0.5,1.0),(-0.784789175811827,2.275957E-015,0.784789175811832),.UNSPECIFIED.);
#3853=CARTESIAN_POINT('',(-21.910555082328642,31.414270548146831,-0.410469849010751));
#3854=VERTEX_POINT('',#3853);
#3855=CARTESIAN_POINT('',(-21.610737834222917,31.414270548146831,-0.7));
#3856=VERTEX_POINT('',#3855);
#3857=CARTESIAN_POINT('',(-21.610737834222917,31.414270548146831,-0.4));
#3858=DIRECTION('',(0.0,-1.0,0.0));
#3859=DIRECTION('',(-0.999390827019096,0.0,-0.034899496702504));
#3860=AXIS2_PLACEMENT_3D('',#3857,#3858,#3859);
#3861=CIRCLE('',#3860,0.299999999999998);
#3862=EDGE_CURVE('',#3854,#3856,#3861,.T.);
#3863=ORIENTED_EDGE('',*,*,#3862,.T.);
#3864=CARTESIAN_POINT('',(-21.410615925363153,31.414026804690884,-0.7));
#3865=DIRECTION('',(0.0,0.0,-1.0));
#3866=DIRECTION('',(-0.707106781186548,0.707106781186548,0.0));
#3867=AXIS2_PLACEMENT_3D('',#3864,#3865,#3866);
#3868=ELLIPSE('',#3867,0.200243743501143,0.2);
#3869=EDGE_CURVE('',#3856,#3755,#3868,.T.);
#3870=ORIENTED_EDGE('',*,*,#3869,.T.);
#3871=ORIENTED_EDGE('',*,*,#3761,.F.);
#3872=CARTESIAN_POINT('',(-21.410615925363153,31.414026804690884,-0.400000000000001));
#3873=DIRECTION('',(-0.020922875705531,0.020922875705532,0.999562137410387));
#3874=DIRECTION('',(-0.706797165580204,0.706797165580204,-0.029589414586609));
#3875=AXIS2_PLACEMENT_3D('',#3872,#3873,#3874);
#3876=ELLIPSE('',#3875,0.500097547295876,0.499999999999999);
#3877=EDGE_CURVE('',#3747,#3854,#3876,.T.);
#3878=ORIENTED_EDGE('',*,*,#3877,.T.);
#3879=EDGE_LOOP('',(#3863,#3870,#3871,#3878));
#3880=FACE_OUTER_BOUND('',#3879,.T.);
#3881=ADVANCED_FACE('',(#3880),#3852,.T.);
#3882=CARTESIAN_POINT('',(21.614292591739055,-15.998366499430334,-0.4));
#3883=DIRECTION('',(2.958616E-036,1.0,0.0));
#3884=DIRECTION('',(0.694658370458985,0.0,-0.719339800338663));
#3885=AXIS2_PLACEMENT_3D('',#3882,#3883,#3884);
#3886=CYLINDRICAL_SURFACE('',#3885,0.3);
#3887=CARTESIAN_POINT('',(21.614292591739055,-31.411003547007503,-0.7));
#3888=VERTEX_POINT('',#3887);
#3889=CARTESIAN_POINT('',(21.914109839844777,-31.411003547007503,-0.41046984901075));
#3890=VERTEX_POINT('',#3889);
#3891=CARTESIAN_POINT('',(21.614292591739055,-31.411003547007503,-0.4));
#3892=DIRECTION('',(0.0,-1.0,0.0));
#3893=DIRECTION('',(0.0,0.0,-1.0));
#3894=AXIS2_PLACEMENT_3D('',#3891,#3892,#3893);
#3895=CIRCLE('',#3894,0.3);
#3896=EDGE_CURVE('',#3888,#3890,#3895,.T.);
#3897=ORIENTED_EDGE('',*,*,#3896,.T.);
#3898=CARTESIAN_POINT('',(21.914109839844777,-31.411003547007503,-0.41046984901075));
#3899=DIRECTION('',(0.0,1.0,0.0));
#3900=VECTOR('',#3899,62.825274095154342);
#3901=LINE('',#3898,#3900);
#3902=EDGE_CURVE('',#3890,#3801,#3901,.T.);
#3903=ORIENTED_EDGE('',*,*,#3902,.T.);
#3904=ORIENTED_EDGE('',*,*,#3807,.F.);
#3905=CARTESIAN_POINT('',(21.614292591739055,31.414270548146838,-0.7));
#3906=DIRECTION('',(0.0,-1.0,0.0));
#3907=VECTOR('',#3906,62.825274095154342);
#3908=LINE('',#3905,#3907);
#3909=EDGE_CURVE('',#3799,#3888,#3908,.T.);
#3910=ORIENTED_EDGE('',*,*,#3909,.T.);
#3911=EDGE_LOOP('',(#3897,#3903,#3904,#3910));
#3912=FACE_OUTER_BOUND('',#3911,.T.);
#3913=ADVANCED_FACE('',(#3912),#3886,.F.);
#3914=CARTESIAN_POINT('',(-21.610737834222917,16.001633500569664,-0.4));
#3915=DIRECTION('',(1.387779E-016,-1.0,0.0));
#3916=DIRECTION('',(-0.694658370458995,0.0,-0.719339800338653));
#3917=AXIS2_PLACEMENT_3D('',#3914,#3915,#3916);
#3918=CYLINDRICAL_SURFACE('',#3917,0.3);
#3919=CARTESIAN_POINT('',(-21.910555082328639,-31.41100354700751,-0.410469849010751));
#3920=VERTEX_POINT('',#3919);
#3921=CARTESIAN_POINT('',(-21.61073783422291,-31.411003547007507,-0.7));
#3922=VERTEX_POINT('',#3921);
#3923=CARTESIAN_POINT('',(-21.61073783422291,-31.411003547007507,-0.4));
#3924=DIRECTION('',(1.479396E-014,-1.0,5.166163E-016));
#3925=DIRECTION('',(-0.999390827019096,-1.480297E-014,-0.034899496702502));
#3926=AXIS2_PLACEMENT_3D('',#3923,#3924,#3925);
#3927=CIRCLE('',#3926,0.299999999999998);
#3928=EDGE_CURVE('',#3920,#3922,#3927,.T.);
#3929=ORIENTED_EDGE('',*,*,#3928,.T.);
#3930=CARTESIAN_POINT('',(-21.61073783422291,-31.411003547007507,-0.7));
#3931=DIRECTION('',(0.0,1.0,0.0));
#3932=VECTOR('',#3931,62.825274095154342);
#3933=LINE('',#3930,#3932);
#3934=EDGE_CURVE('',#3922,#3856,#3933,.T.);
#3935=ORIENTED_EDGE('',*,*,#3934,.T.);
#3936=ORIENTED_EDGE('',*,*,#3862,.F.);
#3937=CARTESIAN_POINT('',(-21.910555082328646,31.414270548146831,-0.41046984901075));
#3938=DIRECTION('',(0.0,-1.0,0.0));
#3939=VECTOR('',#3938,62.825274095154342);
#3940=LINE('',#3937,#3939);
#3941=EDGE_CURVE('',#3854,#3920,#3940,.T.);
#3942=ORIENTED_EDGE('',*,*,#3941,.T.);
#3943=EDGE_LOOP('',(#3929,#3935,#3936,#3942));
#3944=FACE_OUTER_BOUND('',#3943,.T.);
#3945=ADVANCED_FACE('',(#3944),#3918,.F.);
#3946=CARTESIAN_POINT('',(21.414414426335231,-31.61088171241132,-0.7));
#3947=CARTESIAN_POINT('',(21.414414426335231,-31.687676199499069,-0.7));
#3948=CARTESIAN_POINT('',(21.414414426335235,-31.840559771583173,-0.637838592685036));
#3949=CARTESIAN_POINT('',(21.414414426335235,-31.908018871568157,-0.487217554971885));
#3950=CARTESIAN_POINT('',(21.414414426335235,-31.910698960517045,-0.410469849010751));
#3951=CARTESIAN_POINT('',(21.466765556810028,-31.61088171241132,-0.7));
#3952=CARTESIAN_POINT('',(21.486884421479342,-31.687216335954723,-0.699986108094192));
#3953=CARTESIAN_POINT('',(21.5268153024683,-31.839216404181062,-0.638617662006443));
#3954=CARTESIAN_POINT('',(21.544644018896577,-31.907224044870244,-0.489473750191352));
#3955=CARTESIAN_POINT('',(21.545196725329934,-31.910603433324756,-0.413205389884541));
#3956=CARTESIAN_POINT('',(21.571011601972248,-31.567600722644524,-0.7));
#3957=CARTESIAN_POINT('',(21.63039100401835,-31.626980124690608,-0.699991486997332));
#3958=CARTESIAN_POINT('',(21.748604525198751,-31.745193645871023,-0.639508095846221));
#3959=CARTESIAN_POINT('',(21.802461937461498,-31.799051058133774,-0.492083768559756));
#3960=CARTESIAN_POINT('',(21.8057005928714,-31.802289713543669,-0.416391040306882));
#3961=CARTESIAN_POINT('',(21.614292591739044,-31.4633546774823,-0.7));
#3962=CARTESIAN_POINT('',(21.690627215282451,-31.483473542151614,-0.699986108094193));
#3963=CARTESIAN_POINT('',(21.84262728350879,-31.523404423140576,-0.638617662006445));
#3964=CARTESIAN_POINT('',(21.910634924197975,-31.541233139568842,-0.489473750191352));
#3965=CARTESIAN_POINT('',(21.914014312652487,-31.541785846002202,-0.413205389884541));
#3966=CARTESIAN_POINT('',(21.614292591739044,-31.411003547007503,-0.7));
#3967=CARTESIAN_POINT('',(21.691087078826797,-31.411003547007503,-0.700000000000001));
#3968=CARTESIAN_POINT('',(21.843970650910901,-31.41100354700751,-0.637838592685038));
#3969=CARTESIAN_POINT('',(21.911429750895888,-31.411003547007503,-0.487217554971886));
#3970=CARTESIAN_POINT('',(21.914109839844777,-31.411003547007503,-0.410469849010751));
#3971=B_SPLINE_SURFACE_WITH_KNOTS('',3,3,((#3946,#3951,#3956,#3961,#3966),(#3947,#3952,#3957,#3962,#3967),(#3948,#3953,#3958,#3963,#3968),(#3949,#3954,#3959,#3964,#3969),(#3950,#3955,#3960,#3965,#3970)),.UNSPECIFIED.,.F.,.F.,.F.,(4,1,4),(4,1,4),(0.0,0.5,1.0),(-0.784789175811831,-5.551115E-017,0.784789175811831),.UNSPECIFIED.);
#3972=CARTESIAN_POINT('',(21.414414426335235,-31.61088171241132,-0.7));
#3973=VERTEX_POINT('',#3972);
#3974=CARTESIAN_POINT('',(21.414414426335235,-31.910698960517045,-0.410469849010752));
#3975=VERTEX_POINT('',#3974);
#3976=CARTESIAN_POINT('',(21.414414426335235,-31.61088171241132,-0.4));
#3977=DIRECTION('',(-1.0,0.0,0.0));
#3978=DIRECTION('',(0.0,0.0,-1.0));
#3979=AXIS2_PLACEMENT_3D('',#3976,#3977,#3978);
#3980=CIRCLE('',#3979,0.3);
#3981=EDGE_CURVE('',#3973,#3975,#3980,.T.);
#3982=ORIENTED_EDGE('',*,*,#3981,.T.);
#3983=CARTESIAN_POINT('',(21.414170682879288,-31.410759803551557,-0.400000000000001));
#3984=DIRECTION('',(0.020922875705531,-0.020922875705532,0.999562137410387));
#3985=DIRECTION('',(0.706797165580204,-0.706797165580204,-0.029589414586609));
#3986=AXIS2_PLACEMENT_3D('',#3983,#3984,#3985);
#3987=ELLIPSE('',#3986,0.500097547295876,0.499999999999999);
#3988=EDGE_CURVE('',#3975,#3890,#3987,.T.);
#3989=ORIENTED_EDGE('',*,*,#3988,.T.);
#3990=ORIENTED_EDGE('',*,*,#3896,.F.);
#3991=CARTESIAN_POINT('',(21.414170682879288,-31.410759803551557,-0.7));
#3992=DIRECTION('',(0.0,0.0,-1.0));
#3993=DIRECTION('',(0.707106781186548,-0.707106781186548,0.0));
#3994=AXIS2_PLACEMENT_3D('',#3991,#3992,#3993);
#3995=ELLIPSE('',#3994,0.200243743501143,0.2);
#3996=EDGE_CURVE('',#3888,#3973,#3995,.T.);
#3997=ORIENTED_EDGE('',*,*,#3996,.T.);
#3998=EDGE_LOOP('',(#3982,#3989,#3990,#3997));
#3999=FACE_OUTER_BOUND('',#3998,.T.);
#4000=ADVANCED_FACE('',(#3999),#3971,.T.);
#4001=CARTESIAN_POINT('',(-21.610737834222917,-31.411003547007507,-0.7));
#4002=CARTESIAN_POINT('',(-21.687532321310666,-31.411003547007507,-0.699999999999999));
#4003=CARTESIAN_POINT('',(-21.840415898677943,-31.411003547007521,-0.63783859815592));
#4004=CARTESIAN_POINT('',(-21.90787499337975,-31.411003547007503,-0.487217554971884));
#4005=CARTESIAN_POINT('',(-21.910555082328639,-31.411003547007503,-0.41046984901075));
#4006=CARTESIAN_POINT('',(-21.610737834222917,-31.463354677482304,-0.7));
#4007=CARTESIAN_POINT('',(-21.68707245776632,-31.483473542151618,-0.699986108094191));
#4008=CARTESIAN_POINT('',(-21.839072531275839,-31.523404423140583,-0.638617667477328));
#4009=CARTESIAN_POINT('',(-21.907080166681837,-31.541233139568842,-0.48947375019135));
#4010=CARTESIAN_POINT('',(-21.910459555136349,-31.541785846002202,-0.41320538988454));
#4011=CARTESIAN_POINT('',(-21.567456848061738,-31.567600726250149,-0.7));
#4012=CARTESIAN_POINT('',(-21.626836250577242,-31.626980128765659,-0.6999914877777));
#4013=CARTESIAN_POINT('',(-21.745049779171246,-31.745193657359675,-0.6395081011287));
#4014=CARTESIAN_POINT('',(-21.798907184919734,-31.799051063108152,-0.492083768807839));
#4015=CARTESIAN_POINT('',(-21.802145844356154,-31.802289722544561,-0.416391040683695));
#4016=CARTESIAN_POINT('',(-21.463210799293897,-31.610881712411327,-0.7));
#4017=CARTESIAN_POINT('',(-21.483329663963211,-31.68721633595473,-0.699986108094191));
#4018=CARTESIAN_POINT('',(-21.523260544952166,-31.83921640946425,-0.638617667477329));
#4019=CARTESIAN_POINT('',(-21.541089261380439,-31.907224044870254,-0.489473750191351));
#4020=CARTESIAN_POINT('',(-21.541641967813799,-31.910603433324766,-0.413205389884541));
#4021=CARTESIAN_POINT('',(-21.4108596688191,-31.610881712411327,-0.7));
#4022=CARTESIAN_POINT('',(-21.4108596688191,-31.687676199499077,-0.7));
#4023=CARTESIAN_POINT('',(-21.410859668819104,-31.84055977686636,-0.637838598155923));
#4024=CARTESIAN_POINT('',(-21.4108596688191,-31.908018871568164,-0.487217554971885));
#4025=CARTESIAN_POINT('',(-21.4108596688191,-31.910698960517053,-0.410469849010751));
#4026=B_SPLINE_SURFACE_WITH_KNOTS('',3,3,((#4001,#4006,#4011,#4016,#4021),(#4002,#4007,#4012,#4017,#4022),(#4003,#4008,#4013,#4018,#4023),(#4004,#4009,#4014,#4019,#4024),(#4005,#4010,#4015,#4020,#4025)),.UNSPECIFIED.,.F.,.F.,.F.,(4,1,4),(4,1,4),(0.0,0.5,1.0),(-0.784789175811854,-1.787459E-014,0.784789175811819),.UNSPECIFIED.);
#4027=CARTESIAN_POINT('',(-21.410859668819096,-31.91069896051706,-0.410469849010751));
#4028=VERTEX_POINT('',#4027);
#4029=CARTESIAN_POINT('',(-21.410859668819096,-31.610881712411327,-0.7));
#4030=VERTEX_POINT('',#4029);
#4031=CARTESIAN_POINT('',(-21.410859668819096,-31.610881712411327,-0.4));
#4032=DIRECTION('',(1.0,0.0,0.0));
#4033=DIRECTION('',(0.0,-0.999390827019096,-0.034899496702502));
#4034=AXIS2_PLACEMENT_3D('',#4031,#4032,#4033);
#4035=CIRCLE('',#4034,0.300000000000003);
#4036=EDGE_CURVE('',#4028,#4030,#4035,.T.);
#4037=ORIENTED_EDGE('',*,*,#4036,.T.);
#4038=CARTESIAN_POINT('',(-21.410615925363146,-31.410759803551564,-0.7));
#4039=DIRECTION('',(0.0,0.0,-1.0));
#4040=DIRECTION('',(-0.707106781186541,-0.707106781186554,0.0));
#4041=AXIS2_PLACEMENT_3D('',#4038,#4039,#4040);
#4042=ELLIPSE('',#4041,0.200243743501143,0.2);
#4043=EDGE_CURVE('',#4030,#3922,#4042,.T.);
#4044=ORIENTED_EDGE('',*,*,#4043,.T.);
#4045=ORIENTED_EDGE('',*,*,#3928,.F.);
#4046=CARTESIAN_POINT('',(-21.410615925363146,-31.410759803551564,-0.4));
#4047=DIRECTION('',(-0.020922875705531,-0.020922875705531,0.999562137410387));
#4048=DIRECTION('',(-0.706797165580196,-0.706797165580213,-0.029589414586609));
#4049=AXIS2_PLACEMENT_3D('',#4046,#4047,#4048);
#4050=ELLIPSE('',#4049,0.500097547295876,0.499999999999999);
#4051=EDGE_CURVE('',#3920,#4028,#4050,.T.);
#4052=ORIENTED_EDGE('',*,*,#4051,.T.);
#4053=EDGE_LOOP('',(#4037,#4044,#4045,#4052));
#4054=FACE_OUTER_BOUND('',#4053,.T.);
#4055=ADVANCED_FACE('',(#4054),#4026,.T.);
#4056=CARTESIAN_POINT('',(-10.998222621241924,-31.610881712411327,-0.4));
#4057=DIRECTION('',(1.0,2.018587E-016,0.0));
#4058=DIRECTION('',(0.0,-0.694658370458995,-0.719339800338653));
#4059=AXIS2_PLACEMENT_3D('',#4056,#4057,#4058);
#4060=CYLINDRICAL_SURFACE('',#4059,0.3);
#4061=ORIENTED_EDGE('',*,*,#3981,.F.);
#4062=CARTESIAN_POINT('',(21.414414426335242,-31.61088171241132,-0.7));
#4063=DIRECTION('',(-1.0,0.0,0.0));
#4064=VECTOR('',#4063,42.825274095154334);
#4065=LINE('',#4062,#4064);
#4066=EDGE_CURVE('',#3973,#4030,#4065,.T.);
#4067=ORIENTED_EDGE('',*,*,#4066,.T.);
#4068=ORIENTED_EDGE('',*,*,#4036,.F.);
#4069=CARTESIAN_POINT('',(-21.410859668819093,-31.910698960517056,-0.41046984901075));
#4070=DIRECTION('',(1.0,0.0,0.0));
#4071=VECTOR('',#4070,42.825274095154334);
#4072=LINE('',#4069,#4071);
#4073=EDGE_CURVE('',#4028,#3975,#4072,.T.);
#4074=ORIENTED_EDGE('',*,*,#4073,.T.);
#4075=EDGE_LOOP('',(#4061,#4067,#4068,#4074));
#4076=FACE_OUTER_BOUND('',#4075,.T.);
#4077=ADVANCED_FACE('',(#4076),#4060,.F.);
#4078=CARTESIAN_POINT('',(-21.46020730102931,-31.460351179217728,1.020111194224403));
#4079=DIRECTION('',(0.034878262742375,0.034878262742375,-0.998782765958718));
#4080=DIRECTION('',(-0.70624606674166,-0.706246066741672,-0.049325312202279));
#4081=AXIS2_PLACEMENT_3D('',#4078,#4079,#4080);
#4082=CYLINDRICAL_SURFACE('',#4081,0.5);
#4083=ORIENTED_EDGE('',*,*,#4051,.F.);
#4084=CARTESIAN_POINT('',(-21.998222621241922,-31.498671085920805,2.1));
#4085=VERTEX_POINT('',#4084);
#4086=CARTESIAN_POINT('',(-21.910555082328635,-31.41100354700751,-0.41046984901075));
#4087=DIRECTION('',(-0.034878262742376,-0.034878262742376,0.998782765958718));
#4088=VECTOR('',#4087,2.513529402563314);
#4089=LINE('',#4086,#4088);
#4090=EDGE_CURVE('',#3920,#4085,#4089,.T.);
#4091=ORIENTED_EDGE('',*,*,#4090,.T.);
#4092=CARTESIAN_POINT('',(-21.498527207732387,-31.99836649943034,2.1));
#4093=VERTEX_POINT('',#4092);
#4094=CARTESIAN_POINT('',(-21.497917849092516,-31.498061727280934,2.1));
#4095=DIRECTION('',(0.0,0.0,1.0));
#4096=DIRECTION('',(-0.707106781186541,-0.707106781186554,0.0));
#4097=AXIS2_PLACEMENT_3D('',#4094,#4095,#4096);
#4098=ELLIPSE('',#4097,0.500609358752858,0.5);
#4099=EDGE_CURVE('',#4085,#4093,#4098,.T.);
#4100=ORIENTED_EDGE('',*,*,#4099,.T.);
#4101=CARTESIAN_POINT('',(-21.498527207732383,-31.998366499430347,2.100000000000001));
#4102=DIRECTION('',(0.034878262742376,0.034878262742376,-0.998782765958718));
#4103=VECTOR('',#4102,2.513529402563314);
#4104=LINE('',#4101,#4103);
#4105=EDGE_CURVE('',#4093,#4028,#4104,.T.);
#4106=ORIENTED_EDGE('',*,*,#4105,.T.);
#4107=EDGE_LOOP('',(#4083,#4091,#4100,#4106));
#4108=FACE_OUTER_BOUND('',#4107,.T.);
#4109=ADVANCED_FACE('',(#4108),#4082,.F.);
#4110=CARTESIAN_POINT('',(-21.998222621241933,32.001633500569667,2.1));
#4111=DIRECTION('',(-0.999390827019096,-1.386933E-016,-0.034899496702502));
#4112=DIRECTION('',(0.0,1.0,0.0));
#4113=AXIS2_PLACEMENT_3D('',#4110,#4111,#4112);
#4114=PLANE('',#4113);
#4115=ORIENTED_EDGE('',*,*,#3941,.F.);
#4116=CARTESIAN_POINT('',(-21.998222621241929,31.501938087060122,2.1));
#4117=VERTEX_POINT('',#4116);
#4118=CARTESIAN_POINT('',(-21.998222621241929,31.501938087060122,2.100000000000001));
#4119=DIRECTION('',(0.034878262742376,-0.034878262742376,-0.998782765958718));
#4120=VECTOR('',#4119,2.513529402563315);
#4121=LINE('',#4118,#4120);
#4122=EDGE_CURVE('',#4117,#3854,#4121,.T.);
#4123=ORIENTED_EDGE('',*,*,#4122,.F.);
#4124=CARTESIAN_POINT('',(-21.998222621241922,-31.498671085920805,2.1));
#4125=DIRECTION('',(0.0,1.0,0.0));
#4126=VECTOR('',#4125,63.00060917298093);
#4127=LINE('',#4124,#4126);
#4128=EDGE_CURVE('',#4085,#4117,#4127,.T.);
#4129=ORIENTED_EDGE('',*,*,#4128,.F.);
#4130=ORIENTED_EDGE('',*,*,#4090,.F.);
#4131=EDGE_LOOP('',(#4115,#4123,#4129,#4130));
#4132=FACE_OUTER_BOUND('',#4131,.T.);
#4133=ADVANCED_FACE('',(#4132),#4114,.F.);
#4134=CARTESIAN_POINT('',(-21.472372233148576,31.475783112476311,1.368469271561047));
#4135=DIRECTION('',(0.034878262742375,-0.034878262742375,-0.998782765958718));
#4136=DIRECTION('',(-0.706246066741666,0.706246066741666,-0.049325312202279));
#4137=AXIS2_PLACEMENT_3D('',#4134,#4135,#4136);
#4138=CYLINDRICAL_SURFACE('',#4137,0.5);
#4139=ORIENTED_EDGE('',*,*,#3877,.F.);
#4140=CARTESIAN_POINT('',(-21.498527207732394,32.001633500569667,2.1));
#4141=VERTEX_POINT('',#4140);
#4142=CARTESIAN_POINT('',(-21.410859668819096,31.913965961656373,-0.41046984901075));
#4143=DIRECTION('',(-0.034878262742376,0.034878262742375,0.998782765958718));
#4144=VECTOR('',#4143,2.513529402563313);
#4145=LINE('',#4142,#4144);
#4146=EDGE_CURVE('',#3747,#4141,#4145,.T.);
#4147=ORIENTED_EDGE('',*,*,#4146,.T.);
#4148=CARTESIAN_POINT('',(-21.497917849092527,31.501328728420258,2.1));
#4149=DIRECTION('',(0.0,0.0,1.0));
#4150=DIRECTION('',(-0.707106781186547,0.707106781186547,0.0));
#4151=AXIS2_PLACEMENT_3D('',#4148,#4149,#4150);
#4152=ELLIPSE('',#4151,0.500609358752858,0.5);
#4153=EDGE_CURVE('',#4141,#4117,#4152,.T.);
#4154=ORIENTED_EDGE('',*,*,#4153,.T.);
#4155=ORIENTED_EDGE('',*,*,#4122,.T.);
#4156=EDGE_LOOP('',(#4139,#4147,#4154,#4155));
#4157=FACE_OUTER_BOUND('',#4156,.T.);
#4158=ADVANCED_FACE('',(#4157),#4138,.F.);
#4159=CARTESIAN_POINT('',(22.001777378758067,32.001633500569667,2.1));
#4160=DIRECTION('',(2.742723E-035,0.999390827019096,-0.034899496702502));
#4161=DIRECTION('',(1.0,0.0,0.0));
#4162=AXIS2_PLACEMENT_3D('',#4159,#4160,#4161);
#4163=PLANE('',#4162);
#4164=ORIENTED_EDGE('',*,*,#3752,.F.);
#4165=CARTESIAN_POINT('',(21.502081965248525,32.001633500569667,2.1));
#4166=VERTEX_POINT('',#4165);
#4167=CARTESIAN_POINT('',(21.502081965248529,32.001633500569667,2.1));
#4168=DIRECTION('',(-0.034878262742376,-0.034878262742376,-0.998782765958718));
#4169=VECTOR('',#4168,2.513529402563313);
#4170=LINE('',#4167,#4169);
#4171=EDGE_CURVE('',#4166,#3738,#4170,.T.);
#4172=ORIENTED_EDGE('',*,*,#4171,.F.);
#4173=CARTESIAN_POINT('',(-21.498527207732394,32.001633500569667,2.1));
#4174=DIRECTION('',(1.0,0.0,0.0));
#4175=VECTOR('',#4174,43.000609172980916);
#4176=LINE('',#4173,#4175);
#4177=EDGE_CURVE('',#4141,#4166,#4176,.T.);
#4178=ORIENTED_EDGE('',*,*,#4177,.F.);
#4179=ORIENTED_EDGE('',*,*,#4146,.F.);
#4180=EDGE_LOOP('',(#4164,#4172,#4178,#4179));
#4181=FACE_OUTER_BOUND('',#4180,.T.);
#4182=ADVANCED_FACE('',(#4181),#4163,.F.);
#4183=CARTESIAN_POINT('',(0.001777378758068,0.001633500569665,-0.7));
#4184=DIRECTION('',(0.0,0.0,1.0));
#4185=DIRECTION('',(1.0,0.0,0.0));
#4186=AXIS2_PLACEMENT_3D('',#4183,#4184,#4185);
#4187=PLANE('',#4186);
#4188=ORIENTED_EDGE('',*,*,#3767,.F.);
#4189=ORIENTED_EDGE('',*,*,#3869,.F.);
#4190=ORIENTED_EDGE('',*,*,#3934,.F.);
#4191=ORIENTED_EDGE('',*,*,#4043,.F.);
#4192=ORIENTED_EDGE('',*,*,#4066,.F.);
#4193=ORIENTED_EDGE('',*,*,#3996,.F.);
#4194=ORIENTED_EDGE('',*,*,#3909,.F.);
#4195=ORIENTED_EDGE('',*,*,#3822,.F.);
#4196=EDGE_LOOP('',(#4188,#4189,#4190,#4191,#4192,#4193,#4194,#4195));
#4197=FACE_OUTER_BOUND('',#4196,.T.);
#4198=CARTESIAN_POINT('',(-16.998222621241933,-29.24836649943034,-0.7));
#4199=VERTEX_POINT('',#4198);
#4200=CARTESIAN_POINT('',(-19.248222621241933,-29.24836649943034,-0.7));
#4201=DIRECTION('',(0.0,0.0,-1.0));
#4202=DIRECTION('',(-1.0,0.0,0.0));
#4203=AXIS2_PLACEMENT_3D('',#4200,#4201,#4202);
#4204=CIRCLE('',#4203,2.25);
#4205=EDGE_CURVE('',#4199,#4199,#4204,.T.);
#4206=ORIENTED_EDGE('',*,*,#4205,.T.);
#4207=EDGE_LOOP('',(#4206));
#4208=FACE_BOUND('',#4207,.T.);
#4209=CARTESIAN_POINT('',(-16.998222621241933,29.251633500569664,-0.7));
#4210=VERTEX_POINT('',#4209);
#4211=CARTESIAN_POINT('',(-19.248222621241933,29.251633500569664,-0.7));
#4212=DIRECTION('',(0.0,0.0,-1.0));
#4213=DIRECTION('',(-1.0,0.0,0.0));
#4214=AXIS2_PLACEMENT_3D('',#4211,#4212,#4213);
#4215=CIRCLE('',#4214,2.25);
#4216=EDGE_CURVE('',#4210,#4210,#4215,.T.);
#4217=ORIENTED_EDGE('',*,*,#4216,.T.);
#4218=EDGE_LOOP('',(#4217));
#4219=FACE_BOUND('',#4218,.T.);
#4220=CARTESIAN_POINT('',(21.501777378758071,29.251633500569664,-0.7));
#4221=VERTEX_POINT('',#4220);
#4222=CARTESIAN_POINT('',(19.251777378758067,29.251633500569664,-0.7));
#4223=DIRECTION('',(0.0,0.0,-1.0));
#4224=DIRECTION('',(-1.0,0.0,0.0));
#4225=AXIS2_PLACEMENT_3D('',#4222,#4223,#4224);
#4226=CIRCLE('',#4225,2.25);
#4227=EDGE_CURVE('',#4221,#4221,#4226,.T.);
#4228=ORIENTED_EDGE('',*,*,#4227,.T.);
#4229=EDGE_LOOP('',(#4228));
#4230=FACE_BOUND('',#4229,.T.);
#4231=CARTESIAN_POINT('',(21.501777378758071,-29.24836649943034,-0.7));
#4232=VERTEX_POINT('',#4231);
#4233=CARTESIAN_POINT('',(19.251777378758067,-29.24836649943034,-0.7));
#4234=DIRECTION('',(0.0,0.0,-1.0));
#4235=DIRECTION('',(-1.0,0.0,0.0));
#4236=AXIS2_PLACEMENT_3D('',#4233,#4234,#4235);
#4237=CIRCLE('',#4236,2.25);
#4238=EDGE_CURVE('',#4232,#4232,#4237,.T.);
#4239=ORIENTED_EDGE('',*,*,#4238,.T.);
#4240=EDGE_LOOP('',(#4239));
#4241=FACE_BOUND('',#4240,.T.);
#4242=ADVANCED_FACE('',(#4197,#4208,#4219,#4230,#4241),#4187,.T.);
#4243=CARTESIAN_POINT('',(-11.473222621241932,32.405931728080986,1.6));
#4244=DIRECTION('',(1.0,-2.744395E-035,7.858919E-034));
#4245=DIRECTION('',(0.0,0.694658370459,0.719339800338648));
#4246=AXIS2_PLACEMENT_3D('',#4243,#4244,#4245);
#4247=CYLINDRICAL_SURFACE('',#4246,0.5);
#4248=CARTESIAN_POINT('',(-21.503069104436069,32.905627141590529,1.61744974835125));
#4249=VERTEX_POINT('',#4248);
#4250=CARTESIAN_POINT('',(-21.503069104436069,32.405931728080986,2.1));
#4251=VERTEX_POINT('',#4250);
#4252=CARTESIAN_POINT('',(-21.503069104436069,32.405931728080986,1.6));
#4253=DIRECTION('',(1.0,0.0,0.0));
#4254=DIRECTION('',(0.0,0.999390827019096,0.0348994967025));
#4255=AXIS2_PLACEMENT_3D('',#4252,#4253,#4254);
#4256=CIRCLE('',#4255,0.499999999999999);
#4257=EDGE_CURVE('',#4249,#4251,#4256,.T.);
#4258=ORIENTED_EDGE('',*,*,#4257,.T.);
#4259=CARTESIAN_POINT('',(21.506623861952203,32.405931728080986,2.1));
#4260=VERTEX_POINT('',#4259);
#4261=CARTESIAN_POINT('',(-21.503069104436069,32.405931728080986,2.1));
#4262=DIRECTION('',(1.0,0.0,0.0));
#4263=VECTOR('',#4262,43.009692966388272);
#4264=LINE('',#4261,#4263);
#4265=EDGE_CURVE('',#4251,#4260,#4264,.T.);
#4266=ORIENTED_EDGE('',*,*,#4265,.T.);
#4267=CARTESIAN_POINT('',(21.506623861952203,32.905627141590529,1.61744974835125));
#4268=VERTEX_POINT('',#4267);
#4269=CARTESIAN_POINT('',(21.506623861952203,32.405931728080986,1.6));
#4270=DIRECTION('',(-1.0,0.0,0.0));
#4271=DIRECTION('',(0.0,0.0,1.0));
#4272=AXIS2_PLACEMENT_3D('',#4269,#4270,#4271);
#4273=CIRCLE('',#4272,0.5);
#4274=EDGE_CURVE('',#4260,#4268,#4273,.T.);
#4275=ORIENTED_EDGE('',*,*,#4274,.T.);
#4276=CARTESIAN_POINT('',(21.506623861952207,32.905627141590529,1.61744974835125));
#4277=DIRECTION('',(-1.0,0.0,0.0));
#4278=VECTOR('',#4277,43.009692966388272);
#4279=LINE('',#4276,#4278);
#4280=EDGE_CURVE('',#4268,#4249,#4279,.T.);
#4281=ORIENTED_EDGE('',*,*,#4280,.T.);
#4282=EDGE_LOOP('',(#4258,#4266,#4275,#4281));
#4283=FACE_OUTER_BOUND('',#4282,.T.);
#4284=ADVANCED_FACE('',(#4283),#4247,.T.);
#4285=CARTESIAN_POINT('',(-22.402520848753255,31.506479983763803,2.1));
#4286=CARTESIAN_POINT('',(-22.530511660566169,31.506479983763803,2.1));
#4287=CARTESIAN_POINT('',(-22.785492718451813,31.5064799837638,1.996578980401917));
#4288=CARTESIAN_POINT('',(-22.897749447347984,31.506479983763803,1.745362591619808));
#4289=CARTESIAN_POINT('',(-22.902216262262801,31.506479983763803,1.617449748351251));
#4290=CARTESIAN_POINT('',(-22.402520848753255,31.708405772738011,2.1));
#4291=CARTESIAN_POINT('',(-22.529854147177687,31.737152616399449,2.099980164491901));
#4292=CARTESIAN_POINT('',(-22.783574032762314,31.794187160447692,1.997692218534172));
#4293=CARTESIAN_POINT('',(-22.896613812917064,31.819662187109952,1.748585214095468));
#4294=CARTESIAN_POINT('',(-22.902079794845243,31.82045029919502,1.621357663885236));
#4295=CARTESIAN_POINT('',(-22.238256025349649,32.180223878094473,2.099999999999999));
#4296=CARTESIAN_POINT('',(-22.341449840820644,32.274931052611763,2.099977048880227));
#4297=CARTESIAN_POINT('',(-22.547055061374618,32.463443929590483,1.999357309176306));
#4298=CARTESIAN_POINT('',(-22.640595024329947,32.549243764363354,1.753466150016783));
#4299=CARTESIAN_POINT('',(-22.646348882617527,32.554181720594073,1.627309812217439));
#4300=CARTESIAN_POINT('',(-21.772303489735016,32.405931728080986,2.1));
#4301=CARTESIAN_POINT('',(-21.810632614616932,32.533045855375931,2.099973552655868));
#4302=CARTESIAN_POINT('',(-21.886678673347923,32.786345350193542,1.998063297911591));
#4303=CARTESIAN_POINT('',(-21.920645375564266,32.899646147434495,1.749659421587354));
#4304=CARTESIAN_POINT('',(-21.92169619167769,32.905445185033798,1.622660302396565));
#4305=CARTESIAN_POINT('',(-21.503069104436069,32.405931728080986,2.1));
#4306=CARTESIAN_POINT('',(-21.503069104436069,32.533922539893908,2.1));
#4307=CARTESIAN_POINT('',(-21.503069104436065,32.788903597779544,1.996578980401917));
#4308=CARTESIAN_POINT('',(-21.503069104436069,32.901160326675722,1.745362591619808));
#4309=CARTESIAN_POINT('',(-21.503069104436069,32.905627141590536,1.617449748351251));
#4310=B_SPLINE_SURFACE_WITH_KNOTS('',3,3,((#4285,#4290,#4295,#4300,#4305),(#4286,#4291,#4296,#4301,#4306),(#4287,#4292,#4297,#4302,#4307),(#4288,#4293,#4298,#4303,#4308),(#4289,#4294,#4299,#4304,#4309)),.UNSPECIFIED.,.F.,.F.,.F.,(4,1,4),(4,1,4),(0.0,0.5,1.0),(-0.784789175811833,-0.112112739401688,0.784789175811838),.UNSPECIFIED.);
#4311=CARTESIAN_POINT('',(-22.902216262262801,31.506479983763803,1.61744974835125));
#4312=VERTEX_POINT('',#4311);
#4313=CARTESIAN_POINT('',(-22.402520848753255,31.506479983763803,2.1));
#4314=VERTEX_POINT('',#4313);
#4315=CARTESIAN_POINT('',(-22.402520848753255,31.506479983763803,1.6));
#4316=DIRECTION('',(0.0,1.0,0.0));
#4317=DIRECTION('',(-0.999390827019096,0.0,0.0348994967025));
#4318=AXIS2_PLACEMENT_3D('',#4315,#4316,#4317);
#4319=CIRCLE('',#4318,0.499999999999999);
#4320=EDGE_CURVE('',#4312,#4314,#4319,.T.);
#4321=ORIENTED_EDGE('',*,*,#4320,.T.);
#4322=CARTESIAN_POINT('',(-21.501972258884315,31.50538313821205,2.1));
#4323=DIRECTION('',(4.353078E-034,-4.353078E-034,-1.0));
#4324=DIRECTION('',(-0.70710678118655,0.707106781186545,-6.156182E-034));
#4325=AXIS2_PLACEMENT_3D('',#4322,#4323,#4324);
#4326=ELLIPSE('',#4325,0.901096845755145,0.9);
#4327=EDGE_CURVE('',#4314,#4251,#4326,.T.);
#4328=ORIENTED_EDGE('',*,*,#4327,.T.);
#4329=ORIENTED_EDGE('',*,*,#4257,.F.);
#4330=CARTESIAN_POINT('',(-21.501972258884319,31.505383138212053,1.6));
#4331=DIRECTION('',(0.012450249553381,-0.012450249553381,0.999844979270346));
#4332=DIRECTION('',(-0.706997164977387,0.706997164977381,0.017607311773321));
#4333=AXIS2_PLACEMENT_3D('',#4330,#4331,#4332);
#4334=ELLIPSE('',#4333,1.400705367102539,1.4);
#4335=EDGE_CURVE('',#4249,#4312,#4334,.T.);
#4336=ORIENTED_EDGE('',*,*,#4335,.T.);
#4337=EDGE_LOOP('',(#4321,#4328,#4329,#4336));
#4338=FACE_OUTER_BOUND('',#4337,.T.);
#4339=ADVANCED_FACE('',(#4338),#4310,.F.);
#4340=CARTESIAN_POINT('',(21.506623861952203,32.405931728080986,2.1));
#4341=CARTESIAN_POINT('',(21.506623861952203,32.533922539893901,2.1));
#4342=CARTESIAN_POINT('',(21.506623861952193,32.78890359222914,1.996578974654307));
#4343=CARTESIAN_POINT('',(21.506623861952203,32.901160326675715,1.745362591619807));
#4344=CARTESIAN_POINT('',(21.506623861952203,32.905627141590529,1.61744974835125));
#4345=CARTESIAN_POINT('',(21.775858247251151,32.405931728080986,2.1));
#4346=CARTESIAN_POINT('',(21.814187372133063,32.533045855375924,2.099973552655868));
#4347=CARTESIAN_POINT('',(21.89023343086405,32.786345344643131,1.998063292163981));
#4348=CARTESIAN_POINT('',(21.924200133080404,32.899646147434488,1.749659421587354));
#4349=CARTESIAN_POINT('',(21.925250949193824,32.905445185033791,1.622660302396564));
#4350=CARTESIAN_POINT('',(22.241810768841852,32.180223866402009,2.1));
#4351=CARTESIAN_POINT('',(22.345004583468508,32.274931040923391,2.09997704777962));
#4352=CARTESIAN_POINT('',(22.550609794194145,32.463443907910381,1.999357303785001));
#4353=CARTESIAN_POINT('',(22.644149764416895,32.549243753187952,1.753466149665354));
#4354=CARTESIAN_POINT('',(22.649903618336037,32.554181702423165,1.627309811719744));
#4355=CARTESIAN_POINT('',(22.40607560626939,31.708405772738008,2.1));
#4356=CARTESIAN_POINT('',(22.533408904693822,31.737152616399445,2.099980164491901));
#4357=CARTESIAN_POINT('',(22.787128784728043,31.794187160447699,1.997692212786562));
#4358=CARTESIAN_POINT('',(22.900168570433198,31.819662187109948,1.748585214095467));
#4359=CARTESIAN_POINT('',(22.905634552361377,31.820450299195016,1.621357663885236));
#4360=CARTESIAN_POINT('',(22.40607560626939,31.5064799837638,2.1));
#4361=CARTESIAN_POINT('',(22.534066418082304,31.5064799837638,2.1));
#4362=CARTESIAN_POINT('',(22.78904747041755,31.506479983763803,1.996578974654307));
#4363=CARTESIAN_POINT('',(22.901304204864118,31.5064799837638,1.745362591619807));
#4364=CARTESIAN_POINT('',(22.905771019778935,31.5064799837638,1.61744974835125));
#4365=B_SPLINE_SURFACE_WITH_KNOTS('',3,3,((#4340,#4345,#4350,#4355,#4360),(#4341,#4346,#4351,#4356,#4361),(#4342,#4347,#4352,#4357,#4362),(#4343,#4348,#4353,#4358,#4363),(#4344,#4349,#4354,#4359,#4364)),.UNSPECIFIED.,.F.,.F.,.F.,(4,1,4),(4,1,4),(0.0,0.5,1.0),(-0.784789175811834,0.112112739401691,0.784789175811834),.UNSPECIFIED.);
#4366=CARTESIAN_POINT('',(22.40607560626939,31.506479983763803,2.1));
#4367=VERTEX_POINT('',#4366);
#4368=CARTESIAN_POINT('',(22.905771019778935,31.5064799837638,1.61744974835125));
#4369=VERTEX_POINT('',#4368);
#4370=CARTESIAN_POINT('',(22.40607560626939,31.5064799837638,1.6));
#4371=DIRECTION('',(0.0,1.0,0.0));
#4372=DIRECTION('',(0.0,0.0,1.0));
#4373=AXIS2_PLACEMENT_3D('',#4370,#4371,#4372);
#4374=CIRCLE('',#4373,0.5);
#4375=EDGE_CURVE('',#4367,#4369,#4374,.T.);
#4376=ORIENTED_EDGE('',*,*,#4375,.T.);
#4377=CARTESIAN_POINT('',(21.50552701640045,31.505383138212046,1.6));
#4378=DIRECTION('',(-0.012450249553381,-0.012450249553381,0.999844979270345));
#4379=DIRECTION('',(0.706997164977384,0.706997164977384,0.017607311773321));
#4380=AXIS2_PLACEMENT_3D('',#4377,#4378,#4379);
#4381=ELLIPSE('',#4380,1.400705367102539,1.4);
#4382=EDGE_CURVE('',#4369,#4268,#4381,.T.);
#4383=ORIENTED_EDGE('',*,*,#4382,.T.);
#4384=ORIENTED_EDGE('',*,*,#4274,.F.);
#4385=CARTESIAN_POINT('',(21.50552701640045,31.505383138212046,2.1));
#4386=DIRECTION('',(3.505841E-034,3.505841E-034,-1.0));
#4387=DIRECTION('',(0.707106781186547,0.707106781186547,4.958008E-034));
#4388=AXIS2_PLACEMENT_3D('',#4385,#4386,#4387);
#4389=ELLIPSE('',#4388,0.901096845755144,0.9);
#4390=EDGE_CURVE('',#4260,#4367,#4389,.T.);
#4391=ORIENTED_EDGE('',*,*,#4390,.T.);
#4392=EDGE_LOOP('',(#4376,#4383,#4384,#4391));
#4393=FACE_OUTER_BOUND('',#4392,.T.);
#4394=ADVANCED_FACE('',(#4393),#4365,.F.);
#4395=CARTESIAN_POINT('',(-22.402520848753245,-16.473366499430345,1.6));
#4396=DIRECTION('',(-1.347767E-016,1.0,-8.472368E-035));
#4397=DIRECTION('',(-0.694658370458994,0.0,0.719339800338655));
#4398=AXIS2_PLACEMENT_3D('',#4395,#4396,#4397);
#4399=CYLINDRICAL_SURFACE('',#4398,0.5);
#4400=CARTESIAN_POINT('',(-22.90221626226279,-31.503212982624479,1.61744974835125));
#4401=VERTEX_POINT('',#4400);
#4402=CARTESIAN_POINT('',(-22.402520848753245,-31.503212982624479,2.1));
#4403=VERTEX_POINT('',#4402);
#4404=CARTESIAN_POINT('',(-22.402520848753245,-31.503212982624479,1.6));
#4405=DIRECTION('',(0.0,1.0,0.0));
#4406=DIRECTION('',(-0.999390827019096,0.0,0.0348994967025));
#4407=AXIS2_PLACEMENT_3D('',#4404,#4405,#4406);
#4408=CIRCLE('',#4407,0.499999999999999);
#4409=EDGE_CURVE('',#4401,#4403,#4408,.T.);
#4410=ORIENTED_EDGE('',*,*,#4409,.T.);
#4411=CARTESIAN_POINT('',(-22.402520848753241,-31.503212982624483,2.1));
#4412=DIRECTION('',(0.0,1.0,0.0));
#4413=VECTOR('',#4412,63.009692966388286);
#4414=LINE('',#4411,#4413);
#4415=EDGE_CURVE('',#4403,#4314,#4414,.T.);
#4416=ORIENTED_EDGE('',*,*,#4415,.T.);
#4417=ORIENTED_EDGE('',*,*,#4320,.F.);
#4418=CARTESIAN_POINT('',(-22.902216262262797,31.5064799837638,1.61744974835125));
#4419=DIRECTION('',(0.0,-1.0,0.0));
#4420=VECTOR('',#4419,63.009692966388286);
#4421=LINE('',#4418,#4420);
#4422=EDGE_CURVE('',#4312,#4401,#4421,.T.);
#4423=ORIENTED_EDGE('',*,*,#4422,.T.);
#4424=EDGE_LOOP('',(#4410,#4416,#4417,#4423));
#4425=FACE_OUTER_BOUND('',#4424,.T.);
#4426=ADVANCED_FACE('',(#4425),#4399,.T.);
#4427=CARTESIAN_POINT('',(22.406075606269383,16.476633500569665,1.6));
#4428=DIRECTION('',(-2.958616E-036,-1.0,8.472368E-035));
#4429=DIRECTION('',(0.694658370459,0.0,0.719339800338648));
#4430=AXIS2_PLACEMENT_3D('',#4427,#4428,#4429);
#4431=CYLINDRICAL_SURFACE('',#4430,0.5);
#4432=CARTESIAN_POINT('',(22.406075606269383,-31.503212982624476,2.1));
#4433=VERTEX_POINT('',#4432);
#4434=CARTESIAN_POINT('',(22.905771019778935,-31.503212982624472,1.61744974835125));
#4435=VERTEX_POINT('',#4434);
#4436=CARTESIAN_POINT('',(22.406075606269383,-31.503212982624476,1.6));
#4437=DIRECTION('',(0.0,1.0,0.0));
#4438=DIRECTION('',(0.0,0.0,1.0));
#4439=AXIS2_PLACEMENT_3D('',#4436,#4437,#4438);
#4440=CIRCLE('',#4439,0.5);
#4441=EDGE_CURVE('',#4433,#4435,#4440,.T.);
#4442=ORIENTED_EDGE('',*,*,#4441,.T.);
#4443=CARTESIAN_POINT('',(22.905771019778935,-31.503212982624472,1.61744974835125));
#4444=DIRECTION('',(0.0,1.0,0.0));
#4445=VECTOR('',#4444,63.009692966388272);
#4446=LINE('',#4443,#4445);
#4447=EDGE_CURVE('',#4435,#4369,#4446,.T.);
#4448=ORIENTED_EDGE('',*,*,#4447,.T.);
#4449=ORIENTED_EDGE('',*,*,#4375,.F.);
#4450=CARTESIAN_POINT('',(22.406075606269383,31.506479983763803,2.1));
#4451=DIRECTION('',(0.0,-1.0,0.0));
#4452=VECTOR('',#4451,63.009692966388272);
#4453=LINE('',#4450,#4452);
#4454=EDGE_CURVE('',#4367,#4433,#4453,.T.);
#4455=ORIENTED_EDGE('',*,*,#4454,.T.);
#4456=EDGE_LOOP('',(#4442,#4448,#4449,#4455));
#4457=FACE_OUTER_BOUND('',#4456,.T.);
#4458=ADVANCED_FACE('',(#4457),#4431,.T.);
#4459=CARTESIAN_POINT('',(-21.503069104436065,-32.402664726941666,2.1));
#4460=CARTESIAN_POINT('',(-21.503069104436065,-32.53065553875458,2.1));
#4461=CARTESIAN_POINT('',(-21.503069104436058,-32.785636601741807,1.996578985684751));
#4462=CARTESIAN_POINT('',(-21.503069104436065,-32.897893325536394,1.745362591619807));
#4463=CARTESIAN_POINT('',(-21.503069104436065,-32.902360140451215,1.61744974835125));
#4464=CARTESIAN_POINT('',(-21.704994893410273,-32.402664726941666,2.1));
#4465=CARTESIAN_POINT('',(-21.733741737071707,-32.529998025366098,2.099980164491901));
#4466=CARTESIAN_POINT('',(-21.790776281119953,-32.783717916052304,1.997692223817006));
#4467=CARTESIAN_POINT('',(-21.81625130778221,-32.896757691105478,1.748585214095467));
#4468=CARTESIAN_POINT('',(-21.817039419867278,-32.902223673033653,1.621357663885236));
#4469=CARTESIAN_POINT('',(-22.17681300951358,-32.238399916427824,2.1));
#4470=CARTESIAN_POINT('',(-22.271520184027125,-32.341593732674845,2.099977049891822));
#4471=CARTESIAN_POINT('',(-22.460033070189567,-32.547198962262406,1.999357314131642));
#4472=CARTESIAN_POINT('',(-22.54583289530721,-32.64073891853797,1.75346615033979));
#4473=CARTESIAN_POINT('',(-22.550770857967674,-32.64649278084071,1.627309812674884));
#4474=CARTESIAN_POINT('',(-22.402520848753248,-31.772447367923426,2.1));
#4475=CARTESIAN_POINT('',(-22.52963497604819,-31.810776492805338,2.099973552655868));
#4476=CARTESIAN_POINT('',(-22.782934475967384,-31.886822551536333,1.998063303194424));
#4477=CARTESIAN_POINT('',(-22.896235268106754,-31.92078925375268,1.749659421587354));
#4478=CARTESIAN_POINT('',(-22.902034305706053,-31.9218400698661,1.622660302396564));
#4479=CARTESIAN_POINT('',(-22.402520848753248,-31.503212982624479,2.1));
#4480=CARTESIAN_POINT('',(-22.530511660566166,-31.503212982624479,2.1));
#4481=CARTESIAN_POINT('',(-22.785492723553389,-31.503212982624476,1.996578985684751));
#4482=CARTESIAN_POINT('',(-22.89774944734798,-31.503212982624479,1.745362591619807));
#4483=CARTESIAN_POINT('',(-22.902216262262797,-31.503212982624479,1.61744974835125));
#4484=B_SPLINE_SURFACE_WITH_KNOTS('',3,3,((#4459,#4464,#4469,#4474,#4479),(#4460,#4465,#4470,#4475,#4480),(#4461,#4466,#4471,#4476,#4481),(#4462,#4467,#4472,#4477,#4482),(#4463,#4468,#4473,#4478,#4483)),.UNSPECIFIED.,.F.,.F.,.F.,(4,1,4),(4,1,4),(0.0,0.5,1.0),(-0.784789175811834,-0.112112739401691,0.784789175811834),.UNSPECIFIED.);
#4485=CARTESIAN_POINT('',(-21.503069104436065,-32.902360140451215,1.61744974835125));
#4486=VERTEX_POINT('',#4485);
#4487=CARTESIAN_POINT('',(-21.503069104436069,-32.402664726941666,2.1));
#4488=VERTEX_POINT('',#4487);
#4489=CARTESIAN_POINT('',(-21.503069104436065,-32.402664726941666,1.6));
#4490=DIRECTION('',(-1.0,0.0,0.0));
#4491=DIRECTION('',(0.0,-0.999390827019096,0.0348994967025));
#4492=AXIS2_PLACEMENT_3D('',#4489,#4490,#4491);
#4493=CIRCLE('',#4492,0.499999999999999);
#4494=EDGE_CURVE('',#4486,#4488,#4493,.T.);
#4495=ORIENTED_EDGE('',*,*,#4494,.T.);
#4496=CARTESIAN_POINT('',(-21.501972258884308,-31.502116137072726,2.1));
#4497=DIRECTION('',(3.505841E-034,3.505841E-034,-1.0));
#4498=DIRECTION('',(-0.707106781186547,-0.707106781186547,-4.958008E-034));
#4499=AXIS2_PLACEMENT_3D('',#4496,#4497,#4498);
#4500=ELLIPSE('',#4499,0.901096845755144,0.9);
#4501=EDGE_CURVE('',#4488,#4403,#4500,.T.);
#4502=ORIENTED_EDGE('',*,*,#4501,.T.);
#4503=ORIENTED_EDGE('',*,*,#4409,.F.);
#4504=CARTESIAN_POINT('',(-21.501972258884308,-31.502116137072722,1.6));
#4505=DIRECTION('',(0.012450249553381,0.012450249553381,0.999844979270345));
#4506=DIRECTION('',(-0.706997164977383,-0.706997164977386,0.017607311773321));
#4507=AXIS2_PLACEMENT_3D('',#4504,#4505,#4506);
#4508=ELLIPSE('',#4507,1.400705367102542,1.399999999999997);
#4509=EDGE_CURVE('',#4401,#4486,#4508,.T.);
#4510=ORIENTED_EDGE('',*,*,#4509,.T.);
#4511=EDGE_LOOP('',(#4495,#4502,#4503,#4510));
#4512=FACE_OUTER_BOUND('',#4511,.T.);
#4513=ADVANCED_FACE('',(#4512),#4484,.F.);
#4514=CARTESIAN_POINT('',(22.40607560626939,-31.503212982624476,2.1));
#4515=CARTESIAN_POINT('',(22.534066418082304,-31.503212982624476,2.1));
#4516=CARTESIAN_POINT('',(22.789047475518633,-31.503212982624483,1.99657897993663));
#4517=CARTESIAN_POINT('',(22.901304204864118,-31.503212982624476,1.745362591619808));
#4518=CARTESIAN_POINT('',(22.905771019778935,-31.503212982624476,1.617449748351251));
#4519=CARTESIAN_POINT('',(22.40607560626939,-31.705138771598683,2.1));
#4520=CARTESIAN_POINT('',(22.533408904693822,-31.733885615260121,2.099980164491901));
#4521=CARTESIAN_POINT('',(22.787128789829126,-31.790920159308378,1.997692218068885));
#4522=CARTESIAN_POINT('',(22.900168570433198,-31.816395185970624,1.748585214095468));
#4523=CARTESIAN_POINT('',(22.905634552361377,-31.817183298055692,1.621357663885236));
#4524=CARTESIAN_POINT('',(22.241810781730507,-32.176956876008603,2.1));
#4525=CARTESIAN_POINT('',(22.345004597133141,-32.271664050526248,2.099977048791129));
#4526=CARTESIAN_POINT('',(22.550609816891502,-32.4601769266961,1.999357308739863));
#4527=CARTESIAN_POINT('',(22.644149780435136,-32.545976762319349,1.753466149988334));
#4528=CARTESIAN_POINT('',(22.649903638369089,-32.550914717983758,1.62730981217715));
#4529=CARTESIAN_POINT('',(21.775858247251143,-32.402664726941659,2.1));
#4530=CARTESIAN_POINT('',(21.814187372133063,-32.529778854236596,2.099973552655868));
#4531=CARTESIAN_POINT('',(21.890233430864047,-32.783078348604896,1.998063297446303));
#4532=CARTESIAN_POINT('',(21.924200133080394,-32.89637914629516,1.749659421587354));
#4533=CARTESIAN_POINT('',(21.925250949193817,-32.902178183894463,1.622660302396564));
#4534=CARTESIAN_POINT('',(21.5066238619522,-32.402664726941659,2.1));
#4535=CARTESIAN_POINT('',(21.5066238619522,-32.530655538754573,2.1));
#4536=CARTESIAN_POINT('',(21.506623861952189,-32.785636596190898,1.99657897993663));
#4537=CARTESIAN_POINT('',(21.506623861952193,-32.897893325536387,1.745362591619807));
#4538=CARTESIAN_POINT('',(21.506623861952193,-32.902360140451201,1.61744974835125));
#4539=B_SPLINE_SURFACE_WITH_KNOTS('',3,3,((#4514,#4519,#4524,#4529,#4534),(#4515,#4520,#4525,#4530,#4535),(#4516,#4521,#4526,#4531,#4536),(#4517,#4522,#4527,#4532,#4537),(#4518,#4523,#4528,#4533,#4538)),.UNSPECIFIED.,.F.,.F.,.F.,(4,1,4),(4,1,4),(0.0,0.5,1.0),(-0.784789175811832,-0.112112739401687,0.784789175811841),.UNSPECIFIED.);
#4540=CARTESIAN_POINT('',(21.5066238619522,-32.402664726941659,2.1));
#4541=VERTEX_POINT('',#4540);
#4542=CARTESIAN_POINT('',(21.506623861952203,-32.902360140451201,1.61744974835125));
#4543=VERTEX_POINT('',#4542);
#4544=CARTESIAN_POINT('',(21.5066238619522,-32.402664726941659,1.6));
#4545=DIRECTION('',(1.0,0.0,0.0));
#4546=DIRECTION('',(0.0,0.0,1.0));
#4547=AXIS2_PLACEMENT_3D('',#4544,#4545,#4546);
#4548=CIRCLE('',#4547,0.5);
#4549=EDGE_CURVE('',#4541,#4543,#4548,.T.);
#4550=ORIENTED_EDGE('',*,*,#4549,.T.);
#4551=CARTESIAN_POINT('',(21.50552701640045,-31.502116137072722,1.6));
#4552=DIRECTION('',(-0.012450249553381,0.012450249553381,0.999844979270345));
#4553=DIRECTION('',(0.706997164977386,-0.706997164977383,0.017607311773321));
#4554=AXIS2_PLACEMENT_3D('',#4551,#4552,#4553);
#4555=ELLIPSE('',#4554,1.400705367102542,1.399999999999996);
#4556=EDGE_CURVE('',#4543,#4435,#4555,.T.);
#4557=ORIENTED_EDGE('',*,*,#4556,.T.);
#4558=ORIENTED_EDGE('',*,*,#4441,.F.);
#4559=CARTESIAN_POINT('',(21.50552701640045,-31.502116137072719,2.1));
#4560=DIRECTION('',(4.353078E-034,-4.353078E-034,-1.0));
#4561=DIRECTION('',(0.707106781186547,-0.707106781186547,6.156182E-034));
#4562=AXIS2_PLACEMENT_3D('',#4559,#4560,#4561);
#4563=ELLIPSE('',#4562,0.901096845755144,0.9);
#4564=EDGE_CURVE('',#4433,#4541,#4563,.T.);
#4565=ORIENTED_EDGE('',*,*,#4564,.T.);
#4566=EDGE_LOOP('',(#4550,#4557,#4558,#4565));
#4567=FACE_OUTER_BOUND('',#4566,.T.);
#4568=ADVANCED_FACE('',(#4567),#4539,.F.);
#4569=CARTESIAN_POINT('',(11.476777378758072,-32.402664726941659,1.6));
#4570=DIRECTION('',(-1.0,-1.935029E-016,-7.858919E-034));
#4571=DIRECTION('',(0.0,-0.694658370458994,0.719339800338655));
#4572=AXIS2_PLACEMENT_3D('',#4569,#4570,#4571);
#4573=CYLINDRICAL_SURFACE('',#4572,0.5);
#4574=ORIENTED_EDGE('',*,*,#4494,.F.);
#4575=CARTESIAN_POINT('',(-21.503069104436065,-32.902360140451208,1.61744974835125));
#4576=DIRECTION('',(1.0,0.0,0.0));
#4577=VECTOR('',#4576,43.009692966388272);
#4578=LINE('',#4575,#4577);
#4579=EDGE_CURVE('',#4486,#4543,#4578,.T.);
#4580=ORIENTED_EDGE('',*,*,#4579,.T.);
#4581=ORIENTED_EDGE('',*,*,#4549,.F.);
#4582=CARTESIAN_POINT('',(21.5066238619522,-32.402664726941659,2.1));
#4583=DIRECTION('',(-1.0,0.0,0.0));
#4584=VECTOR('',#4583,43.009692966388265);
#4585=LINE('',#4582,#4584);
#4586=EDGE_CURVE('',#4541,#4488,#4585,.T.);
#4587=ORIENTED_EDGE('',*,*,#4586,.T.);
#4588=EDGE_LOOP('',(#4574,#4580,#4581,#4587));
#4589=FACE_OUTER_BOUND('',#4588,.T.);
#4590=ADVANCED_FACE('',(#4589),#4573,.T.);
#4591=CARTESIAN_POINT('',(-21.522858997221476,-31.52300287540989,1.001882070722912));
#4592=DIRECTION('',(0.034878262742374,0.034878262742374,0.998782765958718));
#4593=DIRECTION('',(-0.706246066741666,-0.706246066741666,0.049325312202277));
#4594=AXIS2_PLACEMENT_3D('',#4591,#4592,#4593);
#4595=CYLINDRICAL_SURFACE('',#4594,1.4);
#4596=ORIENTED_EDGE('',*,*,#4509,.F.);
#4597=CARTESIAN_POINT('',(-22.948222621241925,-31.549219341603614,0.3));
#4598=VERTEX_POINT('',#4597);
#4599=CARTESIAN_POINT('',(-22.90221626226279,-31.503212982624479,1.61744974835125));
#4600=DIRECTION('',(-0.034878262742372,-0.034878262742372,-0.998782765958718));
#4601=VECTOR('',#4600,1.319055347422467);
#4602=LINE('',#4599,#4601);
#4603=EDGE_CURVE('',#4401,#4598,#4602,.T.);
#4604=ORIENTED_EDGE('',*,*,#4603,.T.);
#4605=CARTESIAN_POINT('',(-21.549075463415196,-32.948366499430342,0.3));
#4606=VERTEX_POINT('',#4605);
#4607=CARTESIAN_POINT('',(-21.547369259223579,-31.547513137411997,0.3));
#4608=DIRECTION('',(0.0,0.0,-1.0));
#4609=DIRECTION('',(-0.707106781186547,-0.707106781186547,0.0));
#4610=AXIS2_PLACEMENT_3D('',#4607,#4608,#4609);
#4611=ELLIPSE('',#4610,1.401706204508003,1.4);
#4612=EDGE_CURVE('',#4598,#4606,#4611,.F.);
#4613=ORIENTED_EDGE('',*,*,#4612,.T.);
#4614=CARTESIAN_POINT('',(-21.549075463415196,-32.94836649943035,0.3));
#4615=DIRECTION('',(0.034878262742372,0.034878262742374,0.998782765958718));
#4616=VECTOR('',#4615,1.319055347422467);
#4617=LINE('',#4614,#4616);
#4618=EDGE_CURVE('',#4606,#4486,#4617,.T.);
#4619=ORIENTED_EDGE('',*,*,#4618,.T.);
#4620=EDGE_LOOP('',(#4596,#4604,#4613,#4619));
#4621=FACE_OUTER_BOUND('',#4620,.T.);
#4622=ADVANCED_FACE('',(#4621),#4595,.T.);
#4623=CARTESIAN_POINT('',(-22.948222621241925,-32.94836649943035,0.3));
#4624=DIRECTION('',(-0.999390827019096,-1.346946E-016,0.0348994967025));
#4625=DIRECTION('',(0.0,-1.0,0.0));
#4626=AXIS2_PLACEMENT_3D('',#4623,#4624,#4625);
#4627=PLANE('',#4626);
#4628=ORIENTED_EDGE('',*,*,#4422,.F.);
#4629=CARTESIAN_POINT('',(-22.948222621241928,31.552486342742931,0.3));
#4630=VERTEX_POINT('',#4629);
#4631=CARTESIAN_POINT('',(-22.948222621241936,31.552486342742938,0.3));
#4632=DIRECTION('',(0.034878262742374,-0.034878262742374,0.998782765958718));
#4633=VECTOR('',#4632,1.319055347422467);
#4634=LINE('',#4631,#4633);
#4635=EDGE_CURVE('',#4630,#4312,#4634,.T.);
#4636=ORIENTED_EDGE('',*,*,#4635,.F.);
#4637=CARTESIAN_POINT('',(-22.948222621241921,-31.549219341603614,0.3));
#4638=DIRECTION('',(0.0,1.0,0.0));
#4639=VECTOR('',#4638,63.101705684346548);
#4640=LINE('',#4637,#4639);
#4641=EDGE_CURVE('',#4598,#4630,#4640,.T.);
#4642=ORIENTED_EDGE('',*,*,#4641,.F.);
#4643=ORIENTED_EDGE('',*,*,#4603,.F.);
#4644=EDGE_LOOP('',(#4628,#4636,#4642,#4643));
#4645=FACE_OUTER_BOUND('',#4644,.T.);
#4646=ADVANCED_FACE('',(#4645),#4627,.T.);
#4647=CARTESIAN_POINT('',(-21.510694065102221,31.514104944429956,1.350240148059543));
#4648=DIRECTION('',(0.034878262742374,-0.034878262742374,0.998782765958718));
#4649=DIRECTION('',(-0.706246066741668,0.706246066741664,0.049325312202277));
#4650=AXIS2_PLACEMENT_3D('',#4647,#4648,#4649);
#4651=CYLINDRICAL_SURFACE('',#4650,1.4);
#4652=ORIENTED_EDGE('',*,*,#4335,.F.);
#4653=CARTESIAN_POINT('',(-21.5490754634152,32.951633500569663,0.3));
#4654=VERTEX_POINT('',#4653);
#4655=CARTESIAN_POINT('',(-21.503069104436069,32.905627141590536,1.61744974835125));
#4656=DIRECTION('',(-0.034878262742374,0.034878262742369,-0.998782765958718));
#4657=VECTOR('',#4656,1.319055347422467);
#4658=LINE('',#4655,#4657);
#4659=EDGE_CURVE('',#4249,#4654,#4658,.T.);
#4660=ORIENTED_EDGE('',*,*,#4659,.T.);
#4661=CARTESIAN_POINT('',(-21.547369259223586,31.550780138551321,0.3));
#4662=DIRECTION('',(0.0,0.0,-1.0));
#4663=DIRECTION('',(-0.70710678118655,0.707106781186545,0.0));
#4664=AXIS2_PLACEMENT_3D('',#4661,#4662,#4663);
#4665=ELLIPSE('',#4664,1.401706204508003,1.4);
#4666=EDGE_CURVE('',#4654,#4630,#4665,.F.);
#4667=ORIENTED_EDGE('',*,*,#4666,.T.);
#4668=ORIENTED_EDGE('',*,*,#4635,.T.);
#4669=EDGE_LOOP('',(#4652,#4660,#4667,#4668));
#4670=FACE_OUTER_BOUND('',#4669,.T.);
#4671=ADVANCED_FACE('',(#4670),#4651,.T.);
#4672=CARTESIAN_POINT('',(-22.948222621241932,32.951633500569663,0.3));
#4673=DIRECTION('',(0.0,0.999390827019096,0.0348994967025));
#4674=DIRECTION('',(-1.0,0.0,0.0));
#4675=AXIS2_PLACEMENT_3D('',#4672,#4673,#4674);
#4676=PLANE('',#4675);
#4677=ORIENTED_EDGE('',*,*,#4280,.F.);
#4678=CARTESIAN_POINT('',(21.552630220931338,32.951633500569663,0.3));
#4679=VERTEX_POINT('',#4678);
#4680=CARTESIAN_POINT('',(21.552630220931334,32.951633500569663,0.3));
#4681=DIRECTION('',(-0.034878262742372,-0.034878262742374,0.998782765958718));
#4682=VECTOR('',#4681,1.319055347422467);
#4683=LINE('',#4680,#4682);
#4684=EDGE_CURVE('',#4679,#4268,#4683,.T.);
#4685=ORIENTED_EDGE('',*,*,#4684,.F.);
#4686=CARTESIAN_POINT('',(-21.549075463415203,32.951633500569663,0.3));
#4687=DIRECTION('',(1.0,0.0,0.0));
#4688=VECTOR('',#4687,43.101705684346541);
#4689=LINE('',#4686,#4688);
#4690=EDGE_CURVE('',#4654,#4679,#4689,.T.);
#4691=ORIENTED_EDGE('',*,*,#4690,.F.);
#4692=ORIENTED_EDGE('',*,*,#4659,.F.);
#4693=EDGE_LOOP('',(#4677,#4685,#4691,#4692));
#4694=FACE_OUTER_BOUND('',#4693,.T.);
#4695=ADVANCED_FACE('',(#4694),#4676,.T.);
#4696=CARTESIAN_POINT('',(0.001777378758069,0.001633500569662,2.1));
#4697=DIRECTION('',(0.0,0.0,1.0));
#4698=DIRECTION('',(1.0,0.0,0.0));
#4699=AXIS2_PLACEMENT_3D('',#4696,#4697,#4698);
#4700=PLANE('',#4699);
#4701=ORIENTED_EDGE('',*,*,#4265,.F.);
#4702=ORIENTED_EDGE('',*,*,#4327,.F.);
#4703=ORIENTED_EDGE('',*,*,#4415,.F.);
#4704=ORIENTED_EDGE('',*,*,#4501,.F.);
#4705=ORIENTED_EDGE('',*,*,#4586,.F.);
#4706=ORIENTED_EDGE('',*,*,#4564,.F.);
#4707=ORIENTED_EDGE('',*,*,#4454,.F.);
#4708=ORIENTED_EDGE('',*,*,#4390,.F.);
#4709=EDGE_LOOP('',(#4701,#4702,#4703,#4704,#4705,#4706,#4707,#4708));
#4710=FACE_OUTER_BOUND('',#4709,.T.);
#4711=ORIENTED_EDGE('',*,*,#4128,.T.);
#4712=ORIENTED_EDGE('',*,*,#4153,.F.);
#4713=ORIENTED_EDGE('',*,*,#4177,.T.);
#4714=CARTESIAN_POINT('',(22.001777378758067,31.501938087060122,2.1));
#4715=VERTEX_POINT('',#4714);
#4716=CARTESIAN_POINT('',(21.501472606608662,31.501328728420255,2.1));
#4717=DIRECTION('',(0.0,0.0,1.0));
#4718=DIRECTION('',(0.707106781186547,0.707106781186547,0.0));
#4719=AXIS2_PLACEMENT_3D('',#4716,#4717,#4718);
#4720=ELLIPSE('',#4719,0.500609358752858,0.5);
#4721=EDGE_CURVE('',#4715,#4166,#4720,.T.);
#4722=ORIENTED_EDGE('',*,*,#4721,.F.);
#4723=CARTESIAN_POINT('',(22.001777378758067,-31.498671085920794,2.1));
#4724=VERTEX_POINT('',#4723);
#4725=CARTESIAN_POINT('',(22.001777378758067,31.501938087060122,2.1));
#4726=DIRECTION('',(0.0,-1.0,0.0));
#4727=VECTOR('',#4726,63.000609172980916);
#4728=LINE('',#4725,#4727);
#4729=EDGE_CURVE('',#4715,#4724,#4728,.T.);
#4730=ORIENTED_EDGE('',*,*,#4729,.T.);
#4731=CARTESIAN_POINT('',(21.502081965248525,-31.998366499430336,2.1));
#4732=VERTEX_POINT('',#4731);
#4733=CARTESIAN_POINT('',(21.501472606608662,-31.49806172728093,2.1));
#4734=DIRECTION('',(0.0,0.0,1.0));
#4735=DIRECTION('',(0.707106781186547,-0.707106781186547,0.0));
#4736=AXIS2_PLACEMENT_3D('',#4733,#4734,#4735);
#4737=ELLIPSE('',#4736,0.500609358752858,0.5);
#4738=EDGE_CURVE('',#4732,#4724,#4737,.T.);
#4739=ORIENTED_EDGE('',*,*,#4738,.F.);
#4740=CARTESIAN_POINT('',(21.502081965248522,-31.998366499430333,2.1));
#4741=DIRECTION('',(-1.0,0.0,0.0));
#4742=VECTOR('',#4741,43.000609172980909);
#4743=LINE('',#4740,#4742);
#4744=EDGE_CURVE('',#4732,#4093,#4743,.T.);
#4745=ORIENTED_EDGE('',*,*,#4744,.T.);
#4746=ORIENTED_EDGE('',*,*,#4099,.F.);
#4747=EDGE_LOOP('',(#4711,#4712,#4713,#4722,#4730,#4739,#4745,#4746));
#4748=FACE_BOUND('',#4747,.T.);
#4749=ADVANCED_FACE('',(#4710,#4748),#4700,.T.);
#4750=CARTESIAN_POINT('',(-24.998222621241922,-34.998366499430354,0.0));
#4751=DIRECTION('',(6.213462E-016,-0.999390827019096,-0.034899496702501));
#4752=DIRECTION('',(-1.0,0.0,0.0));
#4753=AXIS2_PLACEMENT_3D('',#4750,#4751,#4752);
#4754=PLANE('',#4753);
#4755=ORIENTED_EDGE('',*,*,#3553,.F.);
#4756=ORIENTED_EDGE('',*,*,#3592,.F.);
#4757=CARTESIAN_POINT('',(-21.500354726675084,-34.998366499430354,0.0));
#4758=VERTEX_POINT('',#4757);
#4759=CARTESIAN_POINT('',(21.503909484191247,-34.998366499430318,0.0));
#4760=DIRECTION('',(-1.0,0.0,0.0));
#4761=VECTOR('',#4760,43.004264210866332);
#4762=LINE('',#4759,#4761);
#4763=EDGE_CURVE('',#3580,#4758,#4762,.T.);
#4764=ORIENTED_EDGE('',*,*,#4763,.T.);
#4765=CARTESIAN_POINT('',(-21.490323779577427,-34.988335552332686,-0.287248741756252));
#4766=DIRECTION('',(-0.034878262742375,-0.034878262742387,0.998782765958718));
#4767=VECTOR('',#4766,0.287598816826326);
#4768=LINE('',#4765,#4767);
#4769=EDGE_CURVE('',#3517,#4758,#4768,.T.);
#4770=ORIENTED_EDGE('',*,*,#4769,.F.);
#4771=EDGE_LOOP('',(#4755,#4756,#4764,#4770));
#4772=FACE_OUTER_BOUND('',#4771,.T.);
#4773=ADVANCED_FACE('',(#4772),#4754,.T.);
#4774=CARTESIAN_POINT('',(-21.462032596807632,-31.46217647499606,-0.975253978766594));
#4775=DIRECTION('',(0.034878262742375,0.034878262742375,-0.998782765958718));
#4776=DIRECTION('',(-0.706246066741666,-0.706246066741666,-0.049325312202278));
#4777=AXIS2_PLACEMENT_3D('',#4774,#4775,#4776);
#4778=CYLINDRICAL_SURFACE('',#4777,3.5);
#4779=ORIENTED_EDGE('',*,*,#3530,.F.);
#4780=ORIENTED_EDGE('',*,*,#4769,.T.);
#4781=CARTESIAN_POINT('',(-24.998222621241922,-31.50049860486352,0.0));
#4782=VERTEX_POINT('',#4781);
#4783=CARTESIAN_POINT('',(-21.496089216196047,-31.496233094384479,0.0));
#4784=DIRECTION('',(0.0,0.0,-1.0));
#4785=DIRECTION('',(-0.707106781186547,-0.707106781186547,0.0));
#4786=AXIS2_PLACEMENT_3D('',#4783,#4784,#4785);
#4787=ELLIPSE('',#4786,3.504265511270007,3.5);
#4788=EDGE_CURVE('',#4758,#4782,#4787,.T.);
#4789=ORIENTED_EDGE('',*,*,#4788,.T.);
#4790=CARTESIAN_POINT('',(-24.998222621241926,-31.50049860486352,0.0));
#4791=DIRECTION('',(0.034878262742375,0.034878262742375,-0.998782765958718));
#4792=VECTOR('',#4791,0.287598816826326);
#4793=LINE('',#4790,#4792);
#4794=EDGE_CURVE('',#4782,#3409,#4793,.T.);
#4795=ORIENTED_EDGE('',*,*,#4794,.T.);
#4796=EDGE_LOOP('',(#4779,#4780,#4789,#4795));
#4797=FACE_OUTER_BOUND('',#4796,.T.);
#4798=ADVANCED_FACE('',(#4797),#4778,.T.);
#4799=CARTESIAN_POINT('',(-21.474197528926901,31.477608408254618,-0.626895901429956));
#4800=DIRECTION('',(0.034878262742375,-0.034878262742375,-0.998782765958718));
#4801=DIRECTION('',(-0.706246066741667,0.706246066741665,-0.049325312202278));
#4802=AXIS2_PLACEMENT_3D('',#4799,#4800,#4801);
#4803=CYLINDRICAL_SURFACE('',#4802,3.5);
#4804=ORIENTED_EDGE('',*,*,#3356,.F.);
#4805=CARTESIAN_POINT('',(-24.99822262124194,31.503765606002819,0.0));
#4806=VERTEX_POINT('',#4805);
#4807=CARTESIAN_POINT('',(-24.988191674144275,31.493734658905151,-0.287248741756253));
#4808=DIRECTION('',(-0.034878262742375,0.034878262742375,0.998782765958718));
#4809=VECTOR('',#4808,0.287598816826326);
#4810=LINE('',#4807,#4809);
#4811=EDGE_CURVE('',#3343,#4806,#4810,.T.);
#4812=ORIENTED_EDGE('',*,*,#4811,.T.);
#4813=CARTESIAN_POINT('',(-21.496089216196058,31.499500095523771,0.0));
#4814=DIRECTION('',(0.0,0.0,-1.0));
#4815=DIRECTION('',(-0.707106781186548,0.707106781186547,0.0));
#4816=AXIS2_PLACEMENT_3D('',#4813,#4814,#4815);
#4817=ELLIPSE('',#4816,3.504265511270007,3.5);
#4818=EDGE_CURVE('',#4806,#3653,#4817,.T.);
#4819=ORIENTED_EDGE('',*,*,#4818,.T.);
#4820=ORIENTED_EDGE('',*,*,#3658,.T.);
#4821=EDGE_LOOP('',(#4804,#4812,#4819,#4820));
#4822=FACE_OUTER_BOUND('',#4821,.T.);
#4823=ADVANCED_FACE('',(#4822),#4803,.T.);
#4824=CARTESIAN_POINT('',(21.501777378758074,-31.498366499430333,0.0));
#4825=DIRECTION('',(0.0,0.0,1.0));
#4826=DIRECTION('',(0.707106781186547,-0.707106781186548,0.0));
#4827=AXIS2_PLACEMENT_3D('',#4824,#4825,#4826);
#4828=CYLINDRICAL_SURFACE('',#4827,3.200000000000001);
#4829=CARTESIAN_POINT('',(24.701777378758074,-31.498366499430333,0.3));
#4830=VERTEX_POINT('',#4829);
#4831=CARTESIAN_POINT('',(21.501777378758074,-34.698366499430335,0.3));
#4832=VERTEX_POINT('',#4831);
#4833=CARTESIAN_POINT('',(21.501777378758074,-31.498366499430333,0.3));
#4834=DIRECTION('',(0.0,0.0,-1.0));
#4835=DIRECTION('',(0.707106781186547,-0.707106781186548,0.0));
#4836=AXIS2_PLACEMENT_3D('',#4833,#4834,#4835);
#4837=CIRCLE('',#4836,3.200000000000001);
#4838=EDGE_CURVE('',#4830,#4832,#4837,.T.);
#4839=ORIENTED_EDGE('',*,*,#4838,.T.);
#4840=CARTESIAN_POINT('',(21.501777378758074,-34.698366499430335,0.0));
#4841=VERTEX_POINT('',#4840);
#4842=CARTESIAN_POINT('',(21.501777378758074,-34.698366499430335,0.3));
#4843=DIRECTION('',(0.0,0.0,-1.0));
#4844=VECTOR('',#4843,0.3);
#4845=LINE('',#4842,#4844);
#4846=EDGE_CURVE('',#4832,#4841,#4845,.T.);
#4847=ORIENTED_EDGE('',*,*,#4846,.T.);
#4848=CARTESIAN_POINT('',(24.701777378758067,-31.498366499430333,0.0));
#4849=VERTEX_POINT('',#4848);
#4850=CARTESIAN_POINT('',(21.501777378758074,-31.498366499430333,0.0));
#4851=DIRECTION('',(0.0,0.0,-1.0));
#4852=DIRECTION('',(0.707106781186547,-0.707106781186548,0.0));
#4853=AXIS2_PLACEMENT_3D('',#4850,#4851,#4852);
#4854=CIRCLE('',#4853,3.200000000000001);
#4855=EDGE_CURVE('',#4841,#4849,#4854,.F.);
#4856=ORIENTED_EDGE('',*,*,#4855,.T.);
#4857=CARTESIAN_POINT('',(24.701777378758074,-31.498366499430333,0.0));
#4858=DIRECTION('',(0.0,0.0,1.0));
#4859=VECTOR('',#4858,0.3);
#4860=LINE('',#4857,#4859);
#4861=EDGE_CURVE('',#4849,#4830,#4860,.T.);
#4862=ORIENTED_EDGE('',*,*,#4861,.T.);
#4863=EDGE_LOOP('',(#4839,#4847,#4856,#4862));
#4864=FACE_OUTER_BOUND('',#4863,.T.);
#4865=ADVANCED_FACE('',(#4864),#4828,.T.);
#4866=CARTESIAN_POINT('',(0.001777378758073,0.001633500569663,0.3));
#4867=DIRECTION('',(0.0,0.0,1.0));
#4868=DIRECTION('',(1.0,0.0,0.0));
#4869=AXIS2_PLACEMENT_3D('',#4866,#4867,#4868);
#4870=PLANE('',#4869);
#4871=ORIENTED_EDGE('',*,*,#4838,.F.);
#4872=CARTESIAN_POINT('',(24.701777378758077,31.501633500569657,0.3));
#4873=VERTEX_POINT('',#4872);
#4874=CARTESIAN_POINT('',(24.701777378758077,31.501633500569653,0.3));
#4875=DIRECTION('',(0.0,-1.0,0.0));
#4876=VECTOR('',#4875,62.999999999999986);
#4877=LINE('',#4874,#4876);
#4878=EDGE_CURVE('',#4873,#4830,#4877,.T.);
#4879=ORIENTED_EDGE('',*,*,#4878,.F.);
#4880=CARTESIAN_POINT('',(21.501777378758074,34.701633500569656,0.3));
#4881=VERTEX_POINT('',#4880);
#4882=CARTESIAN_POINT('',(21.501777378758078,31.501633500569657,0.3));
#4883=DIRECTION('',(0.0,0.0,-1.0));
#4884=DIRECTION('',(0.707106781186548,0.707106781186548,0.0));
#4885=AXIS2_PLACEMENT_3D('',#4882,#4883,#4884);
#4886=CIRCLE('',#4885,3.200000000000001);
#4887=EDGE_CURVE('',#4881,#4873,#4886,.T.);
#4888=ORIENTED_EDGE('',*,*,#4887,.F.);
#4889=CARTESIAN_POINT('',(-21.498222621241933,34.701633500569656,0.3));
#4890=VERTEX_POINT('',#4889);
#4891=CARTESIAN_POINT('',(-21.498222621241933,34.701633500569656,0.3));
#4892=DIRECTION('',(1.0,0.0,0.0));
#4893=VECTOR('',#4892,43.000000000000007);
#4894=LINE('',#4891,#4893);
#4895=EDGE_CURVE('',#4890,#4881,#4894,.T.);
#4896=ORIENTED_EDGE('',*,*,#4895,.F.);
#4897=CARTESIAN_POINT('',(-24.698222621241936,31.501633500569657,0.3));
#4898=VERTEX_POINT('',#4897);
#4899=CARTESIAN_POINT('',(-21.498222621241933,31.501633500569657,0.3));
#4900=DIRECTION('',(0.0,0.0,-1.0));
#4901=DIRECTION('',(-0.707106781186548,0.707106781186548,0.0));
#4902=AXIS2_PLACEMENT_3D('',#4899,#4900,#4901);
#4903=CIRCLE('',#4902,3.200000000000001);
#4904=EDGE_CURVE('',#4898,#4890,#4903,.T.);
#4905=ORIENTED_EDGE('',*,*,#4904,.F.);
#4906=CARTESIAN_POINT('',(-24.698222621241925,-31.49836649943034,0.3));
#4907=VERTEX_POINT('',#4906);
#4908=CARTESIAN_POINT('',(-24.698222621241925,-31.49836649943034,0.3));
#4909=DIRECTION('',(0.0,1.0,0.0));
#4910=VECTOR('',#4909,63.0);
#4911=LINE('',#4908,#4910);
#4912=EDGE_CURVE('',#4907,#4898,#4911,.T.);
#4913=ORIENTED_EDGE('',*,*,#4912,.F.);
#4914=CARTESIAN_POINT('',(-21.498222621241922,-34.698366499430342,0.3));
#4915=VERTEX_POINT('',#4914);
#4916=CARTESIAN_POINT('',(-21.498222621241922,-31.49836649943034,0.3));
#4917=DIRECTION('',(0.0,0.0,-1.0));
#4918=DIRECTION('',(-0.707106781186548,-0.707106781186548,0.0));
#4919=AXIS2_PLACEMENT_3D('',#4916,#4917,#4918);
#4920=CIRCLE('',#4919,3.200000000000001);
#4921=EDGE_CURVE('',#4915,#4907,#4920,.T.);
#4922=ORIENTED_EDGE('',*,*,#4921,.F.);
#4923=CARTESIAN_POINT('',(21.501777378758074,-34.698366499430335,0.3));
#4924=DIRECTION('',(-1.0,0.0,0.0));
#4925=VECTOR('',#4924,42.999999999999986);
#4926=LINE('',#4923,#4925);
#4927=EDGE_CURVE('',#4832,#4915,#4926,.T.);
#4928=ORIENTED_EDGE('',*,*,#4927,.F.);
#4929=EDGE_LOOP('',(#4871,#4879,#4888,#4896,#4905,#4913,#4922,#4928));
#4930=FACE_OUTER_BOUND('',#4929,.T.);
#4931=CARTESIAN_POINT('',(22.95177737875807,31.552486342742935,0.3));
#4932=VERTEX_POINT('',#4931);
#4933=CARTESIAN_POINT('',(22.95177737875807,-31.549219341603603,0.3));
#4934=VERTEX_POINT('',#4933);
#4935=CARTESIAN_POINT('',(22.95177737875807,31.552486342742935,0.3));
#4936=DIRECTION('',(0.0,-1.0,0.0));
#4937=VECTOR('',#4936,63.101705684346534);
#4938=LINE('',#4935,#4937);
#4939=EDGE_CURVE('',#4932,#4934,#4938,.T.);
#4940=ORIENTED_EDGE('',*,*,#4939,.T.);
#4941=CARTESIAN_POINT('',(21.552630220931338,-32.948366499430335,0.3));
#4942=VERTEX_POINT('',#4941);
#4943=CARTESIAN_POINT('',(21.550924016739721,-31.54751313741199,0.3));
#4944=DIRECTION('',(0.0,0.0,-1.0));
#4945=DIRECTION('',(0.707106781186547,-0.707106781186547,0.0));
#4946=AXIS2_PLACEMENT_3D('',#4943,#4944,#4945);
#4947=ELLIPSE('',#4946,1.401706204508003,1.4);
#4948=EDGE_CURVE('',#4942,#4934,#4947,.F.);
#4949=ORIENTED_EDGE('',*,*,#4948,.F.);
#4950=CARTESIAN_POINT('',(21.552630220931334,-32.948366499430335,0.3));
#4951=DIRECTION('',(-1.0,0.0,0.0));
#4952=VECTOR('',#4951,43.101705684346534);
#4953=LINE('',#4950,#4952);
#4954=EDGE_CURVE('',#4942,#4606,#4953,.T.);
#4955=ORIENTED_EDGE('',*,*,#4954,.T.);
#4956=ORIENTED_EDGE('',*,*,#4612,.F.);
#4957=ORIENTED_EDGE('',*,*,#4641,.T.);
#4958=ORIENTED_EDGE('',*,*,#4666,.F.);
#4959=ORIENTED_EDGE('',*,*,#4690,.T.);
#4960=CARTESIAN_POINT('',(21.550924016739721,31.550780138551318,0.3));
#4961=DIRECTION('',(0.0,0.0,-1.0));
#4962=DIRECTION('',(0.707106781186547,0.707106781186547,0.0));
#4963=AXIS2_PLACEMENT_3D('',#4960,#4961,#4962);
#4964=ELLIPSE('',#4963,1.401706204508003,1.4);
#4965=EDGE_CURVE('',#4932,#4679,#4964,.F.);
#4966=ORIENTED_EDGE('',*,*,#4965,.F.);
#4967=EDGE_LOOP('',(#4940,#4949,#4955,#4956,#4957,#4958,#4959,#4966));
#4968=FACE_BOUND('',#4967,.T.);
#4969=ADVANCED_FACE('',(#4930,#4968),#4870,.T.);
#4970=CARTESIAN_POINT('',(24.701777378758077,34.701633500569656,0.0));
#4971=DIRECTION('',(1.0,0.0,0.0));
#4972=DIRECTION('',(0.0,0.0,-1.0));
#4973=AXIS2_PLACEMENT_3D('',#4970,#4971,#4972);
#4974=PLANE('',#4973);
#4975=ORIENTED_EDGE('',*,*,#4861,.F.);
#4976=CARTESIAN_POINT('',(24.701777378758074,31.501633500569657,0.0));
#4977=VERTEX_POINT('',#4976);
#4978=CARTESIAN_POINT('',(24.701777378758074,31.501633500569657,0.0));
#4979=DIRECTION('',(0.0,-1.0,0.0));
#4980=VECTOR('',#4979,62.999999999999986);
#4981=LINE('',#4978,#4980);
#4982=EDGE_CURVE('',#4977,#4849,#4981,.T.);
#4983=ORIENTED_EDGE('',*,*,#4982,.F.);
#4984=CARTESIAN_POINT('',(24.701777378758077,31.501633500569657,0.3));
#4985=DIRECTION('',(0.0,0.0,-1.0));
#4986=VECTOR('',#4985,0.3);
#4987=LINE('',#4984,#4986);
#4988=EDGE_CURVE('',#4873,#4977,#4987,.T.);
#4989=ORIENTED_EDGE('',*,*,#4988,.F.);
#4990=ORIENTED_EDGE('',*,*,#4878,.T.);
#4991=EDGE_LOOP('',(#4975,#4983,#4989,#4990));
#4992=FACE_OUTER_BOUND('',#4991,.T.);
#4993=ADVANCED_FACE('',(#4992),#4974,.T.);
#4994=CARTESIAN_POINT('',(21.501777378758078,31.501633500569657,0.0));
#4995=DIRECTION('',(0.0,0.0,1.0));
#4996=DIRECTION('',(0.707106781186548,0.707106781186548,0.0));
#4997=AXIS2_PLACEMENT_3D('',#4994,#4995,#4996);
#4998=CYLINDRICAL_SURFACE('',#4997,3.200000000000001);
#4999=ORIENTED_EDGE('',*,*,#4887,.T.);
#5000=ORIENTED_EDGE('',*,*,#4988,.T.);
#5001=CARTESIAN_POINT('',(21.501777378758078,34.701633500569656,0.0));
#5002=VERTEX_POINT('',#5001);
#5003=CARTESIAN_POINT('',(21.501777378758078,31.501633500569657,0.0));
#5004=DIRECTION('',(0.0,0.0,-1.0));
#5005=DIRECTION('',(0.707106781186548,0.707106781186548,0.0));
#5006=AXIS2_PLACEMENT_3D('',#5003,#5004,#5005);
#5007=CIRCLE('',#5006,3.200000000000001);
#5008=EDGE_CURVE('',#4977,#5002,#5007,.F.);
#5009=ORIENTED_EDGE('',*,*,#5008,.T.);
#5010=CARTESIAN_POINT('',(21.501777378758078,34.701633500569656,0.0));
#5011=DIRECTION('',(0.0,0.0,1.0));
#5012=VECTOR('',#5011,0.3);
#5013=LINE('',#5010,#5012);
#5014=EDGE_CURVE('',#5002,#4881,#5013,.T.);
#5015=ORIENTED_EDGE('',*,*,#5014,.T.);
#5016=EDGE_LOOP('',(#4999,#5000,#5009,#5015));
#5017=FACE_OUTER_BOUND('',#5016,.T.);
#5018=ADVANCED_FACE('',(#5017),#4998,.T.);
#5019=CARTESIAN_POINT('',(-21.498222621241922,-31.49836649943034,0.0));
#5020=DIRECTION('',(0.0,0.0,1.0));
#5021=DIRECTION('',(-0.707106781186548,-0.707106781186548,0.0));
#5022=AXIS2_PLACEMENT_3D('',#5019,#5020,#5021);
#5023=CYLINDRICAL_SURFACE('',#5022,3.200000000000001);
#5024=ORIENTED_EDGE('',*,*,#4921,.T.);
#5025=CARTESIAN_POINT('',(-24.698222621241925,-31.49836649943034,0.0));
#5026=VERTEX_POINT('',#5025);
#5027=CARTESIAN_POINT('',(-24.698222621241925,-31.49836649943034,0.3));
#5028=DIRECTION('',(0.0,0.0,-1.0));
#5029=VECTOR('',#5028,0.3);
#5030=LINE('',#5027,#5029);
#5031=EDGE_CURVE('',#4907,#5026,#5030,.T.);
#5032=ORIENTED_EDGE('',*,*,#5031,.T.);
#5033=CARTESIAN_POINT('',(-21.498222621241922,-34.698366499430342,0.0));
#5034=VERTEX_POINT('',#5033);
#5035=CARTESIAN_POINT('',(-21.498222621241922,-31.49836649943034,0.0));
#5036=DIRECTION('',(0.0,0.0,-1.0));
#5037=DIRECTION('',(-0.707106781186548,-0.707106781186548,0.0));
#5038=AXIS2_PLACEMENT_3D('',#5035,#5036,#5037);
#5039=CIRCLE('',#5038,3.200000000000001);
#5040=EDGE_CURVE('',#5026,#5034,#5039,.F.);
#5041=ORIENTED_EDGE('',*,*,#5040,.T.);
#5042=CARTESIAN_POINT('',(-21.498222621241922,-34.698366499430342,0.0));
#5043=DIRECTION('',(0.0,0.0,1.0));
#5044=VECTOR('',#5043,0.3);
#5045=LINE('',#5042,#5044);
#5046=EDGE_CURVE('',#5034,#4915,#5045,.T.);
#5047=ORIENTED_EDGE('',*,*,#5046,.T.);
#5048=EDGE_LOOP('',(#5024,#5032,#5041,#5047));
#5049=FACE_OUTER_BOUND('',#5048,.T.);
#5050=ADVANCED_FACE('',(#5049),#5023,.T.);
#5051=CARTESIAN_POINT('',(-24.698222621241925,-34.698366499430342,0.0));
#5052=DIRECTION('',(-1.0,0.0,0.0));
#5053=DIRECTION('',(0.0,0.0,1.0));
#5054=AXIS2_PLACEMENT_3D('',#5051,#5052,#5053);
#5055=PLANE('',#5054);
#5056=ORIENTED_EDGE('',*,*,#5031,.F.);
#5057=ORIENTED_EDGE('',*,*,#4912,.T.);
#5058=CARTESIAN_POINT('',(-24.698222621241936,31.501633500569653,0.0));
#5059=VERTEX_POINT('',#5058);
#5060=CARTESIAN_POINT('',(-24.698222621241936,31.501633500569657,0.0));
#5061=DIRECTION('',(0.0,0.0,1.0));
#5062=VECTOR('',#5061,0.3);
#5063=LINE('',#5060,#5062);
#5064=EDGE_CURVE('',#5059,#4898,#5063,.T.);
#5065=ORIENTED_EDGE('',*,*,#5064,.F.);
#5066=CARTESIAN_POINT('',(-24.698222621241925,-31.49836649943034,0.0));
#5067=DIRECTION('',(0.0,1.0,0.0));
#5068=VECTOR('',#5067,62.999999999999986);
#5069=LINE('',#5066,#5068);
#5070=EDGE_CURVE('',#5026,#5059,#5069,.T.);
#5071=ORIENTED_EDGE('',*,*,#5070,.F.);
#5072=EDGE_LOOP('',(#5056,#5057,#5065,#5071));
#5073=FACE_OUTER_BOUND('',#5072,.T.);
#5074=ADVANCED_FACE('',(#5073),#5055,.T.);
#5075=CARTESIAN_POINT('',(-21.498222621241933,31.501633500569657,0.0));
#5076=DIRECTION('',(0.0,0.0,1.0));
#5077=DIRECTION('',(-0.707106781186548,0.707106781186548,0.0));
#5078=AXIS2_PLACEMENT_3D('',#5075,#5076,#5077);
#5079=CYLINDRICAL_SURFACE('',#5078,3.200000000000001);
#5080=ORIENTED_EDGE('',*,*,#4904,.T.);
#5081=CARTESIAN_POINT('',(-21.498222621241933,34.701633500569656,0.0));
#5082=VERTEX_POINT('',#5081);
#5083=CARTESIAN_POINT('',(-21.498222621241933,34.701633500569656,0.3));
#5084=DIRECTION('',(0.0,0.0,-1.0));
#5085=VECTOR('',#5084,0.3);
#5086=LINE('',#5083,#5085);
#5087=EDGE_CURVE('',#4890,#5082,#5086,.T.);
#5088=ORIENTED_EDGE('',*,*,#5087,.T.);
#5089=CARTESIAN_POINT('',(-21.498222621241933,31.501633500569657,0.0));
#5090=DIRECTION('',(0.0,0.0,-1.0));
#5091=DIRECTION('',(-0.707106781186548,0.707106781186548,0.0));
#5092=AXIS2_PLACEMENT_3D('',#5089,#5090,#5091);
#5093=CIRCLE('',#5092,3.200000000000001);
#5094=EDGE_CURVE('',#5082,#5059,#5093,.F.);
#5095=ORIENTED_EDGE('',*,*,#5094,.T.);
#5096=ORIENTED_EDGE('',*,*,#5064,.T.);
#5097=EDGE_LOOP('',(#5080,#5088,#5095,#5096));
#5098=FACE_OUTER_BOUND('',#5097,.T.);
#5099=ADVANCED_FACE('',(#5098),#5079,.T.);
#5100=CARTESIAN_POINT('',(21.514248822618356,-31.510837943290625,1.350240148059542));
#5101=DIRECTION('',(-0.034878262742374,0.034878262742374,0.998782765958718));
#5102=DIRECTION('',(0.706246066741666,-0.706246066741666,0.049325312202277));
#5103=AXIS2_PLACEMENT_3D('',#5100,#5101,#5102);
#5104=CYLINDRICAL_SURFACE('',#5103,1.4);
#5105=ORIENTED_EDGE('',*,*,#4556,.F.);
#5106=CARTESIAN_POINT('',(21.506623861952203,-32.902360140451208,1.61744974835125));
#5107=DIRECTION('',(0.034878262742374,-0.034878262742369,-0.998782765958718));
#5108=VECTOR('',#5107,1.319055347422467);
#5109=LINE('',#5106,#5108);
#5110=EDGE_CURVE('',#4543,#4942,#5109,.T.);
#5111=ORIENTED_EDGE('',*,*,#5110,.T.);
#5112=ORIENTED_EDGE('',*,*,#4948,.T.);
#5113=CARTESIAN_POINT('',(22.95177737875807,-31.549219341603607,0.3));
#5114=DIRECTION('',(-0.034878262742374,0.034878262742374,0.998782765958718));
#5115=VECTOR('',#5114,1.319055347422468);
#5116=LINE('',#5113,#5115);
#5117=EDGE_CURVE('',#4934,#4435,#5116,.T.);
#5118=ORIENTED_EDGE('',*,*,#5117,.T.);
#5119=EDGE_LOOP('',(#5105,#5111,#5112,#5118));
#5120=FACE_OUTER_BOUND('',#5119,.T.);
#5121=ADVANCED_FACE('',(#5120),#5104,.T.);
#5122=CARTESIAN_POINT('',(22.95177737875807,32.951633500569663,0.3));
#5123=DIRECTION('',(0.999390827019096,0.0,0.0348994967025));
#5124=DIRECTION('',(0.0,1.0,0.0));
#5125=AXIS2_PLACEMENT_3D('',#5122,#5123,#5124);
#5126=PLANE('',#5125);
#5127=ORIENTED_EDGE('',*,*,#4447,.F.);
#5128=ORIENTED_EDGE('',*,*,#5117,.F.);
#5129=ORIENTED_EDGE('',*,*,#4939,.F.);
#5130=CARTESIAN_POINT('',(22.905771019778935,31.5064799837638,1.61744974835125));
#5131=DIRECTION('',(0.034878262742372,0.034878262742372,-0.998782765958718));
#5132=VECTOR('',#5131,1.319055347422467);
#5133=LINE('',#5130,#5132);
#5134=EDGE_CURVE('',#4369,#4932,#5133,.T.);
#5135=ORIENTED_EDGE('',*,*,#5134,.F.);
#5136=EDGE_LOOP('',(#5127,#5128,#5129,#5135));
#5137=FACE_OUTER_BOUND('',#5136,.T.);
#5138=ADVANCED_FACE('',(#5137),#5126,.T.);
#5139=CARTESIAN_POINT('',(21.526413754737614,31.526269876549211,1.001882070722912));
#5140=DIRECTION('',(-0.034878262742374,-0.034878262742374,0.998782765958718));
#5141=DIRECTION('',(0.706246066741666,0.706246066741666,0.049325312202277));
#5142=AXIS2_PLACEMENT_3D('',#5139,#5140,#5141);
#5143=CYLINDRICAL_SURFACE('',#5142,1.4);
#5144=ORIENTED_EDGE('',*,*,#4382,.F.);
#5145=ORIENTED_EDGE('',*,*,#5134,.T.);
#5146=ORIENTED_EDGE('',*,*,#4965,.T.);
#5147=ORIENTED_EDGE('',*,*,#4684,.T.);
#5148=EDGE_LOOP('',(#5144,#5145,#5146,#5147));
#5149=FACE_OUTER_BOUND('',#5148,.T.);
#5150=ADVANCED_FACE('',(#5149),#5143,.T.);
#5151=CARTESIAN_POINT('',(21.463762058545456,31.463618180357045,1.020111194224403));
#5152=DIRECTION('',(-0.034878262742375,-0.034878262742375,-0.998782765958718));
#5153=DIRECTION('',(0.706246066741666,0.706246066741666,-0.049325312202279));
#5154=AXIS2_PLACEMENT_3D('',#5151,#5152,#5153);
#5155=CYLINDRICAL_SURFACE('',#5154,0.5);
#5156=ORIENTED_EDGE('',*,*,#3814,.F.);
#5157=CARTESIAN_POINT('',(21.91410983984478,31.414270548146828,-0.410469849010751));
#5158=DIRECTION('',(0.034878262742376,0.034878262742376,0.998782765958718));
#5159=VECTOR('',#5158,2.513529402563315);
#5160=LINE('',#5157,#5159);
#5161=EDGE_CURVE('',#3801,#4715,#5160,.T.);
#5162=ORIENTED_EDGE('',*,*,#5161,.T.);
#5163=ORIENTED_EDGE('',*,*,#4721,.T.);
#5164=ORIENTED_EDGE('',*,*,#4171,.T.);
#5165=EDGE_LOOP('',(#5156,#5162,#5163,#5164));
#5166=FACE_OUTER_BOUND('',#5165,.T.);
#5167=ADVANCED_FACE('',(#5166),#5155,.F.);
#5168=CARTESIAN_POINT('',(22.001777378758067,-31.998366499430336,2.1));
#5169=DIRECTION('',(0.999390827019096,-2.956814E-036,-0.034899496702502));
#5170=DIRECTION('',(0.0,-1.0,0.0));
#5171=AXIS2_PLACEMENT_3D('',#5168,#5169,#5170);
#5172=PLANE('',#5171);
#5173=ORIENTED_EDGE('',*,*,#3902,.F.);
#5174=CARTESIAN_POINT('',(22.001777378758067,-31.49867108592079,2.100000000000001));
#5175=DIRECTION('',(-0.034878262742376,0.034878262742376,-0.998782765958718));
#5176=VECTOR('',#5175,2.513529402563313);
#5177=LINE('',#5174,#5176);
#5178=EDGE_CURVE('',#4724,#3890,#5177,.T.);
#5179=ORIENTED_EDGE('',*,*,#5178,.F.);
#5180=ORIENTED_EDGE('',*,*,#4729,.F.);
#5181=ORIENTED_EDGE('',*,*,#5161,.F.);
#5182=EDGE_LOOP('',(#5173,#5179,#5180,#5181));
#5183=FACE_OUTER_BOUND('',#5182,.T.);
#5184=ADVANCED_FACE('',(#5183),#5172,.F.);
#5185=CARTESIAN_POINT('',(21.475926990664714,-31.472516111336979,1.368469271561047));
#5186=DIRECTION('',(-0.034878262742375,0.034878262742375,-0.998782765958718));
#5187=DIRECTION('',(0.706246066741666,-0.706246066741666,-0.049325312202279));
#5188=AXIS2_PLACEMENT_3D('',#5185,#5186,#5187);
#5189=CYLINDRICAL_SURFACE('',#5188,0.5);
#5190=ORIENTED_EDGE('',*,*,#3988,.F.);
#5191=CARTESIAN_POINT('',(21.414414426335235,-31.910698960517042,-0.410469849010752));
#5192=DIRECTION('',(0.034878262742376,-0.034878262742376,0.998782765958718));
#5193=VECTOR('',#5192,2.513529402563315);
#5194=LINE('',#5191,#5193);
#5195=EDGE_CURVE('',#3975,#4732,#5194,.T.);
#5196=ORIENTED_EDGE('',*,*,#5195,.T.);
#5197=ORIENTED_EDGE('',*,*,#4738,.T.);
#5198=ORIENTED_EDGE('',*,*,#5178,.T.);
#5199=EDGE_LOOP('',(#5190,#5196,#5197,#5198));
#5200=FACE_OUTER_BOUND('',#5199,.T.);
#5201=ADVANCED_FACE('',(#5200),#5189,.F.);
#5202=CARTESIAN_POINT('',(-21.998222621241922,-31.998366499430343,2.1));
#5203=DIRECTION('',(2.017358E-016,-0.999390827019096,-0.034899496702502));
#5204=DIRECTION('',(-1.0,0.0,0.0));
#5205=AXIS2_PLACEMENT_3D('',#5202,#5203,#5204);
#5206=PLANE('',#5205);
#5207=ORIENTED_EDGE('',*,*,#4073,.F.);
#5208=ORIENTED_EDGE('',*,*,#4105,.F.);
#5209=ORIENTED_EDGE('',*,*,#4744,.F.);
#5210=ORIENTED_EDGE('',*,*,#5195,.F.);
#5211=EDGE_LOOP('',(#5207,#5208,#5209,#5210));
#5212=FACE_OUTER_BOUND('',#5211,.T.);
#5213=ADVANCED_FACE('',(#5212),#5206,.F.);
#5214=CARTESIAN_POINT('',(19.251777378758067,-29.24836649943034,-2.0));
#5215=DIRECTION('',(0.0,0.0,-1.0));
#5216=DIRECTION('',(1.0,0.0,0.0));
#5217=AXIS2_PLACEMENT_3D('',#5214,#5215,#5216);
#5218=CONICAL_SURFACE('',#5217,2.7,44.999999999999993);
#5219=CARTESIAN_POINT('',(20.701777378758067,-29.24836649943034,-0.75));
#5220=VERTEX_POINT('',#5219);
#5221=CARTESIAN_POINT('',(19.251777378758067,-29.24836649943034,-0.75));
#5222=DIRECTION('',(0.0,0.0,-1.0));
#5223=DIRECTION('',(-1.0,0.0,0.0));
#5224=AXIS2_PLACEMENT_3D('',#5221,#5222,#5223);
#5225=CIRCLE('',#5224,1.45);
#5226=EDGE_CURVE('',#5220,#5220,#5225,.T.);
#5227=ORIENTED_EDGE('',*,*,#5226,.F.);
#5228=EDGE_LOOP('',(#5227));
#5229=FACE_OUTER_BOUND('',#5228,.T.);
#5230=CARTESIAN_POINT('',(16.551777378758068,-29.24836649943034,-2.0));
#5231=VERTEX_POINT('',#5230);
#5232=CARTESIAN_POINT('',(19.251777378758067,-29.24836649943034,-2.0));
#5233=DIRECTION('',(0.0,0.0,-1.0));
#5234=DIRECTION('',(1.0,0.0,0.0));
#5235=AXIS2_PLACEMENT_3D('',#5232,#5233,#5234);
#5236=CIRCLE('',#5235,2.7);
#5237=EDGE_CURVE('',#5231,#5231,#5236,.T.);
#5238=ORIENTED_EDGE('',*,*,#5237,.T.);
#5239=EDGE_LOOP('',(#5238));
#5240=FACE_BOUND('',#5239,.T.);
#5241=ADVANCED_FACE('',(#5229,#5240),#5218,.F.);
#5242=CARTESIAN_POINT('',(19.251777378758067,29.251633500569664,-2.0));
#5243=DIRECTION('',(0.0,0.0,-1.0));
#5244=DIRECTION('',(1.0,0.0,0.0));
#5245=AXIS2_PLACEMENT_3D('',#5242,#5243,#5244);
#5246=CONICAL_SURFACE('',#5245,2.7,44.999999999999993);
#5247=CARTESIAN_POINT('',(20.701777378758067,29.251633500569664,-0.75));
#5248=VERTEX_POINT('',#5247);
#5249=CARTESIAN_POINT('',(19.251777378758067,29.251633500569664,-0.75));
#5250=DIRECTION('',(0.0,0.0,-1.0));
#5251=DIRECTION('',(-1.0,0.0,0.0));
#5252=AXIS2_PLACEMENT_3D('',#5249,#5250,#5251);
#5253=CIRCLE('',#5252,1.45);
#5254=EDGE_CURVE('',#5248,#5248,#5253,.T.);
#5255=ORIENTED_EDGE('',*,*,#5254,.F.);
#5256=EDGE_LOOP('',(#5255));
#5257=FACE_OUTER_BOUND('',#5256,.T.);
#5258=CARTESIAN_POINT('',(16.551777378758068,29.251633500569664,-2.0));
#5259=VERTEX_POINT('',#5258);
#5260=CARTESIAN_POINT('',(19.251777378758067,29.251633500569664,-2.0));
#5261=DIRECTION('',(0.0,0.0,-1.0));
#5262=DIRECTION('',(1.0,0.0,0.0));
#5263=AXIS2_PLACEMENT_3D('',#5260,#5261,#5262);
#5264=CIRCLE('',#5263,2.7);
#5265=EDGE_CURVE('',#5259,#5259,#5264,.T.);
#5266=ORIENTED_EDGE('',*,*,#5265,.T.);
#5267=EDGE_LOOP('',(#5266));
#5268=FACE_BOUND('',#5267,.T.);
#5269=ADVANCED_FACE('',(#5257,#5268),#5246,.F.);
#5270=CARTESIAN_POINT('',(-19.248222621241933,29.251633500569664,-2.0));
#5271=DIRECTION('',(0.0,0.0,-1.0));
#5272=DIRECTION('',(1.0,0.0,0.0));
#5273=AXIS2_PLACEMENT_3D('',#5270,#5271,#5272);
#5274=CONICAL_SURFACE('',#5273,2.7,44.999999999999993);
#5275=CARTESIAN_POINT('',(-17.798222621241933,29.251633500569664,-0.75));
#5276=VERTEX_POINT('',#5275);
#5277=CARTESIAN_POINT('',(-19.248222621241933,29.251633500569664,-0.75));
#5278=DIRECTION('',(0.0,0.0,-1.0));
#5279=DIRECTION('',(-1.0,0.0,0.0));
#5280=AXIS2_PLACEMENT_3D('',#5277,#5278,#5279);
#5281=CIRCLE('',#5280,1.45);
#5282=EDGE_CURVE('',#5276,#5276,#5281,.T.);
#5283=ORIENTED_EDGE('',*,*,#5282,.F.);
#5284=EDGE_LOOP('',(#5283));
#5285=FACE_OUTER_BOUND('',#5284,.T.);
#5286=CARTESIAN_POINT('',(-21.948222621241932,29.251633500569664,-2.0));
#5287=VERTEX_POINT('',#5286);
#5288=CARTESIAN_POINT('',(-19.248222621241933,29.251633500569664,-2.0));
#5289=DIRECTION('',(0.0,0.0,-1.0));
#5290=DIRECTION('',(1.0,0.0,0.0));
#5291=AXIS2_PLACEMENT_3D('',#5288,#5289,#5290);
#5292=CIRCLE('',#5291,2.7);
#5293=EDGE_CURVE('',#5287,#5287,#5292,.T.);
#5294=ORIENTED_EDGE('',*,*,#5293,.T.);
#5295=EDGE_LOOP('',(#5294));
#5296=FACE_BOUND('',#5295,.T.);
#5297=ADVANCED_FACE('',(#5285,#5296),#5274,.F.);
#5298=CARTESIAN_POINT('',(-19.248222621241933,-29.24836649943034,-2.0));
#5299=DIRECTION('',(0.0,0.0,-1.0));
#5300=DIRECTION('',(1.0,0.0,0.0));
#5301=AXIS2_PLACEMENT_3D('',#5298,#5299,#5300);
#5302=CONICAL_SURFACE('',#5301,2.7,44.999999999999993);
#5303=CARTESIAN_POINT('',(-17.798222621241933,-29.24836649943034,-0.75));
#5304=VERTEX_POINT('',#5303);
#5305=CARTESIAN_POINT('',(-19.248222621241933,-29.24836649943034,-0.75));
#5306=DIRECTION('',(0.0,0.0,-1.0));
#5307=DIRECTION('',(-1.0,0.0,0.0));
#5308=AXIS2_PLACEMENT_3D('',#5305,#5306,#5307);
#5309=CIRCLE('',#5308,1.45);
#5310=EDGE_CURVE('',#5304,#5304,#5309,.T.);
#5311=ORIENTED_EDGE('',*,*,#5310,.F.);
#5312=EDGE_LOOP('',(#5311));
#5313=FACE_OUTER_BOUND('',#5312,.T.);
#5314=CARTESIAN_POINT('',(-21.948222621241932,-29.24836649943034,-2.0));
#5315=VERTEX_POINT('',#5314);
#5316=CARTESIAN_POINT('',(-19.248222621241933,-29.24836649943034,-2.0));
#5317=DIRECTION('',(0.0,0.0,-1.0));
#5318=DIRECTION('',(1.0,0.0,0.0));
#5319=AXIS2_PLACEMENT_3D('',#5316,#5317,#5318);
#5320=CIRCLE('',#5319,2.7);
#5321=EDGE_CURVE('',#5315,#5315,#5320,.T.);
#5322=ORIENTED_EDGE('',*,*,#5321,.T.);
#5323=EDGE_LOOP('',(#5322));
#5324=FACE_BOUND('',#5323,.T.);
#5325=ADVANCED_FACE('',(#5313,#5324),#5302,.F.);
#5326=CARTESIAN_POINT('',(19.251777378758067,-29.24836649943034,-2.7));
#5327=DIRECTION('',(0.0,0.0,1.0));
#5328=DIRECTION('',(1.0,0.0,0.0));
#5329=AXIS2_PLACEMENT_3D('',#5326,#5327,#5328);
#5330=CYLINDRICAL_SURFACE('',#5329,2.7);
#5331=ORIENTED_EDGE('',*,*,#5237,.F.);
#5332=EDGE_LOOP('',(#5331));
#5333=FACE_OUTER_BOUND('',#5332,.T.);
#5334=ORIENTED_EDGE('',*,*,#3725,.F.);
#5335=EDGE_LOOP('',(#5334));
#5336=FACE_BOUND('',#5335,.T.);
#5337=ADVANCED_FACE('',(#5333,#5336),#5330,.F.);
#5338=CARTESIAN_POINT('',(19.251777378758067,29.251633500569664,-2.7));
#5339=DIRECTION('',(0.0,0.0,1.0));
#5340=DIRECTION('',(1.0,0.0,0.0));
#5341=AXIS2_PLACEMENT_3D('',#5338,#5339,#5340);
#5342=CYLINDRICAL_SURFACE('',#5341,2.7);
#5343=ORIENTED_EDGE('',*,*,#5265,.F.);
#5344=EDGE_LOOP('',(#5343));
#5345=FACE_OUTER_BOUND('',#5344,.T.);
#5346=ORIENTED_EDGE('',*,*,#3714,.F.);
#5347=EDGE_LOOP('',(#5346));
#5348=FACE_BOUND('',#5347,.T.);
#5349=ADVANCED_FACE('',(#5345,#5348),#5342,.F.);
#5350=CARTESIAN_POINT('',(-19.248222621241933,29.251633500569664,-2.7));
#5351=DIRECTION('',(0.0,0.0,1.0));
#5352=DIRECTION('',(1.0,0.0,0.0));
#5353=AXIS2_PLACEMENT_3D('',#5350,#5351,#5352);
#5354=CYLINDRICAL_SURFACE('',#5353,2.7);
#5355=ORIENTED_EDGE('',*,*,#5293,.F.);
#5356=EDGE_LOOP('',(#5355));
#5357=FACE_OUTER_BOUND('',#5356,.T.);
#5358=ORIENTED_EDGE('',*,*,#3703,.F.);
#5359=EDGE_LOOP('',(#5358));
#5360=FACE_BOUND('',#5359,.T.);
#5361=ADVANCED_FACE('',(#5357,#5360),#5354,.F.);
#5362=CARTESIAN_POINT('',(-19.248222621241933,-29.24836649943034,-2.7));
#5363=DIRECTION('',(0.0,0.0,1.0));
#5364=DIRECTION('',(1.0,0.0,0.0));
#5365=AXIS2_PLACEMENT_3D('',#5362,#5363,#5364);
#5366=CYLINDRICAL_SURFACE('',#5365,2.7);
#5367=ORIENTED_EDGE('',*,*,#5321,.F.);
#5368=EDGE_LOOP('',(#5367));
#5369=FACE_OUTER_BOUND('',#5368,.T.);
#5370=ORIENTED_EDGE('',*,*,#3692,.F.);
#5371=EDGE_LOOP('',(#5370));
#5372=FACE_BOUND('',#5371,.T.);
#5373=ADVANCED_FACE('',(#5369,#5372),#5366,.F.);
#5374=CARTESIAN_POINT('',(-19.248222621241933,-29.24836649943034,2.3));
#5375=DIRECTION('',(0.0,0.0,-1.0));
#5376=DIRECTION('',(-1.0,0.0,0.0));
#5377=AXIS2_PLACEMENT_3D('',#5374,#5375,#5376);
#5378=CYLINDRICAL_SURFACE('',#5377,1.45);
#5379=ORIENTED_EDGE('',*,*,#5310,.T.);
#5380=EDGE_LOOP('',(#5379));
#5381=FACE_OUTER_BOUND('',#5380,.T.);
#5382=CARTESIAN_POINT('',(-17.798222621241933,-29.24836649943034,2.3));
#5383=VERTEX_POINT('',#5382);
#5384=CARTESIAN_POINT('',(-19.248222621241933,-29.24836649943034,2.3));
#5385=DIRECTION('',(0.0,0.0,-1.0));
#5386=DIRECTION('',(-1.0,0.0,0.0));
#5387=AXIS2_PLACEMENT_3D('',#5384,#5385,#5386);
#5388=CIRCLE('',#5387,1.45);
#5389=EDGE_CURVE('',#5383,#5383,#5388,.T.);
#5390=ORIENTED_EDGE('',*,*,#5389,.F.);
#5391=EDGE_LOOP('',(#5390));
#5392=FACE_BOUND('',#5391,.T.);
#5393=ADVANCED_FACE('',(#5381,#5392),#5378,.F.);
#5394=CARTESIAN_POINT('',(-19.248222621241933,29.251633500569664,2.3));
#5395=DIRECTION('',(0.0,0.0,-1.0));
#5396=DIRECTION('',(-1.0,0.0,0.0));
#5397=AXIS2_PLACEMENT_3D('',#5394,#5395,#5396);
#5398=CYLINDRICAL_SURFACE('',#5397,1.45);
#5399=ORIENTED_EDGE('',*,*,#5282,.T.);
#5400=EDGE_LOOP('',(#5399));
#5401=FACE_OUTER_BOUND('',#5400,.T.);
#5402=CARTESIAN_POINT('',(-17.798222621241933,29.251633500569664,2.3));
#5403=VERTEX_POINT('',#5402);
#5404=CARTESIAN_POINT('',(-19.248222621241933,29.251633500569664,2.3));
#5405=DIRECTION('',(0.0,0.0,-1.0));
#5406=DIRECTION('',(-1.0,0.0,0.0));
#5407=AXIS2_PLACEMENT_3D('',#5404,#5405,#5406);
#5408=CIRCLE('',#5407,1.45);
#5409=EDGE_CURVE('',#5403,#5403,#5408,.T.);
#5410=ORIENTED_EDGE('',*,*,#5409,.F.);
#5411=EDGE_LOOP('',(#5410));
#5412=FACE_BOUND('',#5411,.T.);
#5413=ADVANCED_FACE('',(#5401,#5412),#5398,.F.);
#5414=CARTESIAN_POINT('',(19.251777378758067,29.251633500569664,2.3));
#5415=DIRECTION('',(0.0,0.0,-1.0));
#5416=DIRECTION('',(-1.0,0.0,0.0));
#5417=AXIS2_PLACEMENT_3D('',#5414,#5415,#5416);
#5418=CYLINDRICAL_SURFACE('',#5417,1.45);
#5419=ORIENTED_EDGE('',*,*,#5254,.T.);
#5420=EDGE_LOOP('',(#5419));
#5421=FACE_OUTER_BOUND('',#5420,.T.);
#5422=CARTESIAN_POINT('',(20.701777378758067,29.251633500569664,2.3));
#5423=VERTEX_POINT('',#5422);
#5424=CARTESIAN_POINT('',(19.251777378758067,29.251633500569664,2.3));
#5425=DIRECTION('',(0.0,0.0,-1.0));
#5426=DIRECTION('',(-1.0,0.0,0.0));
#5427=AXIS2_PLACEMENT_3D('',#5424,#5425,#5426);
#5428=CIRCLE('',#5427,1.45);
#5429=EDGE_CURVE('',#5423,#5423,#5428,.T.);
#5430=ORIENTED_EDGE('',*,*,#5429,.F.);
#5431=EDGE_LOOP('',(#5430));
#5432=FACE_BOUND('',#5431,.T.);
#5433=ADVANCED_FACE('',(#5421,#5432),#5418,.F.);
#5434=CARTESIAN_POINT('',(19.251777378758067,-29.24836649943034,2.3));
#5435=DIRECTION('',(0.0,0.0,-1.0));
#5436=DIRECTION('',(-1.0,0.0,0.0));
#5437=AXIS2_PLACEMENT_3D('',#5434,#5435,#5436);
#5438=CYLINDRICAL_SURFACE('',#5437,1.45);
#5439=ORIENTED_EDGE('',*,*,#5226,.T.);
#5440=EDGE_LOOP('',(#5439));
#5441=FACE_OUTER_BOUND('',#5440,.T.);
#5442=CARTESIAN_POINT('',(20.701777378758067,-29.24836649943034,2.3));
#5443=VERTEX_POINT('',#5442);
#5444=CARTESIAN_POINT('',(19.251777378758067,-29.24836649943034,2.3));
#5445=DIRECTION('',(0.0,0.0,-1.0));
#5446=DIRECTION('',(-1.0,0.0,0.0));
#5447=AXIS2_PLACEMENT_3D('',#5444,#5445,#5446);
#5448=CIRCLE('',#5447,1.45);
#5449=EDGE_CURVE('',#5443,#5443,#5448,.T.);
#5450=ORIENTED_EDGE('',*,*,#5449,.F.);
#5451=EDGE_LOOP('',(#5450));
#5452=FACE_BOUND('',#5451,.T.);
#5453=ADVANCED_FACE('',(#5441,#5452),#5438,.F.);
#5454=CARTESIAN_POINT('',(-19.248222621241933,-29.24836649943034,-0.7));
#5455=DIRECTION('',(0.0,0.0,1.0));
#5456=DIRECTION('',(-1.0,0.0,0.0));
#5457=AXIS2_PLACEMENT_3D('',#5454,#5455,#5456);
#5458=CYLINDRICAL_SURFACE('',#5457,2.25);
#5459=CARTESIAN_POINT('',(-16.998222621241933,-29.24836649943034,2.3));
#5460=VERTEX_POINT('',#5459);
#5461=CARTESIAN_POINT('',(-19.248222621241933,-29.24836649943034,2.3));
#5462=DIRECTION('',(0.0,0.0,-1.0));
#5463=DIRECTION('',(-1.0,0.0,0.0));
#5464=AXIS2_PLACEMENT_3D('',#5461,#5462,#5463);
#5465=CIRCLE('',#5464,2.25);
#5466=EDGE_CURVE('',#5460,#5460,#5465,.T.);
#5467=ORIENTED_EDGE('',*,*,#5466,.T.);
#5468=EDGE_LOOP('',(#5467));
#5469=FACE_OUTER_BOUND('',#5468,.T.);
#5470=ORIENTED_EDGE('',*,*,#4205,.F.);
#5471=EDGE_LOOP('',(#5470));
#5472=FACE_BOUND('',#5471,.T.);
#5473=ADVANCED_FACE('',(#5469,#5472),#5458,.T.);
#5474=CARTESIAN_POINT('',(-19.248222621241933,-29.24836649943034,2.3));
#5475=DIRECTION('',(0.0,0.0,-1.0));
#5476=DIRECTION('',(-1.0,0.0,0.0));
#5477=AXIS2_PLACEMENT_3D('',#5474,#5475,#5476);
#5478=PLANE('',#5477);
#5479=ORIENTED_EDGE('',*,*,#5466,.F.);
#5480=EDGE_LOOP('',(#5479));
#5481=FACE_OUTER_BOUND('',#5480,.T.);
#5482=ORIENTED_EDGE('',*,*,#5389,.T.);
#5483=EDGE_LOOP('',(#5482));
#5484=FACE_BOUND('',#5483,.T.);
#5485=ADVANCED_FACE('',(#5481,#5484),#5478,.F.);
#5486=CARTESIAN_POINT('',(-19.248222621241933,29.251633500569664,-0.7));
#5487=DIRECTION('',(0.0,0.0,1.0));
#5488=DIRECTION('',(-1.0,0.0,0.0));
#5489=AXIS2_PLACEMENT_3D('',#5486,#5487,#5488);
#5490=CYLINDRICAL_SURFACE('',#5489,2.25);
#5491=CARTESIAN_POINT('',(-16.998222621241933,29.251633500569664,2.3));
#5492=VERTEX_POINT('',#5491);
#5493=CARTESIAN_POINT('',(-19.248222621241933,29.251633500569664,2.3));
#5494=DIRECTION('',(0.0,0.0,-1.0));
#5495=DIRECTION('',(-1.0,0.0,0.0));
#5496=AXIS2_PLACEMENT_3D('',#5493,#5494,#5495);
#5497=CIRCLE('',#5496,2.25);
#5498=EDGE_CURVE('',#5492,#5492,#5497,.T.);
#5499=ORIENTED_EDGE('',*,*,#5498,.T.);
#5500=EDGE_LOOP('',(#5499));
#5501=FACE_OUTER_BOUND('',#5500,.T.);
#5502=ORIENTED_EDGE('',*,*,#4216,.F.);
#5503=EDGE_LOOP('',(#5502));
#5504=FACE_BOUND('',#5503,.T.);
#5505=ADVANCED_FACE('',(#5501,#5504),#5490,.T.);
#5506=CARTESIAN_POINT('',(-19.248222621241933,29.251633500569664,2.3));
#5507=DIRECTION('',(0.0,0.0,-1.0));
#5508=DIRECTION('',(-1.0,0.0,0.0));
#5509=AXIS2_PLACEMENT_3D('',#5506,#5507,#5508);
#5510=PLANE('',#5509);
#5511=ORIENTED_EDGE('',*,*,#5498,.F.);
#5512=EDGE_LOOP('',(#5511));
#5513=FACE_OUTER_BOUND('',#5512,.T.);
#5514=ORIENTED_EDGE('',*,*,#5409,.T.);
#5515=EDGE_LOOP('',(#5514));
#5516=FACE_BOUND('',#5515,.T.);
#5517=ADVANCED_FACE('',(#5513,#5516),#5510,.F.);
#5518=CARTESIAN_POINT('',(19.251777378758067,29.251633500569664,-0.7));
#5519=DIRECTION('',(0.0,0.0,1.0));
#5520=DIRECTION('',(-1.0,0.0,0.0));
#5521=AXIS2_PLACEMENT_3D('',#5518,#5519,#5520);
#5522=CYLINDRICAL_SURFACE('',#5521,2.25);
#5523=CARTESIAN_POINT('',(21.501777378758071,29.251633500569664,2.3));
#5524=VERTEX_POINT('',#5523);
#5525=CARTESIAN_POINT('',(19.251777378758067,29.251633500569664,2.3));
#5526=DIRECTION('',(0.0,0.0,-1.0));
#5527=DIRECTION('',(-1.0,0.0,0.0));
#5528=AXIS2_PLACEMENT_3D('',#5525,#5526,#5527);
#5529=CIRCLE('',#5528,2.25);
#5530=EDGE_CURVE('',#5524,#5524,#5529,.T.);
#5531=ORIENTED_EDGE('',*,*,#5530,.T.);
#5532=EDGE_LOOP('',(#5531));
#5533=FACE_OUTER_BOUND('',#5532,.T.);
#5534=ORIENTED_EDGE('',*,*,#4227,.F.);
#5535=EDGE_LOOP('',(#5534));
#5536=FACE_BOUND('',#5535,.T.);
#5537=ADVANCED_FACE('',(#5533,#5536),#5522,.T.);
#5538=CARTESIAN_POINT('',(19.251777378758067,29.251633500569664,2.3));
#5539=DIRECTION('',(0.0,0.0,-1.0));
#5540=DIRECTION('',(-1.0,0.0,0.0));
#5541=AXIS2_PLACEMENT_3D('',#5538,#5539,#5540);
#5542=PLANE('',#5541);
#5543=ORIENTED_EDGE('',*,*,#5530,.F.);
#5544=EDGE_LOOP('',(#5543));
#5545=FACE_OUTER_BOUND('',#5544,.T.);
#5546=ORIENTED_EDGE('',*,*,#5429,.T.);
#5547=EDGE_LOOP('',(#5546));
#5548=FACE_BOUND('',#5547,.T.);
#5549=ADVANCED_FACE('',(#5545,#5548),#5542,.F.);
#5550=CARTESIAN_POINT('',(19.251777378758067,-29.24836649943034,-0.7));
#5551=DIRECTION('',(0.0,0.0,1.0));
#5552=DIRECTION('',(-1.0,0.0,0.0));
#5553=AXIS2_PLACEMENT_3D('',#5550,#5551,#5552);
#5554=CYLINDRICAL_SURFACE('',#5553,2.25);
#5555=CARTESIAN_POINT('',(21.501777378758071,-29.24836649943034,2.3));
#5556=VERTEX_POINT('',#5555);
#5557=CARTESIAN_POINT('',(19.251777378758067,-29.24836649943034,2.3));
#5558=DIRECTION('',(0.0,0.0,-1.0));
#5559=DIRECTION('',(-1.0,0.0,0.0));
#5560=AXIS2_PLACEMENT_3D('',#5557,#5558,#5559);
#5561=CIRCLE('',#5560,2.25);
#5562=EDGE_CURVE('',#5556,#5556,#5561,.T.);
#5563=ORIENTED_EDGE('',*,*,#5562,.T.);
#5564=EDGE_LOOP('',(#5563));
#5565=FACE_OUTER_BOUND('',#5564,.T.);
#5566=ORIENTED_EDGE('',*,*,#4238,.F.);
#5567=EDGE_LOOP('',(#5566));
#5568=FACE_BOUND('',#5567,.T.);
#5569=ADVANCED_FACE('',(#5565,#5568),#5554,.T.);
#5570=CARTESIAN_POINT('',(19.251777378758067,-29.24836649943034,2.3));
#5571=DIRECTION('',(0.0,0.0,-1.0));
#5572=DIRECTION('',(-1.0,0.0,0.0));
#5573=AXIS2_PLACEMENT_3D('',#5570,#5571,#5572);
#5574=PLANE('',#5573);
#5575=ORIENTED_EDGE('',*,*,#5562,.F.);
#5576=EDGE_LOOP('',(#5575));
#5577=FACE_OUTER_BOUND('',#5576,.T.);
#5578=ORIENTED_EDGE('',*,*,#5449,.T.);
#5579=EDGE_LOOP('',(#5578));
#5580=FACE_BOUND('',#5579,.T.);
#5581=ADVANCED_FACE('',(#5577,#5580),#5574,.F.);
#5582=CARTESIAN_POINT('',(22.95177737875807,-32.948366499430335,0.3));
#5583=DIRECTION('',(1.933850E-016,-0.999390827019096,0.0348994967025));
#5584=DIRECTION('',(1.0,0.0,0.0));
#5585=AXIS2_PLACEMENT_3D('',#5582,#5583,#5584);
#5586=PLANE('',#5585);
#5587=ORIENTED_EDGE('',*,*,#4579,.F.);
#5588=ORIENTED_EDGE('',*,*,#4618,.F.);
#5589=ORIENTED_EDGE('',*,*,#4954,.F.);
#5590=ORIENTED_EDGE('',*,*,#5110,.F.);
#5591=EDGE_LOOP('',(#5587,#5588,#5589,#5590));
#5592=FACE_OUTER_BOUND('',#5591,.T.);
#5593=ADVANCED_FACE('',(#5592),#5586,.T.);
#5594=CARTESIAN_POINT('',(24.701777378758074,-34.698366499430335,0.0));
#5595=DIRECTION('',(0.0,-1.0,0.0));
#5596=DIRECTION('',(0.0,0.0,-1.0));
#5597=AXIS2_PLACEMENT_3D('',#5594,#5595,#5596);
#5598=PLANE('',#5597);
#5599=ORIENTED_EDGE('',*,*,#4846,.F.);
#5600=ORIENTED_EDGE('',*,*,#4927,.T.);
#5601=ORIENTED_EDGE('',*,*,#5046,.F.);
#5602=CARTESIAN_POINT('',(21.501777378758071,-34.698366499430335,0.0));
#5603=DIRECTION('',(-1.0,0.0,0.0));
#5604=VECTOR('',#5603,42.999999999999993);
#5605=LINE('',#5602,#5604);
#5606=EDGE_CURVE('',#4841,#5034,#5605,.T.);
#5607=ORIENTED_EDGE('',*,*,#5606,.F.);
#5608=EDGE_LOOP('',(#5599,#5600,#5601,#5607));
#5609=FACE_OUTER_BOUND('',#5608,.T.);
#5610=ADVANCED_FACE('',(#5609),#5598,.T.);
#5611=CARTESIAN_POINT('',(-24.698222621241936,34.701633500569656,0.0));
#5612=DIRECTION('',(0.0,1.0,0.0));
#5613=DIRECTION('',(0.0,0.0,1.0));
#5614=AXIS2_PLACEMENT_3D('',#5611,#5612,#5613);
#5615=PLANE('',#5614);
#5616=ORIENTED_EDGE('',*,*,#5014,.F.);
#5617=CARTESIAN_POINT('',(-21.498222621241936,34.701633500569656,0.0));
#5618=DIRECTION('',(1.0,0.0,0.0));
#5619=VECTOR('',#5618,43.000000000000014);
#5620=LINE('',#5617,#5619);
#5621=EDGE_CURVE('',#5082,#5002,#5620,.T.);
#5622=ORIENTED_EDGE('',*,*,#5621,.F.);
#5623=ORIENTED_EDGE('',*,*,#5087,.F.);
#5624=ORIENTED_EDGE('',*,*,#4895,.T.);
#5625=EDGE_LOOP('',(#5616,#5622,#5623,#5624));
#5626=FACE_OUTER_BOUND('',#5625,.T.);
#5627=ADVANCED_FACE('',(#5626),#5615,.T.);
#5628=CARTESIAN_POINT('',(-24.99822262124194,35.001633500569646,0.0));
#5629=DIRECTION('',(-0.999390827019096,-2.536107E-016,-0.034899496702501));
#5630=DIRECTION('',(0.0,1.0,0.0));
#5631=AXIS2_PLACEMENT_3D('',#5628,#5629,#5630);
#5632=PLANE('',#5631);
#5633=ORIENTED_EDGE('',*,*,#3421,.F.);
#5634=ORIENTED_EDGE('',*,*,#4794,.F.);
#5635=CARTESIAN_POINT('',(-24.998222621241922,-31.500498604863523,0.0));
#5636=DIRECTION('',(0.0,1.0,0.0));
#5637=VECTOR('',#5636,63.004264210866332);
#5638=LINE('',#5635,#5637);
#5639=EDGE_CURVE('',#4782,#4806,#5638,.T.);
#5640=ORIENTED_EDGE('',*,*,#5639,.T.);
#5641=ORIENTED_EDGE('',*,*,#4811,.F.);
#5642=EDGE_LOOP('',(#5633,#5634,#5640,#5641));
#5643=FACE_OUTER_BOUND('',#5642,.T.);
#5644=ADVANCED_FACE('',(#5643),#5632,.T.);
#5645=CARTESIAN_POINT('',(0.001777378758069,0.00163350056966,0.0));
#5646=DIRECTION('',(0.0,0.0,1.0));
#5647=DIRECTION('',(1.0,0.0,0.0));
#5648=AXIS2_PLACEMENT_3D('',#5645,#5646,#5647);
#5649=PLANE('',#5648);
#5650=ORIENTED_EDGE('',*,*,#3586,.F.);
#5651=ORIENTED_EDGE('',*,*,#3615,.F.);
#5652=ORIENTED_EDGE('',*,*,#3640,.F.);
#5653=ORIENTED_EDGE('',*,*,#3664,.F.);
#5654=ORIENTED_EDGE('',*,*,#4818,.F.);
#5655=ORIENTED_EDGE('',*,*,#5639,.F.);
#5656=ORIENTED_EDGE('',*,*,#4788,.F.);
#5657=ORIENTED_EDGE('',*,*,#4763,.F.);
#5658=EDGE_LOOP('',(#5650,#5651,#5652,#5653,#5654,#5655,#5656,#5657));
#5659=FACE_OUTER_BOUND('',#5658,.T.);
#5660=ORIENTED_EDGE('',*,*,#4982,.T.);
#5661=ORIENTED_EDGE('',*,*,#4855,.F.);
#5662=ORIENTED_EDGE('',*,*,#5606,.T.);
#5663=ORIENTED_EDGE('',*,*,#5040,.F.);
#5664=ORIENTED_EDGE('',*,*,#5070,.T.);
#5665=ORIENTED_EDGE('',*,*,#5094,.F.);
#5666=ORIENTED_EDGE('',*,*,#5621,.T.);
#5667=ORIENTED_EDGE('',*,*,#5008,.F.);
#5668=EDGE_LOOP('',(#5660,#5661,#5662,#5663,#5664,#5665,#5666,#5667));
#5669=FACE_BOUND('',#5668,.T.);
#5670=ADVANCED_FACE('',(#5659,#5669),#5649,.T.);
#5671=CLOSED_SHELL('',(#3258,#3313,#3368,#3400,#3432,#3487,#3542,#3564,#3596,#3620,#3645,#3669,#3729,#3771,#3826,#3881,#3913,#3945,#4000,#4055,#4077,#4109,#4133,#4158,#4182,#4242,#4284,#4339,#4394,#4426,#4458,#4513,#4568,#4590,#4622,#4646,#4671,#4695,#4749,#4773,#4798,#4823,#4865,#4969,#4993,#5018,#5050,#5074,#5099,#5121,#5138,#5150,#5167,#5184,#5201,#5213,#5241,#5269,#5297,#5325,#5337,#5349,#5361,#5373,#5393,#5413,#5433,#5453,#5473,#5485,#5505,#5517,#5537,#5549,#5569,#5581,#5593,#5610,#5627,#5644,#5670));
#5672=MANIFOLD_SOLID_BREP('\X2\30BD30EA30C330C9\X0\1',#5671);
#5673=STYLED_ITEM('',(#3137),#5672);
#5674=ADVANCED_BREP_SHAPE_REPRESENTATION('ABSR',(#5672),#3185);
#5675=SHAPE_REPRESENTATION_RELATIONSHIP('SRR','None',#5674,#3190);
#5676=GROUP('\X2\FFFD\X0\X\X2\FFFD\X0\P\X2\FFFD\X0\b\X2\FFFD\X0\`5',$);
#5677=APPLIED_GROUP_ASSIGNMENT(#5676,(#5707,#5746,#5778,#5810));
#5683=(NAMED_UNIT(*)PLANE_ANGLE_UNIT()SI_UNIT($,.RADIAN.));
#5684=DIMENSIONAL_EXPONENTS(0.0,0.0,0.0,0.0,0.0,0.0,0.0);
#5685=PLANE_ANGLE_MEASURE_WITH_UNIT(PLANE_ANGLE_MEASURE(0.0174532925),#5683);
#5689=(CONVERSION_BASED_UNIT('DEGREE',#5685)NAMED_UNIT(#5684)PLANE_ANGLE_UNIT());
#5693=(NAMED_UNIT(*)SI_UNIT($,.STERADIAN.)SOLID_ANGLE_UNIT());
#5697=(LENGTH_UNIT()NAMED_UNIT(*)SI_UNIT(.MILLI.,.METRE.));
#5699=UNCERTAINTY_MEASURE_WITH_UNIT(LENGTH_MEASURE(0.000001),#5697,'DISTANCE_ACCURACY_VALUE','');
#5701=(GEOMETRIC_REPRESENTATION_CONTEXT(3)GLOBAL_UNCERTAINTY_ASSIGNED_CONTEXT((#5699))GLOBAL_UNIT_ASSIGNED_CONTEXT((#5689,#5693,#5697))REPRESENTATION_CONTEXT('','3D'));
#5702=CARTESIAN_POINT('',(21.90399922418117,31.903855345992763,-0.7));
#5703=DIRECTION('',(-1.0,0.0,0.0));
#5704=VECTOR('',#5703,43.804443690846206);
#5705=LINE('',#5702,#5704);
#5706=CARTESIAN_POINT('',(-21.900444466665036,31.903855345992767,-0.7));
#5707=TRIMMED_CURVE('',#5705,(PARAMETER_VALUE(0.0),#5702),(PARAMETER_VALUE(1.0),#5706),.T.,.PARAMETER.);
#5708=COLOUR_RGB('',0.227450996637344,0.580392181873322,0.341176509857178);
#5709=DRAUGHTING_PRE_DEFINED_CURVE_FONT('continuous');
#5710=CURVE_STYLE('',#5709,POSITIVE_LENGTH_MEASURE(0.1),#5708);
#5711=PRESENTATION_STYLE_ASSIGNMENT((#5710));
#5712=STYLED_ITEM('',(#5711),#5707);
#5713=MECHANICAL_DESIGN_GEOMETRIC_PRESENTATION_REPRESENTATION('',(#5712),#5701);
#5714=GEOMETRIC_SET('GEOSET',(#5707,#5746,#5778,#5810));
#5715=GEOMETRICALLY_BOUNDED_SURFACE_SHAPE_REPRESENTATION('GBSSR',(#5714),#3185);
#5716=SHAPE_REPRESENTATION_RELATIONSHIP('SRR','None',#5715,#3190);
#5722=(NAMED_UNIT(*)PLANE_ANGLE_UNIT()SI_UNIT($,.RADIAN.));
#5723=DIMENSIONAL_EXPONENTS(0.0,0.0,0.0,0.0,0.0,0.0,0.0);
#5724=PLANE_ANGLE_MEASURE_WITH_UNIT(PLANE_ANGLE_MEASURE(0.0174532925),#5722);
#5728=(CONVERSION_BASED_UNIT('DEGREE',#5724)NAMED_UNIT(#5723)PLANE_ANGLE_UNIT());
#5732=(NAMED_UNIT(*)SI_UNIT($,.STERADIAN.)SOLID_ANGLE_UNIT());
#5736=(LENGTH_UNIT()NAMED_UNIT(*)SI_UNIT(.MILLI.,.METRE.));
#5738=UNCERTAINTY_MEASURE_WITH_UNIT(LENGTH_MEASURE(0.000001),#5736,'DISTANCE_ACCURACY_VALUE','');
#5740=(GEOMETRIC_REPRESENTATION_CONTEXT(3)GLOBAL_UNCERTAINTY_ASSIGNED_CONTEXT((#5738))GLOBAL_UNIT_ASSIGNED_CONTEXT((#5728,#5732,#5736))REPRESENTATION_CONTEXT('','3D'));
#5741=CARTESIAN_POINT('',(21.90399922418117,-31.900588344853439,-0.7));
#5742=DIRECTION('',(0.0,1.0,0.0));
#5743=VECTOR('',#5742,63.804443690846206);
#5744=LINE('',#5741,#5743);
#5745=CARTESIAN_POINT('',(21.90399922418117,31.903855345992767,-0.7));
#5746=TRIMMED_CURVE('',#5744,(PARAMETER_VALUE(0.0),#5741),(PARAMETER_VALUE(1.0),#5745),.T.,.PARAMETER.);
#5747=STYLED_ITEM('',(#5711),#5746);
#5748=MECHANICAL_DESIGN_GEOMETRIC_PRESENTATION_REPRESENTATION('',(#5747),#5740);
#5754=(NAMED_UNIT(*)PLANE_ANGLE_UNIT()SI_UNIT($,.RADIAN.));
#5755=DIMENSIONAL_EXPONENTS(0.0,0.0,0.0,0.0,0.0,0.0,0.0);
#5756=PLANE_ANGLE_MEASURE_WITH_UNIT(PLANE_ANGLE_MEASURE(0.0174532925),#5754);
#5760=(CONVERSION_BASED_UNIT('DEGREE',#5756)NAMED_UNIT(#5755)PLANE_ANGLE_UNIT());
#5764=(NAMED_UNIT(*)SI_UNIT($,.STERADIAN.)SOLID_ANGLE_UNIT());
#5768=(LENGTH_UNIT()NAMED_UNIT(*)SI_UNIT(.MILLI.,.METRE.));
#5770=UNCERTAINTY_MEASURE_WITH_UNIT(LENGTH_MEASURE(0.000001),#5768,'DISTANCE_ACCURACY_VALUE','');
#5772=(GEOMETRIC_REPRESENTATION_CONTEXT(3)GLOBAL_UNCERTAINTY_ASSIGNED_CONTEXT((#5770))GLOBAL_UNIT_ASSIGNED_CONTEXT((#5760,#5764,#5768))REPRESENTATION_CONTEXT('','3D'));
#5773=CARTESIAN_POINT('',(-21.900444466665029,-31.900588344853439,-0.7));
#5774=DIRECTION('',(1.0,0.0,0.0));
#5775=VECTOR('',#5774,43.804443690846199);
#5776=LINE('',#5773,#5775);
#5777=CARTESIAN_POINT('',(21.90399922418117,-31.900588344853439,-0.7));
#5778=TRIMMED_CURVE('',#5776,(PARAMETER_VALUE(0.0),#5773),(PARAMETER_VALUE(1.0),#5777),.T.,.PARAMETER.);
#5779=STYLED_ITEM('',(#5711),#5778);
#5780=MECHANICAL_DESIGN_GEOMETRIC_PRESENTATION_REPRESENTATION('',(#5779),#5772);
#5786=(NAMED_UNIT(*)PLANE_ANGLE_UNIT()SI_UNIT($,.RADIAN.));
#5787=DIMENSIONAL_EXPONENTS(0.0,0.0,0.0,0.0,0.0,0.0,0.0);
#5788=PLANE_ANGLE_MEASURE_WITH_UNIT(PLANE_ANGLE_MEASURE(0.0174532925),#5786);
#5792=(CONVERSION_BASED_UNIT('DEGREE',#5788)NAMED_UNIT(#5787)PLANE_ANGLE_UNIT());
#5796=(NAMED_UNIT(*)SI_UNIT($,.STERADIAN.)SOLID_ANGLE_UNIT());
#5800=(LENGTH_UNIT()NAMED_UNIT(*)SI_UNIT(.MILLI.,.METRE.));
#5802=UNCERTAINTY_MEASURE_WITH_UNIT(LENGTH_MEASURE(0.000001),#5800,'DISTANCE_ACCURACY_VALUE','');
#5804=(GEOMETRIC_REPRESENTATION_CONTEXT(3)GLOBAL_UNCERTAINTY_ASSIGNED_CONTEXT((#5802))GLOBAL_UNIT_ASSIGNED_CONTEXT((#5792,#5796,#5800))REPRESENTATION_CONTEXT('','3D'));
#5805=CARTESIAN_POINT('',(-21.900444466665032,31.903855345992767,-0.7));
#5806=DIRECTION('',(0.0,-1.0,0.0));
#5807=VECTOR('',#5806,63.804443690846213);
#5808=LINE('',#5805,#5807);
#5809=CARTESIAN_POINT('',(-21.900444466665029,-31.900588344853446,-0.7));
#5810=TRIMMED_CURVE('',#5808,(PARAMETER_VALUE(0.0),#5805),(PARAMETER_VALUE(1.0),#5809),.T.,.PARAMETER.);
#5811=STYLED_ITEM('',(#5711),#5810);
#5812=MECHANICAL_DESIGN_GEOMETRIC_PRESENTATION_REPRESENTATION('',(#5811),#5804);
#5813=AXIS2_PLACEMENT_3D('',#5814,#5815,#5816);
#5814=CARTESIAN_POINT('',(-0.001777378758054,-0.001633500569642,-0.3));
#5815=DIRECTION('',(0.0,0.0,1.0));
#5816=DIRECTION('',(0.999999999999999,-5.551115E-017,0.0));
#5817=NEXT_ASSEMBLY_USAGE_OCCURRENCE('tw5-3-7(\X2\4E0AFF76FF8AFF9EFF70\X0\):1','tw5-3-7(\X2\4E0AFF76FF8AFF9EFF70\X0\):1','tw5-3-7(\X2\4E0AFF76FF8AFF9EFF70\X0\):1',#12,#3161,'tw5-3-7(\X2\4E0AFF76FF8AFF9EFF70\X0\):1');
#5818=PRODUCT_DEFINITION_SHAPE('tw5-3-7(\X2\4E0AFF76FF8AFF9EFF70\X0\):1','tw5-3-7(\X2\4E0AFF76FF8AFF9EFF70\X0\):1',#5817);
#5819=ITEM_DEFINED_TRANSFORMATION('tw5-3-7(\X2\4E0AFF76FF8AFF9EFF70\X0\):1','tw5-3-7(\X2\4E0AFF76FF8AFF9EFF70\X0\):1',#3186,#5813);
#5823=(REPRESENTATION_RELATIONSHIP('tw5-3-7(\X2\4E0AFF76FF8AFF9EFF70\X0\):1','tw5-3-7(\X2\4E0AFF76FF8AFF9EFF70\X0\):1',#3190,#41)REPRESENTATION_RELATIONSHIP_WITH_TRANSFORMATION(#5819)SHAPE_REPRESENTATION_RELATIONSHIP());
#5824=CONTEXT_DEPENDENT_SHAPE_REPRESENTATION(#5823,#5818);
ENDSEC;
END-ISO-10303-21;
